# Resource object code (Python 3)
# Created by: object code
# Created by: The Resource Compiler for Qt version 6.11.2
# WARNING! All changes made in this file will be lost!

from PySide6 import QtCore

qt_resource_data = b"\
\x00\x00*\x07\
\x89\
PNG\x0d\x0a\x1a\x0a\x00\x00\x00\x0dIHDR\x00\
\x00\x02\x00\x00\x00\x02\x00\x08\x06\x00\x00\x00\xf4x\xd4\xfa\
\x00\x00\x00\x09pHYs\x00\x00tK\x00\x00tK\
\x01\xd7\xa8Nq\x00\x00\x00\x19tEXtSof\
tware\x00www.inksca\
pe.org\x9b\xee<\x1a\x00\x00 \x00ID\
ATx\x9c\xed\xddW\xb0_W\x95\xe7\xf1\xefUp\
\x92\x03\xce\xb2$\xe7\x80\x8d\x92s\xc06\x19\x1c\xc0C\
h\xee<LMS\xe5\x80\x08\xae\x86y\xa1\xe5\x9ay\
\x81\x9a\x17\xb9\x007P\x05Xbl\x0a\xbb\x9a\x87+\
\x9c$K62r\x90\xe5\x9c\xe4\x1cp\x06\x9c\xc0\x92\
-'\x09\xdb\xd2<l\xfe-Y(\xdcp\xf6Y\xe7\
\xec\xf3\xfdT\xad\xea\xae\xea\x97\xf5\xdf\xa2Y{\xfd\xee\
\xff\x7f\x0eH\x92$I\x92$I\x92\xa4\x02\xf5E7\
\xd02;\x00\xbb\xff\xe3\x7f_\x0d\xbc\x02\xbc\x1b\xd7\x8e\
$I\xcaa/\xe0\x5c`\x1e\xf0\x02\xb0v#\xf58\
p1\xf0e`lL\x9b\x92$\xa9\x0a\x07\x00\xbf\x05\
\xfe\xce\xc6\x87\xfe\xa6\xeae`&\xb0M\xfd-K\x92\
\xa4\xe1\xea\x03\xbe\x03\xbc\xc9\xd0\x06\xff\x86\xf54pJ\
\xcd\xbdK\x92\xa4a\xd8\x0a\xb8\x94\x91\x0d\xfe\x0dk\x00\
\xd8\xa5\xce\x0f!I\x92\x06ok\xe0\x0fT;\xfc{\
\xf5g\xe0\xf3\xf5}\x14I\x924\x18\xa3\x80\xb9\xe4\x19\
\xfe\xeb\xd7o\x80\x9dk\xfaL\x92$i\x0bf\x92\x7f\
\xf8\xf7\xea%\xe0_\xea\xf9X\x92$iS&\x03\xab\
\xa8\xef\x02\xd0\xab\xdf\x02\xbb\xd5\xf0\xf9$I\xd2F\x5c\
M\xfd\xc3\xbfW/\x03\xfd\xf9?\xa2$IZ\xdf\xb1\
\xc4\x0d\xff\xf5k\x00\xd8#\xf3g\x95$I\xffp!\
\xf1\xc3\xbfW\xcb\x81\x19y?\xae$I\x1a\x0d\xbcJ\
\xfc\xe0\xdf\xb0\xae\x00\xc6g\xfc\xdc\x92$u\xda4\xe2\
\x87\xfd\xa6j\x05\xa6\x01\x92$eq&\xf1\x83~K\
5\x1f\x98\x98\xeb\x00$I\xdd6*\xba\x81 \x13\xa2\
\x1b\x18\x84/\x00\x0f\x93\xd2\x00_\xdb,I\xaaTW\
/\x00;E70H;\x01\xb3\x81\x85\xc0\xde\xc1\xbd\
H\x92\x0a\xd2\xd5\x0b\xc0\x98\xe8\x06\x86\xe8T\xe0!\xe0\
\xbbt\xf7\xdfL\x92T!\x87I{\xec\x08\xfc\x04\xb8\
\x1188\xb6\x15IR\xdby\x01h\x9f\x93\x81e\xa4\
w\x18\xf8\xef'I\x1a\x16\x07H;m\x07\xcc\x02\x96\
\x00\x87\x04\xf7\x22Ij!/\x00\xedv\x22\xeb\xd2\x80\
\xd1\xc1\xbdH\x92Z\xc4\x0b@\xfbmKJ\x03n\x06\
\x0e\x0d\xeeE\x92\xd4\x12^\x00\xcaq\x02p\x1f\xa6\x01\
\x92\xa4A\xf0\x02P\x96mHi\xc0R\xe0#\xc1\xbd\
H\x92\x1a\xcc\x0b@\x99\x8e'}7`\x1606\xb8\
\x17IR\x03y\x01(\xd7X\xd2\x9f\x03\xee\x02\x8e\x08\
\xeeE\x92\xd40^\x00\xca7\x1d\xb8\x83\x94\x06l\x15\
\xdc\x8b$\xa9!\xbc\x00tC/\x0d\xb8\x1b8*\xb8\
\x17IR\x03x\x01\xe8\x96\xa9\xc0\xed\xa44`\xeb\xe0\
^$I\x81\xbc\x00t\xcf\x18\xd6\xa5\x01\xc7\x04\xf7\x22\
I\x0a\xe2\x05\xa0\xbb\xa6\x00\xb7b\x1a I\x9d\xe4\x05\
\xa0\xdbzi\xc0\xbd\xc0q\xc1\xbdH\x92j\xe4\x05@\
\x90\x1e\x1at+0\x1b\x18\x17\xdc\x8b$\xa9\x06^\x00\
\xd43\x0a\x98\x01\xdc\x0f|\x22\xb6\x15IRn^\x00\
\xb4\xa1\x03\x81\xebIi\xc0\xf6\xc1\xbdH\x922\xf1\x02\
\xa0\x8d\xe9#\xa5\x01\x0f\x00\x9f\x0a\xeeE\x92\x94\x81\x17\
\x00m\xce\xfe\xc0\x1fHi\xc0\x0e\xc1\xbdH\x92*\xe4\
\x05@[\xb2~\x1a\xf0\x99\xe0^$I\x15\xf1\x02\xa0\
\xc1\xda\x0fXDJ\x03v\x8cmE\x924R^\x00\
4\x14\xbd4\xe0Q\xe0\x8c\xe0^$I#\xe0\x05@\
\xc31\x01\x98\x07\x0c\x00\xbb\x04\xf7\x22I\x1a\x06/\x00\
\x1a\x89~\xe0a\xe0K\xd1\x8dH\x92\x86\xc6\x0b\x80F\
j<p\x05)\x0d\xd85\xb8\x17I\xd2 y\x01P\
Uzi\xc0W\xa2\x1b\x91$m\x99\x17\x80\xfa\xad\x01\
\xde\x8fn\x22\x93=\x81\xcb\x80\xff\xc44@\x92\x1a\xcd\
\x0b@\xfd\xde\x02\x8e\x06\x96E7\x92\xd1\xff\x00\x1e\x01\
\xbe\x1a\xdd\x88$i\xe3\xbc\x00\xc4X\x06\x1c\x0b\x9c\x07\
\xfc=\xb8\x97\x5c\xf6\x00\xe6\x02\xf3I\xbf\x1a\x90$)\
\xdc\x05\xc0\xda\xa0Z\xb9A/\xd3\x80{\x02\xfb\xa9\xa3\
\x96\x93\x9e\x1f IR\xa8&]\x00\x00\xc6\x003\x81\
\xd5\x81}\xd5QW\x03\x137\xf1o\x22IRvM\
\xbb\x00\xf4L\x05\xee\x0a\xec\xad\x8eZ\x81i\x80$)\
HS/\x00\xb0.\x0dX\x15\xd8c\x1d\xb5\x10\x98\xb4\
\x85\xb3\x90$\xa9RM\xbe\x00\xf4L\x06\xee\x08\xec\xb3\
\x8ez\x8d\x94\x06\xf4\x0d\xf2L$I\x1a\x916\x5c\x00\
 \xa5\x01\xdf%\xfdt0zX\xe7\xack\x81}\x86\
p.\x92$\x0dK[.\x00=\x07\x027\x05\xf6\x5c\
G\xbd\x8ei\x80$)\xb3\xb6]\x00 =\xb3a\x06\
\xf0f`\xefu\xd4\x12\xe0\xa0a\x9e\x91$i\x90|\
\x10P{\xac\x01\xe6\x90\x9e\x1bpCp/9\x9d\x0c\
\xdcO\xfa\x22\xa4\xff\xf9\x94$U\xaa\x8d\x09\xc0\xfa\xfa\
Hi\xc0\x1b\x81\x9f\xa3\x8eZ\x0a\x1cR\xc1yI\x92\
6\xe0\x86\xd5NkY\x97\x06,\x0e\xee%\xa7\x13I\
\x8fM\x9e\x09\x8c\x0e\xeeE\x92T\x80\xb6'\x00\xeb\xeb\
\xa5\x01+\x03?S\x1du\x0bphEg&I\xea\
\xa8\x92.\x00=\xfb\x02\x8b\x02?W\x1d\xf56\xa6\x01\
\x92\xa4\x11(\xf1\x02\x00)\x0d\xf8\x1a\xe9\xe5;\xd1\xc3\
:g\xdd\x06\x1cV\xd1\x99IR'\xf9\x1d\x80\xb2\xac\
\x05.!=Ep^p/9\x1d\x0f\xdc\x0b|\x1f\
\x18\x1b\xdb\x8a$\xa9MJM\x006\xd4\x0f\xfc-\xd3\
\xe7hJ-\x03\x8e\xa8\xea\xc0$\xa9+L\x00\xca6\
\x17\x98\x02\x5c\x11\xddHF\xd3I\xefL\x98\x05l\x15\
\xdc\x8b$\xa9\xe1\xba\x92\x00\xac\xaf\x1f\xf8\xeb {l\
k\xdd\x0f\x1cY\xd5\x81IR\xc9L\x00\xba\xa3\x97\x06\
\x5c\x16\xddHF\xd3X\x97\x06l\x1d\xdc\x8b$\xa9\x81\
\xba\x98\x00\xac\xaf\x1fx\x85\xf8\x8d=g=\x08\x1c]\
\xd5\x81IRiL\x00\xba\xa9\x97\x06\x5c\x1a\xddHF\
SH?\x174\x0d\x90$\xfd\x97\xae'\x00\xeb\xfb\x02\
\xf0\x17\xe27\xf6\x9c\xf5\x10plU\x07&I%0\
\x01\xd0\xd5\xa4\xe7\x06\xcc\x89n$\xa3\xc9\xa44`6\
0.\xb8\x17IR \x13\x80\x8d;\x1d\xf8\x13\xf1\x1b\
{\xcez\x12\xf8xU\x07&Ime\x02\xa0\xf5-\
\x04\xa6Rv\x1ap p\x03\xa6\x01\x92\xd4I&\x00\
[v*\xf0<\xf1\x1b{\xcez\x0a\xf8dU\x07&\
Imb\x02\xa0M\xb9\x96ui\xc0\xda\xe0^r9\
\x00XLJ\x03\xb6\x0f\xeeE\x92T\x03\x13\x80\xa1\xf9\
\x1c\xf0\x1c\xf1\x1b{\xcez\x06\xf8tU\x07&IM\
g\x02\xa0\xc1XDz\xfd\xee\xf9\xc0\x9a\xe0^r\xd9\
\x0f\xb8\x8e\x94\x06\xec\x10\xdb\x8a$)\x17\x13\x80\xe1;\
\x19x\x82\xf8\x8d=g=\x0b|\xb6\xa2\xf3\x92\xa4F\
2\x01\xd0P\xdd\x0c\x1cN\xd9i\xc0\xbe\xa4\xd4c\x00\
\xd8%\xb8\x17IR\x85L\x00\xaaq\x22\xf0\x18\xf1\x1b\
{\xcez\x01\xf8bU\x07&IMa\x02\xa0\x91\xb8\
\x058\x82\x94\x06\xbc\x1f\xdcK.{\x01W\x92\xd2\x80\
]\x83{\x91$\x8d\x90\x09@\xf5N\x00\x1e%~c\
\xcfY/\x02_\xae\xea\xc0$)\x92\x09\x80\xaar\x1b\
\xe5\xa7\x01\xe3\x81\xcbIi\xc0n\xc1\xbdH\x92\x86\xc1\
\x04 \xaf\xe3\x80\x87\x89\xdf\xd8s\xd6\xcb\xc0W\xab:\
0I\xaa\x9b\x09\x80r\xb8\x83\xf4K\x81\xf3\x80w\x83\
{\xc9e\x0f`.)\x0d\xd8=\xb8\x17I\xd2 \x99\
\x00\xd4g:p\x0f\xf1\x1b{\xceZ\x0e\xcc\xa8\xea\xc0\
$I\xf9x\x01\xa8\xd7X`&\xb0\x9a\xf8a\x9d\xb3\
\xe6\x03\x13+:3IR\x06^\x00bL\x05\xee&\
~P\xe7\xac\x15\x98\x06HRcy\x01\x883\x86\x94\
\x06\xac\x22~X\xe7\xac\x05\xc0\xa4\x8a\xceL\x92T\x11\
/\x00\xf1&\x03w\x12?\xa8s\xd6k\xa44\xa0\xaf\
\xa23\x93$\x8d\x90\x17\x80f\xe8\xa5\x01\xef\x10?\xac\
s\xd65\xc0\xde\x15\x9d\x99$i\x04\xbc\x004\xcbA\
\xc0M\xc4\x0f\xea\x9c\xf5:\xa6\x01\x92\x14\xce\x0b@\xf3\
\x8c\x22\x0d\xc87\x89\x1f\xd69\xeb&\xd2\x85G\x92\x14\
\xc0\x0b@s\x1d\x00\xdc@\xfc\xa0\xceYo\x91\xfe\xf4\
\xe1\x83\xb8$\xa9f^\x00\x9a\xad\x8f\x94\x06\xbcA\xfc\
\xb0\xceY7\x03\x07Wtf\x924$n j\xa2\
\xb5\xc0\x1c`\x1ap}p/9\x9d\x04\xdc\x8fi\x80\
$\xd5\xc6\x04\xa0=zi\xc0J\xe27\xf6\x9cu\x0b\
\xf0\xe1\x8a\xceL\x92\xb4\x09^\x00\xdag?\xe0:\xe2\
\x07u\xcez\x9b\x94\x06\x8c\xae\xe6\xc8$I\x1b\xf2\x02\
\xd0N}\xc0\xd7H/\xdf\x89\x1e\xd69\xeb6\xe0\xb0\
\x8a\xceL\x926\xca\xbf;\xaaM\xd6\x02\x97\x90\x9e\x22\
8/\xb8\x97\x9c\x8e\x07\xee\xc54@\x92*g\x02P\
\x86~\xe0U\xe27\xf6\x9cu\x1fpxU\x07&I\
=&\x00j\xb3\xb9\xa44\xe0\xca\xe8F2:\x9c\xf4\
\xce\x84Y\xc0V\xc1\xbdHR\xeb\x99\x00\x94\xa7\x1f\xf8\
\x1b\xf1\x1b{\xce\xba\x1f8\xb2\xaa\x03\x93\xd4m&\x00\
*E/\x0d\xb8<\xba\x91\x8c\xa6\x01w`\x1a I\
\xc3f\x02P\xb6~\xe0\xaf\xc4o\xec9\xeb\x01\xe0\xe8\
\xaa\x0eLR\xf7\x98\x00\xa8D\xbd4`nt#\x19\
M%\xfd\x5cp\x16\xb0up/\x92\xd4\x1a&\x00\xdd\
q\x06\xf0\x17\xe27\xf6\x9c\xf5\x10plU\x07&\xa9\
\x1bL\x00T\xba\xf9\xc0\x14\xd2\xbb\x05J5\x99\xf4(\
\xe1\x9f\x02\xdb\x05\xf7\x22I\x8df\x02\xd0M\x9f\x07\xfe\
L\xfc\xc6\x9e\xb3\x9e\x04>V\xd5\x81I*\x97\x09\x80\
\xbad\x01\xe5\xa7\x01\x07\x027\x00\xb3\x81q\xc1\xbdH\
R\xe3\x98\x00\xe84\xe0y\xe27\xf6\x9c\xf5\x14\xf0\xc9\
\xaa\x0eLRYL\x00\xd4U\xd7\x90\xbeI?\x874\
,Kt\x00\xb0\x98\x94\x06l\x1f\xdc\x8b$5\x82\x09\
\x80\xd6w\x0a\xf0\x1c\xf1\x1b{\xcez\x1a\xf8tU\x07\
&\xa9\xfdL\x00$\xf8=)\x0d\xf8\x19\xb0&\xb8\x97\
\x5c\xf6\x07\xae#\xa5\x01;\x04\xf7\x22IaL\x00\xb4\
)'\x03\x7f$~c\xcfY\xcf\x02\x9f\xad\xe8\xbc$\
\xb5\x94\x09\x80\xf4A7\x03\xd3\x81\xf3)7\x0d\xd8\x17\
X\x04\x0c\x00;\x07\xf7\x22I\xb52\x01\xd0`\x9c\x08\
<N\xfc\xc6\x9e\xb3^\x00\xbeX\xd5\x81Ij\x0f\x13\
\x00i\xd3n\x01\x0e'\xa5\x01\xef\x07\xf7\x92\xcb^\xc0\
\x95\xa44`\xd7\xe0^$);\x13\x00\x0d\xd5\x09\xc0\
\xa3\xc4o\xec9\xebE\xe0\xcbU\x1d\x98\xa4f3\x01\
\x90\x06\xe76\xe0\x08\xcaN\x03\xc6\x03\x97\x93\xd2\x80\xdd\
\x82{\x91\xa4,L\x004\x12\xc7\x03\x8f\x10\xbf\xb1\xe7\
\xac\x97\x80\x7f\xa9\xea\xc0$5\x8f\x09\x804t\xb7\x03\
G\x02?\x00\xde\x0d\xee%\x97=\x81\xdf\x91\xd2\x80\xdd\
\x83{\x91\xa4\xca\x98\x00\xa8*\xd3\x81{\x89\xdf\xd8s\
\xd6\xcb\xc0\xd7\xaa:0I\x8a\xe4\x05@U\x1a\x0b\xcc\
\x04V\x13?\xacs\xd6|`BEg&I!\xbc\
\x00(\x87i\xc0\xdd\xc4\x0f\xea\x9c\xb5\x02\x98Q\xd5\x81\
IR\xdd\xbc\x00(\x971\xa44`\x15\xf1\xc3:g\
-\x00&Utf\x92T\x1b/\x00\xcam\x0ap'\
\xf1\x83:g\x99\x06Hj\x1d/\x00\xaaCW\xd2\x80\
k\x80\xbd+:3I\xca\xca\x0b\x80\xea\xf4\x11\xe0\x0e\
\xe2\x07u\xcez\x8d\x94\x06\xf4Utf\x92\x94\x85\x17\
\x00\xd5m\x14i@\xbeI\xfc\xb0\xceY\xbf\x07\xf6\xa9\
\xe8\xcc$\xa9r^\x00\x14\xe5@\xe0F\xe2\x07u\xce\
z\x8b\xf4\xa7\x0f\x1f4&\xa9q\xbc\x00(R\x1f)\
\x0dx\x83\xf8a\x9d\xb3\x96\x00\x07Wtf\x92T\x09\
/\x00j\x82\x03\x80\xeb\x89\x1f\xd49\xcb4@R\xa3\
x\x01PSt%\x0dX\x0a|\xb8\xa23\x93\xa4a\
\xf3\x02\xa0\xa6\xd9\x0f\xf8\x03\xf1\x83:g\xbdMJ\x03\
FWsd\x924t^\x00\xd4D\xbd4`%\xf1\
\xc3:g\xdd\x0a\x1cZ\xd1\x99I\xd2\x90x\x01P\x93\
M\x00\xe6\x11?\xa8s\xd6;\x98\x06H\x0a\xe0\x05@\
m\xd0\x0f\xbcJ\xfc\xb0\xceY\xb7\x93\x1e\x94$\xa9f\
~3Wj\xae\xb9\xa4w\x0a\x5c\x15\xddHF\xc7\x01\
\xcb\x80Y\xc0V\xc1\xbdH\xea\x00\x13\x00\xb5M?\xf0\
7\xe27\xf6\x9cu?pdU\x07&i\xf3L\x00\
\xa4v\xe8\xa5\x01\x97G7\x92\xd14\xd2\x9f\x04L\x03\
$ec\x02\xa06\xeb\x07\xfeJ\xfc\xc6\x9e\xb3\x1e\x00\
\x8e\xae\xea\xc0$\xfd3\x13\x00\xa9}\xe6\x02\x93\x81\xdf\
E7\x92\xd1T\xe06R\x1a\xb0up/\x92\x0ab\
\x02\xa0R\xf4\x03\xaf\x10\xbf\xb1\xe7\xac\x87\x80c\xaa:\
0I\x89\x09\x80\xd4nsI\x8f\xd8\x9d\x13\xddHF\
\x93I\x0f\x0f\x9a\x05l\x13\xdc\x8b\xa4\x963\x01P\x89\
\xbe\x00\xfc\x99\xf8\x8d=g\xfd\x11\xf8XU\x07&u\
\x99\x09\x80T\x8e\xabI\xbf\x14(9\x0d8\x08\xb8\x01\
\x98\x0d\x8c\x0b\xeeER\x0b\x99\x00\xa8t\xa7\x03\x7f\x22\
~c\xcfYO\x01\x9f\xa8\xe8\xbc\xa4\xce1\x01\x90\xca\
\xb4\x90ui\xc0\xda\xe0^r9\x00\xb8\x9e\x94\x06l\
\x1f\xdc\x8b\xa4\x960\x01P\x97\x9c\x02<O\xfc\xc6\x9e\
\xb3\x9e\x06>U\xd5\x81I]`\x02 \x95\xef\xf7\x94\
\x9f\x06\xec\x0f\xfc\x81\x94\x06\xec\x10\xdc\x8b\xa4\x063\x01\
PW}\x8c\xf4M\xfa\xe8\x8d=g=\x03|\xa6\xaa\
\x03\x93Je\x02 u\xcb\x12`:p>\xb0&\xb8\
\x97\x5c\xf6\x03\x16\x01\x97\x00;\xc7\xb6\x22\xa9iL\x00\
$8\x09x\x9c\xf8\x8d=g\xbd\x00\xfc\xb7\xaa\x0eL\
*\x89\x09\x80\xd4]K\x81\xc3);\x0d\xd8\x0b\xb8\x0a\
\x18\x00v\x09\xeeER\x03\x98\x00H\x1f\xf4Q\xe01\
\xe27\xf6\x9c\xf5\x22\xf0\xa5\xaa\x0eLj;\x13\x00I\
\x90\x9e\xb5\x7f\x04)\x0dx?\xb8\x97\x5c\xc6\x03W\x90\
\xd2\x80]\x83{\x91\x14\xc4\x04@\xda\xb4\xe3\x81G\x88\
\xdf\xd8s\xd6K\xc0W\xaa:0\xa9\x8dL\x00$m\
\xe8v\xe0H\xcaN\x03\xf6\x04.#\xa5\x01\xbb\x07\xf7\
\x22\xa9F&\x00\xd2\xe0\x1c\x0e\xdcK\xfc\xc6\x9e\xb3^\
\x06\xfa\xab:0\xa9-L\x00$m\xce2\xe08\xe0\
<\xe0\xef\xc1\xbd\xe4\xb2\x07)\x09\x98\x0fL\x08\xeeE\
Rf&\x00\xd2\xd0M\x03\xee!~c\xcfY\xcb\x81\
\x19U\x1d\x98\xa4\xe6\xf1\x02 \x0d\xcf\x18`&\xb0\x9a\
\xf8a\x9d\xb3\xae\x06&Vtf\x92\x1a\xc4\x0b\x804\
2S\x80\xbb\x88\x1f\xd49k\x05\xa6\x01Rq\xbc\x00\
H#\xd7K\x03V\x11?\xacs\xd6B`\xef\x8a\xce\
LR0/\x00Ru&\x03w\x10?\xa8s\xd6k\
\xa44\xa0\xaf\xa23\x93\x14\xc4\x0b\x80T\xad1\xc0w\
\x81\xb7\x88\x1f\xd69\xebZ`\x9f\x8a\xceLR\x00/\
\x00R\x1e\x07\x027\x12?\xa8s\xd6\xeb\xa4\xcb\x8e?\
\xa3\x96Z\xc8\x0b\x80\x94\xcf(R\x5c\xfe&\xf1\xc3:\
g-\x01\x0e\xae\xe8\xcc$\xd5\xc4\x0b\x80\x94\xdf\x01\xc0\
\xf5\xc4\x0f\xea\x9c\xf5\x16\xe9\x8b\x90\xa6\x01RKx\x01\
\x90\xea\xd1GJ\x03\xde ~X\xe7\xac\xa5\xc0!\x15\
\x9d\x99T\x0bo\xad\x92rZ\x0b\xcc!=Epq\
p/9\x9dHzl\xf2L`tp/\x926\xc3\
\x04@\xaa_/\x0dXI\xfc\xc6\x9e\xb3n\x05\x0e\xad\
\xe8\xcc$U\xcc\x0b\x80\x14g_`\x11\xf1\x83:g\
\xbd\x83i\x80\xd4H^\x00\xa4x\xfd\xc0\xab\xc4\x0f\xeb\
\x9cu\x1bpXU\x07&U\xc9\xef\x00H\x8a2\x97\
\xf4N\x81\xab\xa2\x1b\xc9\xe8x\xe0~`\x1606\xb8\
\x17I\x98\x00HM\xd3\x0f\xfc\x8d\xf8\x8d=g-\x03\
\x8e\xa8\xea\xc0\xa4\x912\x01\x90\xd4\x04\xbd4\xe0\x8a\xe8\
F2\x9aNzg\xc2,`\xab\xe0^\xa4\xce2\x01\
\x90\x9a\xab\x1f\xf8+\xf1\x1b{\xcez\x008\xaa\xaa\x03\
\x93\x86\xc3\x04@R\xd3\xf4\xd2\x80\xcb\xa2\x1b\xc9h*\
p;)\x0d\xd8:\xb8\x17\xa9SL\x00\xa4v\xe8\x07\
^!~c\xcfY\x0f\x02\xc7Tu`\xd2`\x99\x00\
Hj\xb2^\x1apit#\x19M!=<\xc84\
@\xaa\x81\x09\x80\xd4>_\x00\xfeB\xfc\xc6\x9e\xb3\x1e\
\x06\x8e\xab\xea\xc0\xa4\xcd1\x01\x90\xd4\x16W\x03\x93I\
\xef\x16(\xd5GHi\xc0l`\x5cp/R\x91L\
\x00\xa4v;\x1d\xf8\x13\xf1\x1b{\xcez\x12\xf8DE\
\xe7%\xfd\x13\x13\x00Im\xb4\x90\xf4\xb7\xf3\x92\xd3\x80\
\x03\x81\xebIi\xc0\xf6\xc1\xbdH\xc50\x01\x90\xcaq\
*\xf0<\xf1\x1b{\xcez\x1a\xf8dU\x07&\x81\x09\
\x80\xa4\xf6\xbb\x96\xf4\xbb\xfa9\xa4aY\xa2\xfd\x81\xc5\
\xa44`\x87\xe0^\xa4V3\x01\x90\xca\xf49\xe09\
\xe27\xf6\x9c\xf5\x0c\xf0\x99\xaa\x0eL\xdde\x02 \xa9\
$\x8bH\xaf\xdf=\x1fX\x13\xdcK.\xfb\x91>\xe7\
l`\xc7\xd8V\xa4\xf61\x01\x90\xcaw\x12\xf0\x04\xf1\
\x1b{\xce\xfa\x0bpFU\x07\xa6n1\x01\x90T\xaa\
\xa5\xc0\xe1\x94\x9d\x06L\x00\xe6\x01\x03\xc0.\xc1\xbdH\
\xad`\x02 u\xcb\x89\xc0c\xc4o\xec9\xebE\xe0\
KU\x1d\x98\xcag\x02 \xa9\x0bn\x01\x8e \xa5\x01\
\xef\x07\xf7\x92\xcbx\xe0\x0aR\x1a\xb0kp/Rc\
\x99\x00H\xddu\x02\xf0(\xf1\x1b{\xcez\x09\xf8J\
U\x07\xa62\x99\x00H\xea\x9a\xdb(?\x0d\xd8\x13\xb8\
\x8c\x94\x06\xec\x16\xdc\x8b\xd4(&\x00\x92 }I\xf0\
>\xe27\xf6\x9c\xf52\xf0\xd5\xaa\x0eL\xe50\x01\x90\
\xd4e\xcb\x80c\x81\xf3\x80\xbf\x07\xf7\x92\xcb\x1e\xc0\x5c\
`>\xe9W\x03R\xa7\x99\x00H\xda\xd04\xe0\x1e\xe2\
7\xf6\x9c\xb5\x1c\x98Q\xd5\x81Im\xe4\x05@\xd2\xc6\
\x8c\x05f\x02\xab\x89\x1f\xd69\xebj`bEg&\
\xb5\x8a\x17\x00I\x9b3\x15\xb8\x8b\xf8A\x9d\xb3V`\
\x1a\xa0\x0e\xf2\x02 iK\xc6\x90\xd2\x80U\xc4\x0f\xeb\
\x9c\xb5\x10\x98T\xd1\x99I\x8d\xe7\x05@\xd2`M\x06\
\xee$~P\xe7\xac\xd7Hi@_Eg&5\x96\
\x17\x00IC\xd1K\x03\xde!~X\xe7\xack\x81}\
*:3\xa9\x91\xbc\x00H\x1a\x8e\x83\x80\x9b\x88\x1f\xd4\
9\xebuL\x03T0/\x00\x92\x86k\x14i@\xbe\
I\xfc\xb0\xceYKH\x17\x1e\x15\xca\x07\x01I\xd2\xd0\
\xac\x01\xe6\x90\x9e\x1bpcl+Y\x9d\x0c\xdcO\xfa\
\xd3\x87\xb3B\xc50\x01\x90T\x85>R\x1a\xf0\x06\xf1\
\x1b{\xceZ\x0a\x1cR\xd1\x99\xa9!\xbc\xd5I\xd2\xf0\
\xade]\x1ap}p/9\x9dHzl\xf2L`\
tp/\xd2\x88\x98\x00H\xaaZ/\x0dXI\xfc\xc6\
\x9e\xb3n\x01\x0e\xad\xe8\xcc\xa4\xday\x01\x90\x94\xcb~\
\xc0u\xc4\x0f\xea\x9c\xf56\xa6\x01j)/\x00\x92r\
\xea\x03\xbeFz\xf9N\xf4\xb0\xceY\xb7\x01\x87Ut\
f\xaa\x99\xdf\x01\x90\xa4\xea\xad\x05.!=Ep^\
p/9\x1d\x0f\xdc\x0b|\x9f\xf4\x22%\xa9\xf1L\x00\
$\xd5\xa9\x1fx\x95\xf8\x8d=g-\x03\x8e\xa8\xea\xc0\
\x94\x9f\x09\x80$\xe57\x97\x94\x06\x5c\x19\xddHF\xd3\
\x81;\x80Y\xc0V\xc1\xbdH\x9bd\x02 )J?\
\xf07\xe27\xf6\x9cu?pdU\x07\xa6<L\x00\
$\xa9^\xbd4\xe0\xf2\xe8F2\x9a\xc6\xba4`\xeb\
\xe0^\xa4\x0f0\x01\x90\xd4\x04\xfd\xc0+\xc4o\xec9\
\xebA\xe0\xe8\xaa\x0eL\xd51\x01\x90\xa48s\x81)\
\xff\xf8\x9f\xa5\x9aB\xfa\xb9\xa0i\x80\x1a\xc1\x04@R\
\xd3\x9c\x01\xfc\x85\xf8\x8d=g=\x04\x1c[\xd5\x81i\
dL\x00$\xa9\x19\xe6\x93\xb6\xe59\xd1\x8dd4\x99\
\x94\x06\xcc\x06\xb6\x0b\xeeE\x1de\x02 \xa9\xc9>\x0f\
\xfc\x99\xf8\x8d=g=\x09|\xbc\xaa\x03\xd3\xd0\x99\x00\
HR\xf3,\xa0\xfc4\xe0@\xe0\x06R\x1a0.\xb8\
\x17u\x88\x09\x80\xa4\xb68\x0dx\x9e\xf8\x8d=g=\
\x05|\xb2\xaa\x03\xd3\xe0\x98\x00HR\xb3]\x03L%\
\xa5\x01k\x83{\xc9\xe5\x00`1)\x0d\xd8>\xb8\x17\
\x15\xce\x04@R\x1b\x9d\x02<G\xfc\xc6\x9e\xb3\x9e\x01\
>]\xd5\x81i\xd3L\x00$\xa9=~OJ\x03~\
\x06\xac\x09\xee%\x97\xfd\x80\xebHi\xc0\x0e\xb1\xad\xa8\
D&\x00\x92\xda\xeed\xe0\x09\xe27\xf6\x9c\xf5,\xf0\
\xd9\x8a\xceK\x1b0\x01\x90\xa4v\xba\x198\x1c8\x9f\
r\xd3\x80}\x81E\xc0\x00\xb0Kp/*\x84\x09\x80\
\xa4\x92\x9c\x08<N\xfc\xc6\x9e\xb3^\x00\xbeX\xd5\x81\
\xc9\x04@\x92Jp\x0b\xeb\xd2\x80\xf7\x83{\xc9e/\
\xe0JR\x1a\xb0kp/j1\x13\x00I\xa5:\x01\
x\x94\xf8\x8d=g\xbd\x08|\xb9\xaa\x03\xeb*\x13\x00\
I*\xcbm\xc0\x11\x94\x9d\x06\x8c\x07.'\xa5\x01\xbb\
\x05\xf7\xa2\x961\x01\x90\xd4\x05\xc7\x03\x8f\x10\xbf\xb1\xe7\
\xac\x97\x80\xafVu`]b\x02 I\xe5\xba\x1d\x98\
\x0e\x9c\x07\xbc\x1b\xdcK.{\x02sIi\xc0\xee\xc1\
\xbd\xa8\x05L\x00$u\xcdt\xe0^\xe27\xf6\x9c\xb5\
\x1c\x98Q\xd5\x81\xa9L^\x00$u\xd1X`&\xb0\
\x9a\xf8a\x9d\xb3\xe6\x03\x13+:3\x15\xc6\x0b\x80\xa4\
.\x9b\x0a\xdcM\xfc\xa0\xceY+0\x0d\xd0Fx\x01\
\x90\xd4ucHi\xc0*\xe2\x87u\xceZ\x00L\xaa\
\xe8\xccT\x00/\x00\x92\x94L\xa3\xfc4`9\xf0?\
\xab:\xb0R\xf8+\x00I\xea\xb6\x07H?\x17\xfc?\
\xa4\xef\x06\x94hg\xe0R\xe0\x22`\xdb\xe0^\x14\xcc\
\x04@\x92\xfe\xd9GH?\x1d\x8c\xde\xd8s\xd6M\xf8\
\x9aa\xc0\x04@\x92\xb4\xce#\xa4\x17\x0b\xfd;\xe9\xbb\
\x01%\xfa\x18\xe9\x9d\x02c\xa2\x1b\x89\xe6\x05@\x92\xb4\
\xbe\xf7\x81\x1f\x92^.tkp/\xb9|\x8a\xf4\x19\
;\xcd\x0b\x80$ic\x1e\x07N\x02\xbe\x01\xbc\x19\xdc\
K\x0e\xdf\x05>\x1e\xddD$/\x00\x92\xa4MY\x0b\
\xcc!\xbd\x5c\xe8\xe6\xe0^\xaa\xd6G\xfa>Xgy\
\x01\x90$m\xc9\x93\xa4m\xf9\x1b\xc0\x1b\xc1\xbdT\xe9\
H\xd2\x9f\x03:\xc9\x0b\x80$i0zi\xc0t\xe0\
\xfa\xe0^\xaa\xf4\xf5\xe8\x06\xa2x\x01\x90$\x0d\xc53\
\xc0g('\x0d8\x8d\xf4\x8e\x84\xce\xf1\x02 I\x1a\
\xaa^\x1ap(\xe9\xc5;m\xb6\x130%\xba\x89\x08\
^\x00$I\xc3\xf5\x02\xf0ER\x8c\xfezp/#\
\xe1\x05@\x92\xa4!Z\x0b\xfc?\xe00\xd2\x03v\xda\
\xa8\x93/\x0b\xf2\x02 I\xaa\xc2\x8b\xc0\x97\x81\xff\x0e\
\xbc\x1a\xdc\xcbP\xed\x18\xdd@\x04/\x00\x92$uP\
\xe7\x9f\x85,I\xaa\xc4^\xc0/I\xdf\x09h\x9bN\
\xbe\xa4\xcd\x0b\x80$i\xa4\xfa\x81\x0b\x81]\xa2\x1b\x19\
\xa6?G7\x10\xc1\x0b\x80$i\xb8\xf6\x05~\x05|\
6\xba\x91\x11z(\xba\x81\x08~\x07@\x924T}\
\xc0\x0c\xe0A\xda?\xfc_\xa7\xa3\x17\x00\x13\x00I\xd2\
P\xecO\xfa\xd9_)\xcf\xd0_\x08\xbc\x1b\xddD\x04\
\x13\x00I\xd2`\xf4\xb6\xfe\x07(g\xf8Cz\xa2a\
'\x99\x00H\x92\xb6\xe4 \xe0b\xe0\xe4\xe8F*v\
\x0fpct\x13QL\x00$I\x9b\xd2\xdb\xfa\xef\xa3\
\xbc\xe1\xbf\x16\xf8Nt\x13\x91L\x00$I\x1b\xf3a\
\xd2\xd6\xff\xd1\xe8F2\xf9\x0f\xe0\xd6\xe8&\x22\x99\x00\
H\x92\xd67\x1a\xf8\x1e\xb0\x8cr\x87\xffb`ft\
\x13\xd1L\x00$I=\x93I[\xff\xb1\xd1\x8ddt\
\x13\xe9\x9d\x05\xefE7\x12\xcd\x04@\x924\x06\xf8\xdf\
\xa4/\xc5\x95<\xfc/\x02N\x05\xde\x88n\xa4\x09L\
\x00$\xa9\xdb\xa6\x91\xb6\xfe\xa3\xa2\x1b\xc9h\x05\xf0o\
\xc0\x7fF7\xd2$&\x00\x92\xd4McH\x7f\x07\xbf\
\x93\xb2\x87\xffB\xd2%\xc7\xe1/\x00. \xfd\x04$\
\xa2:\xf9\xd6)I\x8d2\x0d\xb8\x9b\xb8\xff\x1e\xac\xa3\
V\x90~\xc2(}\x80\x17\x00I]4\x96\xb4\xf5\xaf\
&~@\xe7\xac\xf9\xc0\x84\x8a\xce\xacX~\x07@\x92\
\xbaa:\xf0k\xe0\x88\xe8F2z\x85\xf4\x13\xc6K\
\xa2\x1bi\x03\xbf\x03 Ie\xdb\x06\xf8>p\x17e\
\x0f\xff\xb9\xc0\x14\x1c\xfe\x83f\x02 I\xe5:\x9e\xf4\
\x0d\xff\xc3\xa2\x1b\xc9\xe8e\xe0\x5c\xe0\xb2\xe8F\xda\xc6\
\x04@\x92\xca\xb3\x0d0\x0bXJ\xd9\xc3\xbf\xb7\xf5;\
\xfc\x87\xc1\x04@\x92\xca\xf2Q\xd2\x03o\x0e\x8dn$\
\xa3\x97\x80o\x03WD7\xd2f&\x00\x92T\x86m\
I[\xff\x12\xca\x1e\xfe\xbd\xad\xdf\xe1?B&\x00\x92\
\xd4~'\x91\xb6\xfeC\xa2\x1b\xc9\xe8E\xe0[\xc0U\
\xd1\x8d\x94\xc2\x04@\x92\xdak;\xd2\xd6\x7f\x13e\x0f\
\xff\xde\xd6\xef\xf0\xaf\x90\x09\x80$\xb5\xd3\xc9\xa4o\xf8\
\x1f\x14\xddHF\xcf\x01_\x07\xae\x8bn\xa4D&\x00\
\x92\xd4.;\x02?\x05n\xa4\xdc\xe1\xbf\x16\x98\x03L\
\xc5\xe1\x9f\x8d\x09\x80$\xb5\xc7)\xa4\xc1\xb8Ot#\
\x19=C\xda\xfa\x17G7R:\x13\x00Ij\xbe\x9d\
\x80\xd9\xc05\x94;\xfc{[\xff4\x1c\xfe\xb50\x01\
\x90\xa4f;\x8d4\x18'E7\x92\xd1\xd3\xc09\xc0\
\x0d\xd1\x8dt\x89\x09\x80$5\xd3\x87H[\xffB\xca\
\x1d\xfekX\xb7\xf5;\xfckf\x02 I\xcd\xf3y\
\xd2\xf0\x9f\x18\xddHFO\x01g\x93~\xc2\xa8\x00&\
\x00\x92\xd4\x1c;\x93\x06\xff\xd5\x94;\xfc\xdf\x03~F\
\xda\xfa\x1d\xfe\x81L\x00$\xa9\x19\xce\x00.\x04&D\
7\x92\xd1\xc3\xc0Y\xc0\x9d\xd1\x8d\xc8\x04@\x92\xa2\xed\
Az\xd2\xdd<\xca\x1d\xfe\xef\x01\xe7\x03G\xe1\xf0o\
\x0c\x13\x00I\x8a\xd3\x0f\xfc\x02\xd8-\xba\x91\x8c\x1e\x02\
\xce\x04\xee\x8enD\x1fd\x02 I\xf5\xdb\x93\xf4\x0e\
\xfb\x01\xca\x1d\xfe\xebo\xfd\x0e\xff\x062\x01\x90\xa4z\
\xf5\x03\xbf\x04v\x8dn$\xa3\x07H[\xff\xbd\xd1\x8d\
h\xd3L\x00$\xa9\x1e\xe3I\xef\xb0\x1f\xa0\xdc\xe1\xff\
.i\xeb?\x06\x87\x7f\xe3\x99\x00HR~\xfd\xa4o\
\xf8\xef\x12\xddHF\xcbH\xdf\xf0\xbf/\xba\x11\x0d\x8e\
\x09\x80$\xe53\x81\xf4\x0e\xfb\x01\xca\x1d\xfe\xab\x80\x1f\
\x00\xc7\xe2\xf0o\x15\x13\x00I\xaa^\x1f\xe9\x8dv?\
$\xbd\xbe\xb7T\xb7\x93\xb6\xfeG\xa3\x1b\x91\x06\xeb\x02\
\xd2\x9b\xa7\x22je\x0d\x9fOR\x9c\xfdH\xef\xb0\x8f\
\xfa\xef\x98:\xeam`&0\xba\x9a#S\x04\x13\x00\
I\xaaFo\xeb\xff\x11\xb0Cp/9\xddJ\xda\xfa\
\x1f\x8fnD\x1a\x0e\x13\x00IU\xda\x9f\xf4\x0e\xfb\xe8\
\xcd\xdc\xad_\x83f\x02 I\xc3\xd7\xdb\xfa\x7f\x0cl\
\x1f\xdcKNKIo\xee{\x22\xba\x11i\xa4L\x00\
$\x8d\xd4\x81\xa4w\xd8Go\xe69\xeb-\xd2\xd6\xef\
/\xc6\x0ad\x02 IC3\x0a8\x87\xb4H\x8c\x0b\
\xee%\xa7%\xa4\xad\xff\xc9\xe8F\xa4*\x99\x00H\x1a\
\x8e\x83H\xef\xb0\x8f\xde\xccs\xd6\xeb\xc0\x0c\xd2\x9f7\
\xa4\xe2x\x01\x904\x14cHQ\xf8*\xe2\x07t\xce\
\xba\x16\xd8\xbb\xa23\x93\x1a\xc9\x0b\x80\xa4\xc1\x9aBz\
\x87}\xf4p\xceY\xaf\xe1\xd6\xaf\x8e\xf0\x02 iK\
\xba\xb2\xf5/\x00&UtfR\xe3y\x01\x90\xb49\
SI\xef\xb0\x8f\x1e\xce9k\x05i\xeb\x97:\xc5\x0b\
\x80\xa4\x8d\x19K\xda\xfaW\x13?\xa0s\xd6|`b\
Eg&\xb5\x8a\x17\x00I\x1b\x9aNz\x87}\xf4p\
\xceY\xcbq\xebW\xc7y\x01\x90\xd4\xd3\xdb\xfa\xffN\
\xfc\x80\xceY\x03\xc0\xee\x15\x9d\x99\x0a\xe0\x83\x80$u\
\xd9q\xc0\xc5\xc0G\xa2\x1b\xc9\xe8\x15\xe0\x5c\xe0w\xd1\
\x8d\xa8Y|\xbc\xa3\xa4.\xda\x06\x98\x05\xdcB\xd9\xc3\
\x7f.0\x19\x87\xbf6\xc2\x04@R\xd7\x9c@\xda\xfa\
\x0f\x8dn$\xa3\x97H[\xff\xe5\xd1\x8d\xa8\xb9L\x00\
$u\xc5\xb6\xa4\xad\xfff\xca\x1e\xfesI\x0f/r\
\xf8k\xb3L\x00$u\xc1\x89\xc0E\xc0\x87\xa3\x1b\xc9\
\xe8E\xe0[\xc0U\xd1\x8d\xa8\x1dL\x00$\x95l;\
\xd2\xd6\xbf\x84\xb2\x87\x7fo\xebw\xf8k\xd0L\x00$\
\x95\xead\xd2\xd6\x7fpt#\x19\xbd\x00|\x93\xf4`\
\x1fiHL\x00$\x95\xa6\xb7\xf5\xdfH\xb9\xc3\x7f-\
0\x87\xf4]\x06\x87\xbf\x86\xc5\x04@RI>\x07\xfc\
\x0a\xd8'\xba\x91\x8c\x9e\x05\xce\x01\x16\x07\xf7\xa1\x963\
\x01\x90T\x82\x9d\x80\xd9\xa4\xf7\xd9\x97:\xfc{[\xff\
T\x1c\xfe\xaa\x80\x09\x80\xa4\xb6;\x954\x18\xf7\x8en\
$\xa3\xa7I[\xff\x0d\xd1\x8d\xa8\x1c&\x00\x92\xda\xea\
C\xa4\xad\xff\x1a\xca\x1d\xfe\xbd\xad\x7f:\x0e\x7fU\xcc\
\x04@R\x1b\x9dN\x1a\xfe\x93\xa2\x1b\xc9\xe8)\xe0l\
\xe0\xa6\xe8FT&\x13\x00Im\xd2\xdb\xfa\x17P\xee\
\xf0_\xc3\xba\xad\xdf\xe1\xaflL\x00$\xb5\xc5\x19\xc0\
\x85\xc0\x84\xe8F2z\x188\x0b\xb83\xba\x11\x95\xcf\
\x04@R\xd3\xed\x01\x5c\x02\xcc\xa3\xdc\xe1\xff\x1ep>\
p\x14\x0e\x7f\xd5\xc4\x04@R\x93\xf5\x03?\x07v\x8f\
n$\xa3\x87H[\xff]\xd1\x8d\xa8[L\x00$5\
\xd1\x9e\xa4w\xd8\x0fP\xee\xf0\xefm\xfdG\xe3\xf0W\
\x00\x13\x00IM\xd3\x0f\xfc\x02\xd8-\xba\x91\x8c\x1e \
m\xfd\xf7D7\xa2\xee2\x01\x90\xd4\x14\xe3I\xef\xb0\
\x1f\xa0\xdc\xe1\xff.i\xeb?\x06\x87\xbf\x82\x99\x00H\
j\x82~\xd27\xfcw\x89n$\xa3\xfb\x813\x81\xfb\
\xa2\x1b\x91\xc0\x04@R\xac\xbdH\xef\xb0\x1f\xa0\xdc\xe1\
\xbf\x0a\xf8\x01i\xebw\xf8\xab1L\x00$E\xe8\x03\
\xfe\x15\xf8\x09\xb0sp/9\xddN\xfa[\xff\xa3\xd1\
\x8dH\x1b2\x01\x90T\xb7}\x81E\xc0o(w\xf8\
\xaf\x02\xce\x03N\xc2\xe1\xaf\x862\x01\x90T\x97>\xe0\
\xeb\xc0\x8f\x80\x1d\x82{\xc9\xe9V\xd23\xfc\x1f\x8bn\
D\xd2?\xbb\x80\xf4\x96\xad\x88ZY\xc3\xe7\x93\x9af\
\x7f\xd2;\xec\xa3\xfe\xff\xae\x8ez\x1b\x98\x09\x8c\xae\xe8\
\xcc\xa4\xacL\x00$\xe5\xd4\xdb\xfa\x7f\x0cl\x1f\xdcK\
N\xb7\x90\xfe\xd6\xffDt#\x926\xcf\x04@\xca\xef\
\x00\xe0z\xe27\xf3\x9c\xf5\x16i\xeb\xf7\xfbTj\x1d\
\x13\x00IU\x1b\x05\x9cC\xbah\x8f\x0b\xee%\xa7\x9b\
I[\xff\x93\xd1\x8dH\x1a<\x13\x00)\x8f\x83H\xef\
\xb0\x8f\xde\xccs\xd6\xeb\xc0wq\xeb\x97Z\xc9\x0b\x80\
T\xad1\xa4\xa1\xf8\x16\xf1\x03:g]\x0b\xecS\xd1\
\x99I\x0a\xe0\x05@\xaa\xced\xe0\x0e\xe2\x87s\xcez\
\x0d\x98A\xfaR\xa3\xa4\x16\xf3\x02 \x8d\xdc\x18\xd2\x17\
\xe0V\x11?\xa0s\xd6B`REg&)\x98\x17\
\x00id\xa6\x92\xdea\x1f=\x9cs\xd6\x0a\xd2\xd6/\
\xa9 ^\x00\xa4\xe1\x19K\xda\xfaW\x13?\xa0s\xd6\
\xd5\xc0\xc4\x8a\xceLR\x83x\x01\x90\x86n\x1a\xe9\x1d\
\xf6\xd1\xc39g-\xc7\xad_*\x9a\x17\x00i\xf0\xba\
\xb2\xf5\xcf\x07&TtfR\xe3\xf9  I\x9bs\
8\xf0\xeb\x7f\xfc\xcfR\xbd\x02\x9c\x0b\xfc.\xba\x11\xa9\
N>\xc8B\xd2\xc6l\x03\xcc\x02\xee\xa6\xec\xe1?\x97\
\xf43F\x87\xbf:\xc7\x04@\xd2\x86N\x00.\x02\x0e\
\x8bn$\xa3\x97\x81o\x03\x97G7\x22E1\x01\x90\
\xd4\xb3-i\xeb\xbf\x99\xb2\x87\x7fo\xebw\xf8\xab\xd3\
L\x00$\x01|\x14\xb8\x18\xf8pt#\x19\xbd\x04|\
\x0b\xb82\xba\x11\xa9\x09L\x00\xa4n[\x7f\xeb/y\
\xf8\xf7\xb6~\x87\xbf\xf4\x0f&\x00Rw\x9dD\xda\xfa\
\x0f\x8en$\xa3\x17H[\xff\xbc\xe8F\xa4\xa61\x01\
\x90\xbag;\xd2\xd6\x7f\x13\xe5\x0e\xff\xb5\xc0\x1c\xd2w\
\x19\x1c\xfe\xd2F\x98\x00H\xdd\xf29\xd2`\xdc7\xba\
\x91\x8c\x9e\x05\xbe\x0e\xfc!\xb8\x0f\xa9\xd1L\x00\xa4n\
\xd8\x11\x98Mz\x9f}\xa9\xc3\xbf\xb7\xf5O\xc3\xe1/\
m\x91\x09\x80T\xbeSI\x83q\xef\xe8F2z\x06\
8\x07\xb8>\xba\x11\xa9-L\x00\xa4r\xedD\xda\xfa\
\x17R\xee\xf0_\x7f\xebw\xf8KC`\x02 \x95\xe9\
t\xd2\xf0\x9f\x14\xddHFO\x91\xb6\xfe\x1b\x83\xfb\x90\
Z\xc9\x04@*\xcb\x87H\x83\x7f\x01\xe5\x0e\xff5\xa4\
\xad\x7f:\x0e\x7fi\xd8L\x00\xa4r|\x01\xb8\x10\x98\
\x18\xddHFO\x02g\x03K\xa2\x1b\x91\xda\xce\x04@\
j\xbf\x9dI[\xff|\xca\x1d\xfe\xef\x01\xe7\x03Sp\
\xf8K\x950\x01\x90\xda\xad\x1f\xf89\xb0{t#\x19\
=\x04\x9c\x05\xdc\x15\xdd\x88T\x12\x13\x00\xa9\x9d\xf6$\
=\xdf~\x80r\x87\x7fo\xeb?\x1a\x87\xbfT9\x13\
\x00\xa9}\xfa\x81_\x00\xbbE7\x92\xd1\x83\xc0\x99\xc0\
=\xd1\x8dH\xa52\x01\x90\xdac<\xe9\x1d\xf6\x03\x94\
;\xfc\xdfe\xdd\xd6\xef\xf0\x9722\x01\x90\xda\xa1\x1f\
\xf8%\xb0kt#\x19\xddO\xda\xfa\xef\x8bnD\xea\
\x02\x13\x00\xa9\xd9\xf6\x22\xbd\xc3~\x80r\x87\x7fo\xeb\
?\x06\x87\xbfT\x1b\x13\x00\xa9\xb9\xfaI\xbf\xeb\xdf%\
\xba\x91\x8c\xee }\xc3\xff\x91\xe8F\xa4\xae1\x01\x90\
\x9ag_`\x11i\xeb/u\xf8\xaf\x02\xce\x03N\xc4\
\xe1/\x850\x01\x90\x9a\xa3\x8f\xf4\x1e\xfb\x1f\x01;\x04\
\xf7\x92\xd3m\xa4\xad\xff\xb1\xe8F$u\xcf\x05\xa4\xb7\
\x88E\xd4\xca\x1a>\x9f\xdag?\xd2;\xec\xa3\xfes\
YG\xbd\x0d\xcc\x04FWsd\x92F\xc2\x04@\x8a\
\xd5\xdb\xfa\x7f\x0cl\x1f\xdcKN\xb7\x90\x9e\xe1\xffx\
t#\x92\xba\xcd\x04@Mp\x00\xe9\x1d\xf6\xd1\x9by\
\xcez\x8b\xb4\xf5\xfb}#\xa9aL\x00\xa4\xfa\xf5\xb6\
\xfe\x0b\x80q\xc1\xbd\xe4t3i\xeb\xffct#\x92\
\xd4c\x02\xa0(\x07\x92\xdea\x1f\xbd\x99\xe7\xac\xd7\x81\
\xef\xe2\xd6/5\x9a\x09\x80T\x8fQ\xc09\xc0\x7f\x00\
\xdb\x05\xf7\x92\xd3\x22R\xba\xf1|t#\x92\xb41&\
\x00\xaa\xd3d\xd2\x03o\xa27\xf3\x9c\xf5\x1a0\x83\xf4\
\xe7\x0dIj,/\x00\xaa\xc3\x18\xd2\x17\xe0V\x11?\
\xa0s\xd65\xc0\xde\x15\x9d\x99$e\xe5\x05@\xb9M\
!\xbd\xc3>z8\xe7\xac\x15\xa4\xad_\x92Z\xc3\x0b\
\x80r\xe9\xca\xd6\xbf\x00\x98X\xd1\x99IRm\xbc\x00\
(\x87i\xa4w\xd8G\x0f\xe7\x9c\xb5\x1c\xb7~I-\
\xe6\x05\xd1\x83\xd2\x81\x00\x00\x09\x88IDAT@U\
\x1aK\xda\xfaW\x13?\xa0s\xd6|`BEg&\
)\x98?\x03\x94Ff:\xf0k\xe0\x88\xe8F2z\
\x05\xf8\x1epIt#\x92\xaa\xe3\x83:\xa4\xe1\xd9\x06\
\xf8>\xe9\x8b~%\x0f\xff\xb9\xa4/4:\xfc\xa5\xc2\
\x98\x00HCw<p1pXt#\x19\xbd\x0c\x9c\
\x0b\x5c\x16\xdd\x88\xa4<L\x00\xa4\xc1\xdb\x16\x98\x05,\
\xa5\xec\xe1\xdf\xdb\xfa\x1d\xfeR\xc1L\x00\xa4\xc1\xf9(\
p\x11pht#\x19\xbd\x04|\x0b\xb82\xba\x11I\
\xf9\x99\x00H\x9b\xd7\xdb\xfa\x97P\xf6\xf0\x9fKzd\
\xb1\xc3_\xea\x08\x13\x00i\xd3N\x22m\xfd\x87D7\
\x92\xd1\x8b\xc07\x81y\xd1\x8dH\xaa\x97\x09\x80\xf4\xcf\
\xb6#m\xfd7Q\xee\xf0_\x0b\x5cJ\xda\xfa\x1d\xfe\
R\x07\x99\x00H\x1ft2\xe9\x1b\xfe\x07E7\x92\xd1\
\xb3\xa4W\xf6\xfe!\xb8\x0fI\x81L\x00\xa4dG`\
6i\xeb/u\xf8\xaf\x05\xe6\x90\x1eY\xec\xf0\x97:\
\xce\x04@\x82SH\x83q\x9f\xe8F2z\x068\x07\
\xb8>\xba\x11I\xcd`\x02\xa0.\xdb\x89\xb4\xf5_C\
\xb9\xc3\x7f\xfd\xad\xdf\xe1/\xe9\xbf\x98\x00\xa8\xabN#\
\x0d\xc6I\xd1\x8dd\xf44p6pcp\x1f\x92\x1a\
\xc8\x04@]\xf3!\xd2\xd6\xbf\x90r\x87\xff\x1a\xd6m\
\xfd7\xc6\xb6\x22\xa9\xa9L\x00\xd4%\x9f'\x0d\xff\x89\
\xd1\x8dd\xf4$i\xeb_\x12\xdd\x88\xa4f3\x01P\
\x17\xecL\x1a\xfcWS\xee\xf0\x7f\x0f8\x1f\x98\x8a\xc3\
_\xd2 \x98\x00\xa8tg\x00\x17\x02\x13\xa2\x1b\xc9\xe8\
a\xe0L\xd2\xab\x89%iPL\x00T\xaa=H\xcf\
\xb7\x9fG\xb9\xc3\xbf\xb7\xf5\x1f\x85\xc3_\xd2\x10\x99\x00\
\xa8D\xfd\xc0/\x80\xdd\xa2\x1b\xc9\xe8A\xe0,\xe0\xee\
\xe8F$\xb5\x93\x09\x80J\xb2'\xe9\x1d\xf6\x03\x94;\
\xfc\xdf%m\xfdG\xe3\xf0\x974\x02&\x00*E?\
\xf0K`\xd7\xe8F2z\x80\xf4\xb7\xfe{\xa3\x1b\x91\
\xd4~&\x00j\xbb\xf1\xc0\x15\xa4\xad\xbf\xd4\xe1\xdf\xdb\
\xfa\x8f\xc1\xe1/\xa9\x22&\x00j\xb3~\xd27\xfcw\
\x89n$\xa3e\xa4\xad\x7fYt#\x92\xcab\x02\xa0\
6\x9a@\xfav\xff\x00\xe5\x0e\xffU\xc0y\xa4\xbf\xf5\
;\xfc%U\xce\x04@m\xd2Gz\x8f\xfd\x0fI\xaf\
\xef-\xd5m\xa4o\xf8?\x16\xdd\x88$\x95\xe6\x02\xd2\
[\xd2\x22je\x0d\x9f\xafD\xfb\x01\xd7\x11\xf7\xefV\
G\xbd\x0d\xcc\x04FWsd\x92\xb4i&\x00j\xba\
\xde\xd6\xff#`\x87\xe0^r\xba\x95\xb4\xf5?\x1e\xdd\
\x88$\x95\xcc\x04\xa0\x1d\xf6\x07\x16\x13\xbf\x99\xe7\xac\xb7\
H[\xbf\xdf\xc7\x91T+\x13\x005Qo\xeb\xff1\
\xb0}p/9-%m\xfd\x7f\x8cnD\x92\xba\xc2\
\x04\xa0\xb9\x0e\x04n ~3w\xeb\x97T4\x13\x00\
5\xc5(\xe0\x1c\xd2\xe5l\x5cp/9-\x02f\x00\
\xcfE7\x22\xa9\xdb\xbc\x00\xa8\x09>\x02\x5c\x0c\x1c\x17\
\xddHF+\x81\xef\x01\xbf\x22\xa5\x00\x92\xa4\x00\xfe\x09\
\xa0\x19\xc6\x90\xa2\xf0U\xc4\xc7\xf29\xeb\x1a`\xef\x8a\
\xceL\x924\x02^\x00\xe2M\x01\xee$~8\xe7\xac\
\xd7Hq\xbf$\xa9!\xbc\x00\xc4\xe9\xca\xd6\xbf\x00\x98\
T\xd1\x99I\x92*\xe2\x05 \xc6T\xd2;\xec\xa3\x87\
s\xceZ\x81[\xbf$5\x96\x17\x80z\x8d%m\xfd\
\xab\x89\x1f\xd09k>\xe9EE\x92\xd4x\xfe\x0a@\
\xb9M\x07~\x0d\x1c\x11\xddHF\xaf\x90\xbe\xe1\x7fI\
t#\x924X>\x88D\xb9\xf4\xb6\xfe\xbb({\xf8\
\xcf%}\xa1\xd1\xe1/\xa9UL\x00\x94\xc3\xf1\xc0E\
\xa4\xdf\xf7\x97\xeae\xe0\x5c\xe0\xb2\xe8F$i8L\
\x00T\xa5m\x80Y\xa4g\xdc\x97<\xfc{[\xbf\xc3\
_Rk\x99\x00\xa8*'\x90\x9e\xe6wht#\x19\
\xbd\x04|\x1b\xb8\x22\xba\x11I\x1a)\x13\x00\x8d\xd4\xb6\
\xa4\xad\xfff\xca\x1e\xfe\xbd\xad\xdf\xe1/\xa9\x08&\x00\
\x1a\x89\x13I[\xff!\xd1\x8dd\xf4\x22\xf0-\xe0\xaa\
\xe8F$\xa9J&\x00\x1a\x8e\xedH[\xff\x12\xca\x1e\
\xfe\xbd\xad\xdf\xe1/\xa98&\x00\x1a\xaa\x93I\xdf\xf0\
?8\xba\x91\x8c\x9e\x03\xbe\x0e\x5c\x17\xdd\x88$\xe5b\
\x02\xa0\xc1\xda\x11\xf8)p#\xe5\x0e\xff\xb5\xc0\x1c\xd2\
#\x8b\x1d\xfe\x92\x8af\x02\xa0\xc18\x854\x18\xf7\x89\
n$\xa3gH[\xff\xe2\xe8F$\xa9\x0e&\x00\xda\
\x9c\x9d\x80\xd9\xa4\xf7\xd9\x97:\xfc{[\xff4\x1c\xfe\
\x92:\xc4\x04@\x9br\x1ai\xf8\xef\x1d\xddHFO\
\x03\xe7\x007D7\x22Iu3\x01\xd0\x86>D\x1a\
\xfc\x0b)w\xf8\xafa\xdd\xd6\xef\xf0\x97\xd4I&\x00\
Z\xdf\xe9\xa4\xc181\xba\x91\x8c\x9e\x02\xce\x06n\x8a\
nD\x92\x22\x99\x00\x08`g\xd2\xd6\xbf\x80r\x87\xff\
{\xc0\xcfH[\xbf\xc3_R\xe7\x99\x00\xe8\x0c\xe0B\
`Bt#\x19=\x0c\x9c\x05\xdc\x19\xdd\x88$5\x85\
\x09@w\xedAz\x87\xfd<\xca\x1d\xfe\xef\x01\xe7\x03\
G\xe1\xf0\x97\xa4\x0f0\x01\xe8\xa6~\xe0\xe7\xc0\xee\xd1\
\x8dd\xf4\x10p&pwt#\x92\xd4D&\x00\xdd\
\xb2'\xf0;`\x80r\x87\xff\xfa[\xbf\xc3_\x926\
\xc1\x04\xa0;\xfa\x81_\x00\xbbE7\x92\xd1\x03\xa4\xad\
\xff\xde\xe8F$\xa9\xe9L\x00\xca7\x9e\xf4\x0e\xfb\x01\
\xca\x1d\xfe\xef\x92\xb6\xfecp\xf8K\xd2\xa0\x98\x00\x94\
\xad\x9f\xf4\x0d\xff]\xa2\x1b\xc9h\x19\xe9\x1b\xfe\xf7E\
7\x22Imb\x02P\xa6\xbdH\xef\xb0\x1f\xa0\xdc\xe1\
\xbf\x0a\xf8\x01p,\x0e\x7fI\x1a2\x13\x80\xb2\xf4\x01\
\xff\x0a\xfc\x84\xf4p\x9fR\xddN\xda\xfa\x1f\x8dnD\
\x92\xda\xca\x04\xa0\x1c\xfb\x01\x8b\x80\xdfP\xee\xf0\x7f\x07\
8\x0f8\x09\x87\xbf$\x8d\x88\x09@\xfb\xf5\x91\xdec\
\xff#`\x87\xe0^r\xba\x95\xb4\xf5?\x1e\xdd\x88$\
\xa9\xbd. \xbd\x07>\xa2VV\xf89\xf6'\xbd\xc3\
>\xea\xb3\xd4Qo\x033\x81\xd1\x15\x9d\x99$\x09\x13\
\x80\xb6\xeam\xfd?\x06\xb6\x0f\xee%\xa7\xa5\xa47\xf7\
=\x11\xdd\x88$\xa9\x0cmN\x00\x0e \xbd\xc3>z\
3\xcfYo\x91\xb6~\xbf\xa3\x22I\x99\x98\x00\xb4\xc7\
(\xe0\x1c\xd2\xe5e\x5cp/9-!m\xfdOF\
7\x22I*O\xdb\x12\x80\x83H\xef\xb0\x8f\xde\xccs\
\xd6\xeb\xc0\x0c\xd2\x9f7$I\xca\xa2-\x17\x801\xa4\
(\xfc\x9d\xc0~\xeb\xa8k\x81}\x86p.\x92\xa4\x11\
\xf2O\x00\xcd5\x19\xf85\xe9\xf9\xf6\xa5z\x1d\xf8w\
\xe0W\xa4\x8b\x80$IY59\x01\xe8m\xfd\xab\x02\
{\xac\xa3\x16\x00\x93\xb6p\x16\x92$U\xaa\xa9\x17\x80\
\xa9\xc0]\x81\xbd\xd5Q+H\x7f\xeb\x97$\xa9vM\
\xbb\x00\x8c%m\xfd\xab\x03\xfb\xaa\xa3\xe6\x03\x137\xf1\
o\x22IRvM\xba\x00L\x03\xee\x09\xec\xa7\x8eZ\
\x8e[\xbf$\xa9\x01\x9ap\x01\xe8\xca\xd6?\x00\xec>\
\x88\x7f\x13IR\x8d\xfc\x15@\x8c\xc3I\xdf\xf0?<\
\xba\x91\x8c^\x01\xce\x05~\x17\xdd\x88$\xe9\x9fy\x01\
\xa8\xdf8\xe0n\xca~\xb9\xcdo\x81\xef\x00\xafF7\
\x22I\xda8/\x00\xf5+\xf9\xf9\xf6/\x91\xb6\xfe\xcb\
\xa3\x1b\x91$m\x9e\x17\x00Ue.\xf0-\xdc\xfa%\
\xa9\x15\xbc\x00h\xa4^$\x0d\xfe\xab\xa2\x1b\x91$\x0d\
\x9e\x17\x00\x8d\xc4\x5c\xe0\x9b\xa4\x9f\xf9I\x92Z\xc4\x0b\
\x80\x86\xe3\x05\xd2\xe0\x9f\x1f\xdd\x88$ixJ\xfeB\
\x9a\xaa\xb7\x16\x98\x03\x1c\x8a\xc3_\x92Z\xcd\x04@\x83\
\xf5,p\x0e\xb08\xb8\x0fIR\x05L\x00\xb4%\xbd\
\xad\x7f*\x0e\x7fI*\x86\x09\x806\xe7i\xd2\xd6\x7f\
Ct#\x92\xa4j\x99\x00hcz[\xfft\x1c\xfe\
\x92T$\x13\x00m\xe8)\xe0l\xe0\xa6\xe8F$I\
\xf9\x98\x00\xa8g\x0d\xeb\xb6~\x87\xbf$\x15\xce\x04@\
\x00\x0f\x03g\x01wF7\x22I\xaa\x87\x09@\xb7\xbd\
\x07\x9c\x0f\x1c\x85\xc3_\x92:\xc5\x04\xa0\xbb\x1e\x22m\
\xfdwE7\x22I\xaa\x9f\x09@\xf7\xf4\xb6\xfe\xa3q\
\xf8KRg\x99\x00t\xcb\x03\xa4\xad\xff\x9e\xe8F$\
I\xb1L\x00\xba\xe1]\xd2\xd6\x7f\x0c\x0e\x7fI\x12&\
\x00]p?p&p_t#\x92\xa4\xe60\x01(\
\xd7*\xe0\x07\xa4\xad\xdf\xe1/I\xfa\x00\x13\x802\xdd\
N\xfa[\xff\xa3\xd1\x8dH\x92\x9a\xc9\x04\xa0,\xab\x80\
\xf3\x80\x93p\xf8K\x926\xc3\x04\xa0\x1c\xb7\x92\x9e\xe1\
\xffXt#\x92\xa4\xe63\x01h\xbfwH[\xff\xc7\
p\xf8K\x92\x06\xc9\x04\xa0\xddn!\xfd\xad\xff\x89\xe8\
F$I\xedb\x02\xd0No\xb3n\xebw\xf8K\x92\
\x86\xcc\x04\xa0}n&m\xfdOF7\x22Ij/\
\x13\x80\xf6X\x09\xfc/\xe0\x138\xfc%I#\xd4\xd5\
\x04\xe0\xbd\xe8\x06\x86\xe8Z`\x06\xf0\xa7\xe8F$I\
e\xe8j\x02\xb0<\xba\x81Az\x1d\xf8\x06p:\x0e\
\x7fIR\x85\xba\x9a\x00\xbc\x1c\xdd\xc0 \x5c\x0d|\x13\
\xf8Kt#\x92$\x95b\x1a\xb0\xb6\xa1\xb5\x82\x14\xf7\
K\x92\xa4\x8a\x8d\x22\x0d\xda\xe8a\xbfa]\x01\x8c\xcf\
\xf8\xb9%I\xea\xbc\x8b\x89\x1f\xf8\xbdZ\x8e[\xbf$\
I\xb58\x89\xf8\xc1\xbf\x16\x18\x00\xf6\xc8\xfcY%I\
\xd2z\x16\x137\xf8_\x06\xbe\x9a\xff#J\x92\xa4\x0d\
\x1d\x03\xbcO\xfd\xc3\xff\xb7\xc0n5|>I\x92\xb4\
\x09\xe7S\xdf\xe0\x7f\x09\xf8J=\x1fK\x92$m\xce\
X`)\xf9\x87\xffo\x80\x9dk\xfaL\x92$i\x10\
v\x02\xee&\xcf\xe0\x7f\x11\xf8R}\x1fE\x92$\x0d\
\xc5\xaeT\xfb\xa5\xc05\xc0E\xc0\x87\xea\xfc\x10\x92$\
i\xe8\xc6\x00\xff\x17X\xcd\xc8\x86\xffS\xc0)5\xf7\
.I\x92F\xe8\x10\xe0R\xe0\x1d\x866\xf8\x9f\x05\xfe\
\x0d\xd8\xaa\xf6\x8e%I\x1a\x82\xbe\xe8\x06\x1an'\xe0\
\xb3\xc0\xa7\x80\xc3I\x17\x83]\xff\xf1\x7f\xfb;\xf0*\
\xf0 p\x0f\xb0\x00\xb8\x95t\x11\x90$I\x85\x19\x0d\
\x8c\x8bnB\x92$I\x92$I\x92$I\x92\xa4\x0d\
\xfc\x7f9.Fn\x092\xb8\x91\x00\x00\x00\x00IE\
ND\xaeB`\x82\
\x00\x00!\x97\
\x00\
\x04\x1c>x\xda\xed\x9dwX\x14V\xd6\xc6-(E\
\xaaRTl\x14\x0b\xa0\x22\x885\x88`\xef\x8abG\
\xb1\x80\x82\x8a\x15Q\xb1\xf7\x12\x8d\x1a{\x8c=\x89%\
\xf6\x1aT\xd4\xa8\x89qSw\x93\xef\x8f}\xb6&\xbb\
\x89\xd9d\xb3\xc9n\xba\xc9\xee\xf9\xe6\xbd08\x83\x94\
\x01\xa6\xcf{\xf7\xf9E\x17d\x98r\xdf{\xcf=\xf7\
\x94*U\xaaj\xfe'U\xaah\xfe\xdb\xa4J\x8b\x06\
NU\xfc5\x7fo\xa1\x01_\xabR-\xff\xebj\xfc\
Z\xbdJH\xeb*\x0a\x9d!\x84\x10B\x08!\x84\x10\
B\x08!\x84\x10B\x08!\x84\x10B\x08!\x84\x10B\
\x08!\x84\x10B\x08!\x84\x10B\x08!\x84\x10B\x08\
!\x84\x10B\x08!\x84\x10B\x08!\x84\x10B\x08!\
\x84\x10B\x08!\x84\x10B\x08!\x84\x10B\x08!\x84\
\x10\xc7\xa6F\x8d\xea\xe2\xee\xee\x22\xf5\x03}$<\x22\
P\xdau\x08\x96\xae\x09a\xd2\xbdWK\xe9\xd5\xb7\xb5\
\x22\xbe{\xb8t\xec\x1c*\x91m\x1aI\x93 _\xf1\
\xf1\xa9%\xae\xae5\xa5j\xd5\xaa|\x0f\x09\xb1!\xad\
\xd7\xad\xe7-\x1d:\x85\xca\xb8\x89\xb1\xb2l\xf5P\xd9\
s`\x92\x9c<7S.\xbe6O\xae\xddZ y\
\xf7r\xe4\xf6\x9bK\xe4\xce\x83\xa5\x8a\xbc\xfb\x8b%\xf7\
\xceB\xb9|c\xbe\x9c\xb94[\x8e\x9e\xc8\x90\xe7v\
$\xcb\xdc\xec\xbe\x924\xb2\x83\xc4\xb4\x0f\x96\x80\x00/\
\xa9Y\xd3\x89\xef1!VD\xb5jU\xa5A\xc3\xda\
2`P\x94,_3T^9=Ci\xf9\xee\xc3\
er\xff\xed\xe5r\xef7\xcb\x14\xf8\xffw\x1f.\x95\
\xd7\xdfz\x1a|]}\xbf\xe0\xdf\xde\xd3\xfc\x1c~\x16\
\xdf{\xed\xf6\x02y\xe9\xd44Y\xbda\xb8\x8cJ\xee\
$-[5\x10O/W\xbe\xf7\x84X\x08\xec\xc3\x91\
Q\x8dd\xce\xfc\xber\xfc\xcc\x0c\xb5\x97k\xb5^\x92\
\xc6+\x02\x1e\x0b\x8f\xa9]\x0b\xaeh\xec\x83\xdd\xfb'\
\xca\x94\x8cn\x12\x1d\x13$\x9e\x9e\x5c\x07\x081\x07\xd5\
\xabW\x936\xd1\x8de\xe9\xaaD\xb9t=\xabp_\
7\x96\xd6\x0d[\x0b\xf2\xd7\x18\x9c!vi\xd6\x81\xf1\
\x13\xbbH\x8b\xb0\xfa\xe2\xec\x5c\x83\x9f\x11!&\x00\xb6\
}\xe6\x9c\xderAsv\xd7\xda\xf1\xe6\xd2|i6\
\x01\xfe<\x7fm\xae\xac\xdd4Bz\xf6i%u|\
\xdd\xf9y\x11b\x04\x9c\x9c\xaaI\xb7\x9e\x11r\xf0\xa5\
\xa9\x05\xe7\xf6e\x95\xd0\xeb\xb2B\x1b^\xf1\xce\xf2b\
\xff^\x96\x8f\xa0\xb8\xc7\xc5\xcf\xc1\x97\xf8\xc2\xe1TI\
\x1a\xd9^\xfc\x03<\xf9\xf9\x11RAp\x9e\x9e:\xad\
\x9b\x5c\xcb\xcb\xae\x90m\xaf\xd5$\xfe\xbc\xa9\xd1\xe5\xa5\
\xdc,9z<Cv\xbd0A6>7Z\xf9\xf0\
p\x1f\x803\xc4\xcauI\xb2\xee\xd9\x91\xb2m\xd78\
\xa5\xdf\x93\xe725v}\xb6\xe4\xdd\xcf\xd1\xf3\x1d\x96\
\xb5\xf6\xe0\xdf\xc0\xffpH\xb3V\x8dN\xee\xa4\xee\x1e\
\xf8Y\x12b8\xd87\x97i4\x09\x1d\x95g\xaf\xd7\
\xea\xf4\xd6\x1b\x8b\xd5\xfd\x1e\xf4<ar\x9ct\xe9\xda\
\x5cB\x9b\xd5U\x8f\xeb\xa1YSp'X\xf4\x1e\x1f\
\xfe\x047\xb7\x9a\xe2S\xbb\x96\x046\xa8\xad\xe2\x02\xba\
\xf5\x88P?\x8f\xf5\xe1\xc5#i\xca\xcf`\x88o\x11\
\xdf\xbb\xf3`\x89\x1c~y\xaa$\xa7\xc4\xaa3\x8b#\
\xfag\xf2\xdfg\xcegb\x18\xf54{\xe5\x86-\xa3\
\xca\xady\xe8\xed\xa2fo_\xbd~\xb8\xf4\x1b\xd8F\
\x1a6\xaa#\xce\xceNF;{ \xf6',\xbc\xbe\
\x0cJ\x8c\x96E\xcb\x06\xcb\x91\xe3\xe9r\xfd\xf5\x85\xa5\
\xfa\x1c\xb5_\x7f\xf9\xd5\xe9\x92>\xa3\xbb\x84\xb7\x0c4\
\xdas\xb2\xdesZu\xb5~\x02h\x9fs\x9a\x18\x82\
\xaf\x9f\x87\xac\xd7\xec\xd5\x86\xea^\xebs\xbbpm\x9e\
\xcc[\xd0OZE64\x8b\xb6\xb0\xa7\xe1\xb9>\xd3\
\xa5\x99\xcc\x9c\xdb[\x0e\x1e\x9b\x227\xee.\xca\xb7\x05\
\x8aY\x07\xb4\xe7\x05\xf8*\xb16u\xef\x15!u\xea\
\xd8\x97_\x10w\x1d\x8d\x1a\xfb\xaa{\x0f__\x0f\x15\
\x7f\xc19M\x0c\x011\xb89\x9a\xfd\xd4P\x1f\x1b\xf4\
\x84s<\xce\xea\xad\xdb4Rz\xb4\xc4\xf3\x86M\x0b\
\xff>\xce\x15\xd99\x03\x94\xaf\x00\xf6\xbe\xd6\xd7\xf0\x94\
}\xa2\xf9:\x9e\xf7\x8bG\xd3$-=AZG6\
\x12\xb7Z\xce6\xfb\xb9\xd5\xd6\xacamc\x82$\xbe\
[\x984m^W\x9c]x\xdfI\xca\xb7\x8fNL\
\xed\xaa\xce\xe9\x86h\x1f\xba\x87\xc6\x86\x0cm\xab\xce\xe8\
\xd6\xf4:\xb0\xf7\x0d\x1f\xd5A\xb6\xef\x1e\xaf\xfc\x85%\
\x9d\x09\xb4\xb6\xc0\xe5\xebY\xb2u\xd78I\x9e\x10+\
-[7\x10\x0fO\x17\xab\xff\xbc\xbc\xbc\x5cU|\xd5\
\xb0\x11\xede\xc4\xe8\x8e\x12\xd5\xb6\x89M\xaf_\xc4r\
`\xcfD\x5c\xbd!\xb6>\xfe\xcd\x9e\x17'\xa9\xfd\xd2\
\xaa\xed\x18\x0f\x17\x95C4;\xab\x8f\x1cy%\xbd\xf0\
LPt\x1d\xd0\xda\x02X\xf3\xe0K\xc4=\xc4\xb4\xcc\
\x1e\x9a\xf7\xa4\x85\xf2\x11Z\xc3>\x8a3<\xee,:\
\xc76\x95IS\xe2%{\xf1@\xe5\x03\x85\xbd\xe5\xc2\
}\x9eT\x90\xba\xf5\xbc\xd4\xbd\x9a!\xf7x\xf87[\
w\x8eS{\xab\xad\xbc\xbe\xaa\x9as\xaf\x9f\xbf\xa7\xc4\
\xc5\xb7\x90\xb9\x0b\xfa\xa9u\xe0f\xe1:\xb0\x5c\xcf\xce\
\xc9\xf7Y\xe6\xdf!`\xad\x80m\x83\xfbH\xc4\x11#\
\xef0\xb4Y\x80x\xfb\xb8Iu'\xd3\x9dopN\
wss\xd6\xbc\xc7uTn\xd4\xf8I]\xd4\xb9j\
\xfb\x9e\xf1*obPb[\xb5&\xf1<O*;\
\xcf\xe0\xff6\xf4|\xbf\xeb\x85\x896\xa5\xfb\xa7}\x03\
\xf9\xeb\x00\xec\x1c\xf8\x08\x91k\x08{G\xeb\x1f(\x1a\
W\xa4\x1b\xa3\x80\xf3\xd0\xf9\xabs\x95\x9f\x00\xb1\x09S\
\xa7w\x97\x81C\xa2\xa5c\xe7\xa6\xea\xfe\x00\xf7\x1a8\
{\xc3o\xe2\xaa9\x07a?\x86\xdf\x13\xf9\x0f\xf8\x13\
\xe0k\xf8^-wg\xa9]\xdb]i8,<P\
i\xbcO\xffH\x99\xa09w-^1Dv\xbf8\
Q\xddM\x00\xdc\x93\x8e\x1c\xdbI\x9a\xb7\xa8\xc7\xd8e\
b4\xc2[6\x90\xb3W\xe6\x18\x143s\xe2l\xa6\
\xca\xa5\xb3\xa7\xd7\xef\xe5\xed\xa6t\x9b\x98\xd4N\x16.\
\x1d\xa4\xec\x1f\xc4\x08\xc3\x17\xa8\x8dA\xbc\xa7\xb7&<\
\x89M\xd4\xdaI\xd7__\xa4\xf2\x94O\x9d\x9f\xa9\xf2\
\x0e\x0fh\xd6\x86\x1d\xfbRd\xcb\xf3\xc9\xea\xaet\xcd\
\xc6\x11\xea\xcf\x8d\xcf\x8d\xd2|m\xac\xfa\x1e\xd6\x0f\xe8\
\xfa\xf4\xc5Y\xca\xdf\x00\x1b\x03\xf7\x95g/\xcf\x91\x9d\
\xfb&\xc8\xacy}\xa4G\xaf\x96j\x9d\xb5\xf7;I\
b\x99x\xdd\xf9\x8b\x06\x94i\xebc\x0f\xbc\xa1\x99\xdf\
\x03\x06G\xd9\xbd\xbf\xd3\xcb\xcbMB\x9b\x06\xa8\x98\x22\
\xe4\x09-^>D\xd9:\xd0)\xd6\x04\xbc\x0fZ{\
@w\x1dx\xe3\x9d\x15\xf2\xe6\xbb\xf9<xo\xa5\xe2\
\xcd\xf7\x9e|\x0d\xdfG\xdc2\xfe=\xea\x16 \xc6\x11\
9\xcf\xf0-`\xcd\x193\xae\xb3\xc4\xc65Wv~\
-\xfa\xec\x88\x89i\xa6\xb1!\x0d\xdd\xf3a\xe3\xbaZ\
\x91?\xdfl\xeb\x81f}\xc4\xeb\xf6\x0f\xf0R\xf7\xe6\
\xed;\x86H\xaf>\xadd\xe4\x98\x8e\x92\x9a\x9e\xa0\xf2\
\x98a\xa3\xafZ\x9f\xa4\xfc\x02\xcfn\x1b\xa3\xc0\xdfW\
\xad\x1f.KV&\xaa\xb8\x07\xf8\x0bFi\xec\xf6\xde\
}[k\xec\xfb\x10\xf5X\x88qD\x9d\x22K\xdd\x8d\
\x12\xc7ebZ\xd72u\x8f\xef\xc3\xf7\x1d\x15\xdd\x84\
\xefY)>\x04\xf8M\xaaU\xab\xa6t\x0c\xf0w|\
\x0d\xdfcL-\xb1\xb6\xfba\xf8\xb9\xe0\xd3.}\xcf\
_.\xab\xd6%\xb1n\x16!v\x02bA\xae\xde\xcc\
.s\xdf\x87o\x1by\xf1\x96\xf4I\xc0\x1f\x87\x9a\x9f\
!\x9asx\x9b\xa8\xc6\x12\x97\x10&}\xfbGJb\
R\x8c:'\xe3\x5c\xaee\xec\xf8gd\xe8\xf0v*\
\x9f\x00\xe7\xe7\x88\x96\x0d\x94\xbf\xcc[\xf3\x18\xb4\xad\x09\
\xa9\xa24c\xc89\xff\x95\xd3\xd3\x95\xee\xcca7#\
.\x0d\xbe.\x9c\xa9\x91\x83\x0f_7\xee\xb7\xf6\x1e\x9c\
\xa4j\x83\xc1?\x06_8\xf2\xf4\xb1&\xe1^\xeeI\
\xcd\xbf\xa5\x85\xf7r\xf8:\xbe\x0f_=j\xfe\xc1\x97\
\xbe\xef\xe0duG\x8e\xbbr\xc4\xc7 O\x90\xb6\x0c\
qD\xff>\xecxm\x1d\xbc\x12\xb5\xaf\xf9>\xee\xa7\
\x10Sf\xaa\xfc\x81f\xcd\xebI\xbf\x01mT\xcc\x0d\
jp\xe1\x9eL\xebK\x7fr\x97\xb6\x5c\xe5\xe7T\xb4\
\x16\xa06^\xa7\xb0\x96\xc0\xdd\x1c\xb5\x96\xe0\xde\x0dk\
 j\x84\xb3\xf6\x1fq\x04\x90\xdby\xe0\xd8\x942\xef\
\xf6\xf0\xfdIS\xba\x1a\xf7w\xfb\xd4\x92h\xcdy\x03\
>\xf2\x9d/LP\xb12\xc8\xc7\xbfWp\x8f~\xd7\
L\xf5\xff\xb4\xeb\x0a\xd6\x02m\x0dP\xe4\xf5\xb4m\x17\
\xa4\xce\x18\x9c'\xc4\x1e\x09\x09\xf5\x97\xb3\x97g\x1b\x14\
\xbb\xdfW\xb3'W\xf6\xf7!\x96\x0d\xb9\xbdS\xa6u\
S\xb13\xa8\x03\xf4$\x86\xde\xb2u\xff\x8a\xc6\xf1\xe2\
\xb9!W\x01wr\x88\x95Gl-\xe7\x0c\xb1'?\
\xdf\xf5\x02\xbb\xba4p^F>Ke\xee\x12\xd0\x87\
g\xfd\xe6\x91*vM\x1b\x0bc\xcc:\xde\xa6\xaa\x05\
\x0c\xfb\x03\xb1\xbe\xe8\x15\x82\x9c\xc0\xe0\x10\x7fqb\x1d\
\x0cb\xe3$t\x0fWvvY\x1a\xb8~g\xa1t\
z\xa6i\xb9\x1f\x1f9\xb0\x88M\xdf\xb17%?6\
\xd6J\xf6\xf7\x0a\xad\x03\x05>\x91\xd3\x17g\xcb\xd2\x95\
\x89*\x9f\xa7v\x1d\xd6\x02&\xb6\x09\xf2O\xd0\x13\xab\
\xac\xb9\x8f\x18s\xdc\x93\x95\xc7\x87\x08\x1f\xfd\xe6\xedc\
\x0b\xe2\xe1\x97\xdb\x9c\xde\xcb\xaaC\x88\xf7d\xff\x91\xfc\
\x9a\x1f\xc8m`\x9d\x0cbK\x0c\x1b\xd9\xde\xa0\xf9\x8e\
\xbb\xb2\x9e\xbd\x0d\xbb\xdbG|\xea\x8c\xd9\xbd\x94\x9d\x5c\
4/\xd6\x9e(\xec\x0b\x80\xda\x84\xaf\xcdSw\x90\xfd\
\x07EI\xdd\xba^\xec!J\xac\x1e\x9c_\x0d\xf5\x85\
#\x06\xbd\xac\xc7\x8b\x8cj\xacr\xcf\xb4\xfb\xa3=j\
\xbe\xac\x9a\xc4\xe8#\x8ax\x04\xdc\x13 ?\x97\xf3\x8c\
X#C\x86\xc5\x18\xac\xfd\xac\x85\xfdK\xdc\xcf\xf0u\
\xd4\xbc\xc4\x9d\xbc9{sY#\xdaz@W\xf3\xb2\
U\x8f\x01\xe4\xfa\xa0\xce\x07k\xea\x10k\xa2W\xdfV\
\x851qe\xc5\xf6\xe0\x0e\xbe\xb8:p\xd0=\xe2f\
/\x16\xf4\xe8\xb2\xb5\xfd\xfa\x9eN\x9f`\xdd\xfe\xbf\xf9\
\xe7\x95e\x95\xf6\x0f\xde\xd1\xfc\xfd\xdc\x959\xb2i\xeb\
h\xe9\x1c\xdb\x8c\xf9<\xc4*@\x8d\x18\xe4\x90\x1b\xa2\
\x11\xe4\xf8\x22\x9f\xfd\xa9\xbb\x82\x1e\xe16\xaa\xfb\xa5*\
\xc6w\xf9\xea\xa127\xbb\x9f\xaa\xdd3Oc\xdb\xa0\
?\xd0\x96\x1d\xc9\xb2\xffp\xaa\xb2cro/,\xec\
K\xa2\xdf+\xac\x1c\xf7\x84\xa8kx`\x92\xdd\xd5;\
!\xb6\x0b\xfa[\x5c*\xb8o7\xc4\xdf\x87\xfapz\
\xb5~\x22\x02UL\xac-\xda\xf9x\xcd\xa8\xc3\x81\x1a\
\x9eEsp\xd1\xc7\x02\xb5;\x90\xfb\x83\x1a\xb8\xc8\xd3\
\x9f\x90\x1a'9\xcb\x07+;\x1e5y\x10\x03\x08_\
\x7f\xe1\xba\xf0\x0e\xeav\xe4\xa3\xed\x07\x86\x1e\xc1\xfb\x8f\
\xa4\xca\xb8\x09\xb1\xaa>\x18\xe7\x1c\xb1\x16\xe0\x93\xc6<\
6\xa86'b\xfa7\x0c\x97\x9a\x05u\xa3\x10\xf7\x0e\
;\xd6\x96\xcf\xf7\xf99J3\x0c\x8e]\xc0\xda\x80Z\
:\x01\x9a\xf7\x0d\xf5N\xd0\x0f\x04\xeb!\xb4\x8dZ\x87\
\x99sz\xa9;\x0e\xd4C\x184$Z\xf9>Q\x8b\
\x8fs\x8dX\x1b\xa8\xff\xb6\xf9\xf9\xb1e\xe6\xf2h\xf7\
I\xd4\xaaj\xa1\xb1\x15\xf0\xb3\xc8\x9b\x85_\xdb\x1e|\
s\xaf^\x98%]\x13\xc28'\x88C1mfO\
\x83\xf7n\xe8\x7f\xf2\xd4x\xd5\x03\x0bq-\xf6\xe2\xd3\
\xc7\xeb@m\xcc\xee=#8'\x88\xe3\xf8\xfa5g\
\xd9\xdb\x06\xee\xdf\xd0\xc8\x91\xe3\x19\x92\x96\x91\xa0\xe2\xf5\
\xec\xedn\x0e\xfe\xf8\xf8\xee\xdc\xff\x89c\xd0$\xd8O\
\xf9\xbb\x0d\xcd\x99\x85\x0f+\xf7\xceB\xbb\xbd\x9b\xc7{\
\x81\x9a\xfd\x9c\x1b\xc4\xdeA\xcc\x09j\xc9\x1ar\xe6\xd7\
\xbd\xbb\xb2\xe7\xd8\x1c\xdc\xedU$w\x89\x10[c\xf4\
\xb8\xce\x0e\x1d\x8bW\x92\xff\xbfMtc\xce\x0fb\xd7\
4\x0f\xab\xa7|\xf8\x8e\x14\x83o\x88\xfe\x0f\x1e\x9b\x22\
\xa1\xcd\xear\x8e\x10\xbb\xb6\xfbQ\xb3\xae<v\xbf\xa3\
\xe8\xff\xf9=\xe3\xcdR\xa3\x94\x10K\x81>[\xf6p\
_o\x8a\xf8?\xf4\xdaa\xed>b\xaf V\x0d=\
\xa9\x1d=\x0f\xaf\xa4xf\xc4A\xb0\x967\xb1W\x10\
\xb7\xc33\x7f\xf1{?\xea\x96!\x96\x91\xf3\x84\xd8#\
A\xc1~r\xf2\x5c\xa6\xd9\xeac\xdb\x9a\xfe\x11\xfb\x83\
Zd\x9c+\xc4\xde@\xaeJFf\x0f\xee\xfd\xa5\xf8\
\xfeP[\x1c\xbd|8_\x88\xdd\xc5\xf9\x05\xf9\xa9\xbb\
m\x9e\xfbK\xde\xff\x17/\x1f\x22n\x0e\xd8\x87\x9c\xd8\
?\xc9)\xb1e\xd6\xeev\x5c\xed\xe7\xf7+@\x9f@\
\xce\x15bo\xa0\xce$zW\xdas\xec\xae1\xf2~\
Y\x87\x87\xd8\x1bcS\x9e\xa1\xc6\x0d\xd0\xff\xa6mc\
T}\x1f\xce\x19b\x0f\xb8j\xce\xb1[\x0c\xac\xe7\xe1\
\xe8\xe0\x5c\x84u\x92\xf3\x86\xd8\xc5=_\x88\xbf\x9c\xb9\
4\x9b\xbe~\x03\xfd~\xc8\xf9\x8d0\x92\xed\xef\xee\xee\
\xacj)q\x1e\x12K\xd0\xadg\x84\xe4\xdd\xcf\xa1\xb6\
\xcba\xfb\xaf\xdd8\xc2(}8z\xf7k-C\x87\
\xb7\xe3<$\x16a\xea\xf4\xee\xbc\xdf+\xa7\xdf?\xef\
^\x8e$&UN\xb3\xa8\xdb?g~_U\x0b\x1d\
}\xca9\x17\x899Amj\xe6\xf3U4\xdf\x7f\xba\
\x84\x84\xfaW\xca\xdeG\xff\x937\xdf]\xa1j\xa9x\
x\xbarN\x12\xb3\x81z\xd2\x87^\x9e\xca}\xbf\x82\
\xfaG\xfd~g\xe7\x8a\xf5\xde\x0ao\x19(\x17s\xe7\
)\x1f\x02\xf2)\x99;@\xcc\x09\xfa\xee\xc0\xe6\xa4\x9f\
\xafb\xb6?\xea\x18\xf6\xee\xdb\xbaB\xef}\xca\xe4\xb8\
\xc2x\x0a\xac#\x07\x8eMQ=\x8d9/\x89\xb9b\
z\xae\xbf\xbe\x88Z\xae\xc4\xde\x8f>\xbc\x88\x8b.\x97\
\xbdU\xc7]\xf6\x1d\x9a\xacgo\xe1\xfe\x90~?b\
.z\xf4niPoNR\xfa\xbd\xdf\x8a\xb5\xc3\xc4\
\xdd\xc3\xc5\xe0\xf7}Pb\xf4SuS\xd0\x07i\xfb\
\xee\xf1\xe5z\x1cB*\xca\xb0\x91\xed\xa9_#\x00\x1d\
\xa7et3\xa8\xd6\x87\x9f\x9f\x87\xec=8\xf9)\x1f\
\x0b\xd6\x90+7\xe7\xab\xbe^\x9c\x9b\xc4\xd4LPg\
N\x9e\xf5\x8dq\xf6\xc7\xd9\x09\xef\xa7\xb3K\xc9\xbe?\
\xf4\xfd\x9c<%\xbeD[\x0b\x9fE\xf2\x84X\xceM\
br\xd0O\x92u;\x8cg\xfb\xdf\xbc\x9b#\xf3\x17\
\x0d\x90\x86\x8d\xea\x14\xfb~\xc7\xc65\x97\x8b\xb9%\xf7\
A\xc6]\xeb\xcauI\xac\x15FLNyz\xf3\x11\
\xc3\xf6\x7f\x80^\xc7\xa9\xe9\x09\x12\x15\xddX\xea\xf8\xba\
\x8b\x8bk\x0di\xdd\xa6\x91\x1c;Yz\x0fd|\xef\
\xc5\xa3i\xaa\xe71\xe7'1uL\x1f\xf7}\xd3\xf8\
\xff\xf3\xcf\xef\xd9\x1a\xbdg\xc8\xd6\x9d\xe3\xe4\xf8\x99\x19\
e\x9e\xaf\xf0s'\xcf\xcd\x94z\xf5\xbd9?\x89i\
\xcf\xfb\xa9<\xef\x9b\xfa\x1c\x00=\xc3\x87o\xc8\xfb\x8c\
u\xf8\xf4\xa5\xd9\xd2\xb8\x89/\xe7'1)\xa3\x93;\
Q\xa3V\xd8\x1b\xb4$\x7f\x01!\xc6b\xe0\x90hj\
\xce\xca\xb4\xff\xf2\xab\xd3\xa5N\x1dw\xceObR\xba\
v\x0bcl\x8f5i_s6\x80o\xc0\x95uA\
\x89\x19bzo0\xa6\xd7j\xc0\x1d_\xe6\x9c^*\
\xbf\x97\xf3\x93\x98\x92f\xcd\xeb\xc9\xf9\xab\xec\xc7k-\
\xf7\x837\xee.R\xb6\x18\xe7&15u\xeby\xab\
\xf3%\xef\xf8\xad\xe3\xac\xbf\xef\xe0d\x95\xe7\xc3\xb9I\
L\x8d\x9b\x9b\xb3\xec\xde?Q\x9d3\xa9?\xcb\xe7\x04\
\x0c\x1e\xda\x96\xf3\x92\x98\x85\xea\xd5\xab\xc9\xd2U\x89\xd4\
\xbe\x15\xec\xf9\xc8\xe1\xf3\xf6a\xfdob>&\xa6v\
\xa5\xcdo\xe1\xf8\x9fK\xb9Y\xec\xf9I,T\xa7w\
1uh\xc1\x9a\xff\xa9S\x13\x94\x0d\xc6\xf9H\xcc\xeb\
\xeb\xafK_\xbf\x05m\xfd5\x1b\x86\x8b\x97\x17sw\
\x88\xf9\xf1\xd4\xcc\xbb\xa2\xf5\xa3\x88yl\xfd]/L\
`\xfc.\xb1\x18\xa8'1oa\x7f\xd6\xe96\xb3\xee\
q\xb7\x0a\x9b\x8bs\x90X\x92~\x03\xdb<U?\x8e\
\x98\xbe\xb7WL\xfb \xce?bQ\x82\x82\xfd\xd8\x93\
\xcf\x02g\xfd#\xc7\xd3%<\x22\x90s\x90X\x0c\x17\
\x97\x1a\xb2~3\xfb\xf3XB\xff\xfb\x0f\xa7J\x18\xf5\
O,Y\xb3wD{\xe6\xf4YH\xff\x87_I\x97\
\xa8\xb6M8\x0f\x89\xc5\xec~\x9cAi\xf7[F\xff\
'\xcfeJ\xaf\xbe\xad\xc5\xc9\x89\xf7\xfc\xc4\xbc89\
U\x97%+\x86h\xe6!\xed~K\xe9\xffZ^\xb6\
\xa4e$\x88\x8fO-\xceIbVPC\xfa\xfa\xeb\
\x0b\xe5\xf5\x87\xd4\xa2\xa5\xfc\xff\x88\xf3\xdb\xb6k\x9c\xaa\
\xad\x80\xfbW\xceK\xc7\xa5f\xcd\x9a\xe2\xe1\xe1ar\
\xdc\xdd\xdd%0\xd0_\xf6\x1cHe\x9c\x8f\x15\xd8\x00\
\x17^\x9b'3f\xf7\x92\xa0\x10\x7f\xea\xc0\x01\x89\x89\
\x89\x91#G\x8eH^^\x9e\x99\xb8%\x0f\xdf9\xab\
\x99{+\xa8A+\xb0\x01\x00j{OJ\xeb*\xc1\
\x9a5\x801\xff\x8e\x81\x97\x97\x97\xe4\xe6\xe6\x8a\xb9\xc7\
\xe3_\xbe\x93\xf7>\xda'w\x1e0\xd6\xc7Zl\x00\
\xfc\xf9\xea\x85Y\x92\xb5\xb0\xbft\xe8\x14\x22\xde\xde\xa6\
\xcd\xf5\xadZ\xb5\xaaTw\xaa&n\xb5\x9c\xd5\xefB\
=\x11_?\x0f\xa9\xe3\xeb\xa1|\x11\x1e\x9e\xae\xe2\xec\
\xec\x94\x7f&a}1\xa3\xd3\xa8Q#\xf9\xe4\x93O\
\xc4\x12\xe3\xd1\x17o\xcb\xbd\x87\xdc\xfb\xad\xb1\xd6\x7f\xee\
\x9d\x85\xb2\xf7\xe0$\xc9\xc8\xec\xa1\xfc3\xf5\x03}T\
\x0f@\xe8\xb5BgJ\x8d\x86\x03\xeazI\x9b\xe8\xc6\
\xd2\x7f`\x1b\x99<5^r\x96\x0f\x96\x8d\xcf\x8d\x96\
\x1d{ST\xae\x07z\x05\x1dzy\xaa\x1c|i\x8a\
\x8aG\xd8\xf3\xe2$USt\xed\xa6\x11\xaa\x07\x19\xfa\
\x10\x2264\xa6}\xb0\xea-\xe0\xee\xeeB_E%\
\xb5\xff\xb7\xbf\xfdMO\x93\xbf\xfc\xf2\x8b<~\xfc\xd8\
\xc4\xfc\x22\xdf\xff\xf0\x8d\xbc\xff\x7f\x074s\x8e\xf7\xfd\
\xd6j\x0b\x00\xf4\xff\xc3\x99\xe0\xb9\x1d\xc9\x929\xa7\xb7\
\x0c\x1d\xdeN\xe2\xe2[H\xab\xc8\x86\xea\x8c\x80\x9al\
~\xfe\x9e\xaa/\x18\xf4\xdd\xa8q\x1d\x15G\xd4\xb1s\
\xa8\x0c\x1c\x1c\xad\xfa2m\xda:Z\xf5\x10\xbb\x9a\x97\
]\xb8\xc6 \xc6K\x0b\xee}\xb4\xbf\xaf\x10\xbd\xef/\
+\xbc\x17\xc6\xbat\xea\xfcL\xd9{`\x92d\xe7\x0c\
\x94!\xc3b\xa4e\xeb\x86\x1a\x1b\xd6\x8d\xf5G+\xa1\
\xfdo\xbf\xfdVV\xacX!c\xc6\x8c\x91\xe4\xe4d\
\x932vl\xb2L\xcf\x1c!Wof\xab\x1a\x92\xd4\
\x9b\x95\xaf\x03\xd0`A\xef\x1f\xd4\xfb\xbc|}\xbe\x9c\
\xbb2G\x9d\x13\xd0\xe3\xeb\xc4\xb9L\xa5I\xc4m_\
\xcc\x9d'\xb9\xb7\x17\x16\xd6\x04\x7f\xa2_#<\x9f\x87\
\xdauiya\x8c\xe8\xe5\xebY\xcav\x80\xdf\x12k\
\x8e7\xef/\xcb\xad\xfd/\xbf\xfcR\xda\xb5kg\xc6\
z^Uenv?\xc6\xfa\xd8d?\xd0eO\xfa\
\x81\xe9\xa0\xfd\xba9\xd7s\xdd\xe7\x815\x07\xf5HS\
4g\x04\xd8%<\x17\x18\xa6\xfd\x7f\xfe\xf3\x9f\xd2\xb1\
cG\xb3>\x07\xe4\x96\xe3\x9c\xc7;?b\xacuI\
kc\xc0&\x99\x9d\xd5G\x9a\x87\xd5\xab\xb0\xaf\x82\xda\
7qM\xaf\x1e\x11*\xde\x8c\xfb?1\x85=\x808\
\xf2\xb4\xf4\x04\xe5\x8f\xa0\xee\xadK\xfbN5\xaaK\xc6\
\x8c\x1e\xcc\xf3!&[\x03\xf0\xe7\x9e\x03\x93\xa4sl\
S\x9e\x03\xacH\xfb\x00w\xba\x1b\xb6\x8c\xa2\xedOL\
\xea\xb3\xbct=K\x92Sb\xc5\xc5\xb5\x06\xb5o%\
\xda\x07M\x82\xfd\xe4\xc5#i\xd4?1\xa9\x0d\x90w\
?G\xdd\x09\xd4\xaa\xe5L\xed[\x89\xf6\x01\xe2?p\
\x9fL\xfd\x13S\xfa\x03Q?n\xda\xcc\x9e\xaa\xa6\x0c\
\xb5o\x1d\xda\xd7\xe6\xfa\x9d\xb9<\x9b\xfa'&\xdb\xfb\
\xe1[\xc2\x19\x131I\xd4\xbe\xf5h\x1f$t\x0f\x97\
\xb3W\xe6P\xff\xc4\xf8g\xfe\xdc,\x99\x90\x1a\xe7\xd0\
5\x0c\xacY\xfb ^\xa3\xff\xd3\x97\xb8\xff\x13\xe3\xd6\
.}\xa6K3\x87\xf7\xf5[\xbb\xf6A\xe7\xd8f\xec\
\xe1M\x8cb\xe7?\xbf7\x85\xfd\x0alH\xfb\xa0e\
\xab\x06\xean\x96\xfa'\x15\xd5\xfd\x96\xe7\xc7J\xc3F\
\xb5\xa9{\x1b\xd3\xbe6\xf6w\xf5\x86\xe1\xaa\xde\x14\xe3\
\xffHy{\x8f7hH\xdd\xdb\xaa\xf6U_?O\
W\x95\xfb}\xe5\xe6|\xda\x00\xc4 \xdd\xa3.@H\
h\x00\xf5n\xe3\xda\xcf\xcf\xfd\xab&\xf1\xdd\xc2\xe4\xc0\
\xb1)f\xcf\x17#6d\xe7#\x8e\xff\xd2lU\x8f\
\x94Z\xb7\x0f\xed?9\x03\xd4\x96\xec\x9c\x01\xf2\xda\xed\
\x05\xb4\x01\xc8S\xe7{\xe4\xf2\x0e\x1c\x12M\x9d\xdb\xa1\
\xf6\xf3\xeb\x0b;I\xb7\x9e\x11\xb2\xf7\xe0d\x15\xab\xc1\
5\x80h\xc9\x9c\xd3Kj\xd4\xa8N\x9d\xdb\xa9\xf6\xb5\
\xf8\xf9y\xc8\xb8\x89\xb1r\xe2l\xa6^}'\xe2\x98\
g|\xd4\x00\xc4\x9c\xa0\xc6\xed_\xfbZB\x9b\x06\xa8\
\xba\x8e\x17_\x9b\xc75\xc0Am\xfd\xb3\x97\xe7Ht\
\x0c\xfb\x0e:\x9a\xf6\xb5}\xbfZ\xb7i$\x0b\x97\x0c\
\xe2\x1a\xe0` ?g\xec\xf8g\xa8m\x07\xd5~\xd1\
5\x00\xfe@\xd4\x8f\xd4\xd6r\xa2F\xec\xd7\xd6G\xcd\
o\xdc\x03S\xdb\x8e\xad}\xdd;A\x9c\x05R\xa7\xc6\
\xcb\xd1\xe3\x19r[\xb37\xdc/\xa87K\xcd\xd8\x8f\
\xeeQ\x97\x0b\xb5\xba\xa9kj\xbf8PK~\xe0\xe0\
(Y\xf7\xecHu\x1e\xd0\xd6sc\x8c\x80\xed\xdb\xfa\
\xa3\xc6v\xa2\xa6\xa9\xfd2A\xbd\x86\x88\x96\x0d$5\
=A\xd5s\xd6\xc6\x08p\x1d\xb0\xcd=\x7f\xc3\xe6Q\
\xaa\x87\x175M\xed\x97\xab'\xa1\xb7\x9b\xea\xf3\x84\x1a\
./\x1cN\x95k\xb7\x16\x14\xf6\x8d\xe1\xb9\xc0\xfau\
\x7f\xea\xc2L\x09\x8f\x08\xa4\x9e\xa9\xfdJ\xd7\x0b\x8dj\
\xdbDR&u\x91g\xb7\x8dQ\xf7E\xb7\x0a\xfc\x03\
\xbc/\xb0\xbe\xba[7\xef\xe5\xa8\x1ea\xd42\xb5o\
L\x5c]k\xaa\x1c\x90\xbe\x03\x22e\xce\xfc\xbe\xeal\
\x00\x1f\x816~\x90v\x81\xe5\xe3\xf5\x97\xaeL\x14W\
\xb7\x9a\x9c\xaf\xd4\xbeI\xfbE\xe3\xee\x08=&\xd1\x0b\
\x16\xbd^P\x07\x02}_\xb0\xf7`.\xde\xd7\xe9W\
G\x9f\x81\xe9m}\xf4\xebE?^\xceOj\xdf\xdc\
\xb8i\xf6\x1b\xcc\xbd\xf6\x1dCd\xf8\xa8\x0e\xb2h\xe9\
 \xd9\xbd\x7f\xa2\x8a%@\x1e\x09\xea\x0c\x14\xed#K\
;\xc18\xb1{\x174\xf6W\xe7.\xcd8\x0f\x1dL\
\xfb\xed\xdb\xb7\x97e\xcb\x96IZZ\x9ax{{[\
\xcd\xf3B\xfd7O/WUc\x041\xa5\x83\x12\xdb\
\xca\xf4Y=e\xcd\xc6\x11\xaa\xe7\x00\xd6\x04\xf4\x1d\xc3\
\x9a\xa0\xed!\xab\xdb\x7f\x9a\xeb\x82ag|\xd4\xd6\x1f\
\x95\xdc\x89\xfd\xf5\x1cL\xfbaaa\xf2\xd1G\x1f\xa9\
\xe7\xfa\xeb\xaf\xbf\xca\xe2\xc5\x8b\xad\xfe=vvvR\
\xbd\xe1\xb1& \x97\xbcO\xffH\x95w\x94\xb5\xa8\xbf\
\xf2'b]x\xe5\xf4\x0c\xb5\x97i\xcf\x0f\xda\xb8\x83\
\xe2\xfa\xcf;:\xc8\xd7\x80/\x86\xfau,\xedgg\
g\x8b\xeex\xf0\xe0\x81\xd4\xa9S\xc7&\xdf{\xd8\x09\
55\xeb\x82\xbb\xbb\x8b\xd4\xab\xef\xad|\x09\x9d\x9ei\
*\x03\x06E\xc9\xc4\xb4\xae*\x16\x191\xaa\xbb^\x98\
 \x87_I/<K\xe0\xde\x01\xfeF\xed=dQ\
\xdb\xc1^}\x0dxm\x8e\x5cO\xdf\x91\xb5\xef\xe5\xe5\
%\xb7n\xdd\xd2\xd3\xfeg\x9f}&\x11\x11\x11v\xea\
_\xcc\x8fGF\xdf(?\x7fOi\x12\xe4'\xadZ\
7\x94\xae\x09a\x92\x98\xd4N\xf5\x95]\xb0x\xa0\xac\
\xdd4Bv\xed\x9f(/\x9d\x9a&\x17s\xb3$\xf7\
\xce\xc2\x82s\x85\xfd\xc4*\xe1u\xc0\xb7\xca\x9a{\x8e\
\xa9\xfd.]\xba\xc8\xd7_\x7f\xad\xa7\xfd\x9f~\xfaI\
\x06\x0d\x1a\xe4\xd0\x9f!\xea\x97\xc0\xcf\xe0\x1f\xe0)\xc1\
\xa1\xfe\xd2\xaeC\x88\xf4\xd7\xd8\x0e\xe93\xba\xcb\xe6\xed\
c\xe5\xdc\xd5\xb96\xaf{\xf8P\x83C\xfc\xa9Y\x07\
\xd5\xfe\x9a5k\xa4\xb8\xb1h\xd1\x22~\x96:\x046\
\xf0Q\xda_\xbcb\x88\xca]\xba\xf1\xfa\x22\x9b\xb6\xf3\
w\xee\x9b@\xdd;\xb0\xf6\xfd\xfc\xfc\xe4\xad\xb7\xde*\
V\xfbG\x8f\x1e\xd5\xd8\xc6\x8e]\x9b\x09>o\xf4\x9c\
\x989\xb7\xb7\xaa]\xa4\xbd_\xb4\xd5\x9ce\xed9e\
\xd3\xd61\xcaGJ\xad:\xae\xf6\xfb\xf4\xe9#\xdf~\
\xfbm\xb1\xda\xc7\x9a`\xab\xfe>\xa3\xc4!\xd7\xae%\
\x13&\xc7\xc9\xab\x17g\xe5\x9f\xefm\xbcF\x01\xf6z\
\xf83Q{\x05~\x0e\xea\xd4q\xb5\x8f=m\xdb\xb6\
mR\xd2x\xf4\xe8\x91\x84\x87\x87\x9b\xec\xf7\xd7\xa8Q\
C|||\xac\xd2\xb6h\x15\xd9P\xb6\xed\x1a'w\
\xd0\xaf\xc4\x0e\xea\x92\xa8>\x99\xd7\xb3d\xdc\xc4.\xca\
\xc7I\x8d:\xb6\xf6\x03\x03\x03\xe5w\xbf\xfb]\x89\xda\
\xff\xe1\x87\x1fd\xf0\xe0\xc1&;k`\xdd\xb9\x7f\xff\
\xbel\xd9\xb2E\xfc\xfd\xad\xe3\xdc\x89\xfb\xc1\xde}[\
\xcb\xc9\xf33\xd5\xfd\x9e=\xdc\xdf\x01\xe4Q\xa2\xff\xba\
\xa3\xf7\xc9\xa4\xf6\xf3\x196l\x98\xfc\xf8\xe3\x8f\x85\xcf\
\xf1\xef\x7f\xff\xbb|\xf1\xc5\x17z\xfa_\xb0`\x81\x09\
j~9\xc9\xc6\x8d\x1b\xf5~\xcf\xda\xb5k-\xbe\xff\
;9US1\xc4Wn\xd8Go\x22\xac]\xe8\xb3\
4k^\x1f\xa9_\xdf\x87\xba\xa4\xf6\x0b\xeamU\x97\
\x03\x07\x0e\xe8\xe9o\xf7\xee\xddr\xf6\xecY\xbd\xaf\x1d\
>|Xi\xd5\x98\xbf;11\xf1\xa9;E\xac9\
=z\xf4\xb0\xe8~\x9f4\xb2\xbd\xaa5b\xebq~\
X\xb7\x10\x9f\xfb\xdc\xced\x15\xd3\x84\xfa\x8a\xd4$\xb5\
\xaf%88X\xfe\xf0\x87?\x14>\xbf\xff\xfc\xe7?\
\x92\x90\x90 +W\xae\xd4\xd3\xe4\xc3\x87\x0f\x8d\x1a\xdb\
\xdf\xb4iSy\xff\xfd\xf7\x8b=c\xdc\xb8qC|\
}-\x93?\xd6\xadG\x84\x5c\xd6\xec\xf7\xb6\xac{h\
\x1e5\x13\xf7\x1d\x9a\xac\xfa\xe6xy\xb1\xde\x0e\xb5\xff\
4)))\xf2\xcb/\xbf\x14>\xbf{\xf7\xee\x89\x87\
\x87\x87\x8c\x193F\x1e?~\xacw\x0e0\x96\xbf\xcf\
\xcd\xcdM\x0e\x1e<X\xa2\x7f\x01y\x04\xa68c\x94\
EP\x88\xbf\x1c;9\xcd&\xed|\x95\x9f\xf0\xf6r\
\x95\xaf\x80^\xea\xa8\xb7\xe1\xeb\xcb\xde\x19\xd4~I9\
0\xcer\xf2\xe4\xc9b\xe3x\xda\xb6m\xab\x9e\xabv\
\xc0\x1f`\xac\xf8\xbe)S\xa6(\xff\xa1v\xfc\xf7\xbf\
\xff\x95\x9f\x7f\xfeY\xefy\xe0=\xeb\xd0\xa1\x83\xd9\xde\
\x0b\xf4\x96B|\xbf-\xe9>?\x1f)\xbf\x9e\x01j\
\x9e\xac\xd90\x5c\xf5O\xf3\xf6\xa9E\xedQ\xfb\xa5\x82\
8}\xdd\xe7\xf6\xf9\xe7\x9f+\xcd\xabz\xbbu\xeb\xca\
o\x7f\xfb[==\xce\x9f?\xbf\xd2\xbf\x13\x8f\xff\xc7\
?\xfeQ\xefq\xaf^\xbd*\xabW\xaf~J\xff\xf0\
9xz\x9a\xe7\xfe\x19wy\xda\xba\xc2\xb6\xb0\xbfc\
\x8d\xba\x9a\x97\xadbq'\xa6vU\xf5\xf4\x9c\x9dk\
PsV\xac\xfd/\xbf\xfcR\xda\xb5\xb3\x8e\xfag3\
f\xccP{\xaev\x5c\xb8pA\x5c]]\x0bm\x82\
3g\xce\xe8i\xf1\xc8\x91#\x95\xf2\xc1\xd7\xae][\
.^\xbc\xa8\xf7\x98\x7f\xf9\xcb_T\xbd\x00h\x1c\xbf\
_w`-\xc8\xc8\xc80\xcb{\x91>\xbd\xbb\xd5\xef\
\xf9\x88%D}C\xc4\x1b \x0f\x115\x0c<y\x96\
\xb7\x19\xed\x7f\xf3\xcd7\x92\x9a\x9a\xaa\xec\xd9N\x9d:\
Y\x04\xd8\x1dqqq\x92\x97\x97\xa7w\xc6F\xad\x8e\
\xd2\xe2\xfb\x11\xdfW\x96\xbf\x0f\xf7\xf5\x99\x99\x99\xea\xce\
~\xfb\xf6\xed\xeaO\xb0u\xebV\xb5\x8f\xeb\xfa\x10p\
\x8eHOO/\xfcY<\xafO>\xf9D\xefw~\
\xfc\xf1\xc7\xea\xdeA\xfb8\xc6G\xf3\x1c\xb7o\x96\xf3\
W\x16[m>\x1e\xf6\xfa\x93\xe72e\xc0\xe0(\x09\
i\x1a\xa0\xea\x19Q[\xb6\xa7\xfd\xff\xfd\xef\x7f\xf2\xdd\
w\xdf\xc9\xbf\xff\xfdo\x8b\x82\xf8]\xdd=\xffO\x7f\
\xfa\x93\xf2\xbd\xeb>\xf7Q\xa3F\xe9\xf9\x01\xf1:J\
\xcb\xe7\xadY\xb3\xa6\xec\xdc\xb9S\xbdFC\x06\xfc}\
\xf0\xfb\xe9>\x06\xce\x15\xba\xbf\xd3\x1c\xe3\xe7\xc7_\xcb\
o>\xd8*w\xdeZb\xb5~\xfb\xe3gfH\xfd\
@\xde\xcd\xdb\xb2\xf6\xadu@\x87E\xef\xef\xa3\xa3\xa3\
\xf5\xfc}\xb0\xc1\xfb\xf7\xef_j\xcd\x9f\xa2\xfbvI\
\xe3\xddw\xdf\x95\xd0\xd0\xd0b\xcf\x058\xff\x9bs|\
\xfb\xddg\xf2\xe0\xdd\x8d\x1a\x9d-\xb1Z{?\xef\xfe\
b\x89\x8boAMQ\xfb\xc6\x9d\xfb\x1a\x1b`\xe0\xc0\
\x81O=w\xf8\xfb\x8a\xde\xc1\xa3\xaeOI\xafu\xec\
\xd8\xb1\x06\xed\xd9\xf0)\x16\xf7\xfb\xb4t\xee\xdcY/\
\xe6\xc0\xd4\xe3\xc7\x9f\xbe\x94\x87\xefo\xb6j\xed\xc3\xee\
O\x99\x1cGM\xd9\xb0\xf6\xa1\x8d\x0f?\xfcP\xde|\
\xf3MU\x0f\xcb\xd2\xdc\xbe}[f\xcd\x9a%..\
.\xc5\xe6\xd8\x14\x8d\xefC>o\xb5j\xd5\x8a\xcd\x07\
\xda\xb7o\xdfS\xfe\xfbM\x9b6\xc9\xb3\xcf>\xab\xd8\
\xbcy\xb3\xac_\xbf^z\xf7\xee]\xecc\xe8\x02\x7f\
\xc8\x8a\x15+\xd4\xcfh\x7f\xde4l\x96\xcd[\xd6\xc9\
\xa5\xdc%&=\xefW\xf6\xb1\x91/\x8c\x1aB\xd4\x94\
\xedj\xff\xab\xaf\xbeR1\xab\x88\x9f\x81\xdf\xcc\xd2\x14\
=o\x17e\xd5\xaaUzz~\xe3\x8d7\x94]^\
\xf4\xdf\x05\x04\x04(;^;\x10\xab\x8b:@\xb6\xf0\
\x19\xa1n\x17\xf2Y\xa1/S\xe9\x1e\xf1\xf4\xc8\x9b\xad\
\x8c\xf6\xd7n\x1c\xc1\x1c\x1c\x1b\xbf\xdf7g\xccJe\
\x191b\x84\xba\x03\xd0\x8eO?\xfdT\x9d\xeb\x8b\xfe\
\xbb\xae]\xbb\xaax`\xdd\xf3<|\xfe\xb6\xf2:;\
\xc765I\x0c?\xfctGOd\xa8;D\xd4\xf9\
\xab\x8c\xf6\xd7o\x1e\xa5\xd6)\xea\x8a\xb1=\xe6\x00\xb1\
8\xff\xf8\xc7?\xf4\xee\xe5\x8a\xf3\xf7\xe5\xe4\xe4<\x95\
\x0fT\x96]oM\xb8\xb8\xd6\x90e\xab\x86\x1a\xf5\x8e\
\x1f\x8f\xf5\xf2\xab\xd3\xa5mL\x90\x8a\xb7\xd3\xd6\x07\xaf\
\xa8\xf6W\xafO\x92\xaa\xdc\xf7\xa9}3\x81|\xfa\x0f\
>\xf8\xa0T\x7f\x1f\xce\x0d\x97/_.\xfc>\xee\xf0\
\x93\x93\x93m\xee\xb3\x0a\x0a\xf6\x93\x03\xc7\xa6\x18%_\
\x1fv\xfe\xfe\xc3\xa9\x12\x19\xd5H=v\xcf\xde-U\
N]e\xd6\x91\xb9\xd9\xfd\xa8)j\xdf\x8c5jk\
\xca\xe9\xd3\xa7\xf5\xb4\x7f\xe8\xd0!\xbd\xf8\xbe\x16-Z\
\xe8\xdd\xed\xe1\xf5\x16w.\xb0\x05\x10\xdb\x9b\xaf\xff\x8a\
\xd5\xdeF]\xff\xfbo\xaf\x92\xed\xbbR\xa5a\xe3'\
u\xceP/C\xd5\xf4\xac\x84\xcfo\xe4\x18\xf6r\xa3\
\xf6\xcd\x0b\xfc\xed\xa5\xf9\xfb\xb0\xc7\xeb\xc6\xeb]\xbbv\
Mj\xd5\xb2\xdd|\x12\xd4\xac]\xb9n\x98\xdc\xb8\xbb\
\xc8\xa0^\xc0\xf9k\x04\xee\x07\x97\xc9\xbb\x1f\xee\x96G\
_\xbc#32\xf5c\x91\xc3\xc2\xeb+\x7f_E\xfd\
\xfd\xd7\xef,\x94v\x1d\x82\xa9)j\xdf\xac\x8c\x1c9\
RO\xdb\xf0\xf75o\xde\xbc\xa0\xd6E5\xd9\xb3g\
\x8f\xde\xda\x80^~\xb6\xfe\xb9!n\xb6G\xaf\x96\xaa\
\xa7\x17\xea\xdbi\xednm\x9f\x1e\xdd\x1a\xbd\xa8\xefs\
\xff\xe16\xf9\xf4\xf3\xb7\xe4\xa7\x9f\xbfQ\xef\xc1\xacY\
\xb3\xf5\x1e\xcf\xd7\xcfC\xf5\xfe\xa9\x88?\x01?s\xf8\
\xe5\xa9\xe2\xe7\xc7\x9c\x5cj\xdf\xbc \xbeO\xd7\xdf\xf7\
\xfd\xf7\xdf\xcb\x80\x01\x03\x0a\xfd\x01\xef\xbd\xf7\x9e^\x9c\
\x90%\xeb\xee\x18\x1b\xf4\x9e\x0fo\x19(\x89I12\
g~_\x95'\xbb\xf1\xb9Q\xb2z\xfdpU\x03k\
\xc8\xb0\xb6\xd26&D.]:\xa7\xb7\xfe!f\xa2\
\xe8=\xe2\x82%\x03+t\x8f\x08\xed\xe3w\xb17&\
\xb5onpWW\xd4\xdf\x97\x95\x95\xa5\xbe\x17\x1f\x1f\
\xaf\xf2\x93\xb4\x035?\xeb\xd7\xafo\xd7u\xfa\xa1c\
]\x1d\xc2'R4\xe7\xb1\xa8\xf6\x01\xeaf\xe5\xdf#\
\x96/\x9e\xefRnV\xa1\xcf\x90P\xfb\xe6\xae\xf1q\
\xea\xd4)\xbd\xb9\x8d\x1a\x7f\xb0\xf7Q\xeb\xa3h]?\
G\xeb\xe3\x81\x98HC\xb4\x8f\xde\xb6+\xd6\x0c+\x97\
\xdd\x8f;\x07\xf4\xffA_0\xea\x89\xda\xb7\x06\x7f\x1f\
b\x92\x11\xef\x7f\xe5\xca\x15\xbd\xfa;\xc8Ov\xb4\xcf\
\xd8P\xed\x83\xd0\xa6\x01\xea\xdco\x88\xed\x8f5\x02=\
\x80Z\x84\xd5\xa7\x96\xa8}\x8b\xfa\xfbt\xeb\xea\xfc\xf5\
\xaf\x7f\x95\xa1C\x87\xaa?ust\xda\xb4iC\xed\
\x97\xa2}\x10\x19\xd5X\x0e\x1cM+\xec\xe9]\xdc\xbd\
\x01\xd6\x86\xb3\x97gKB\xf7p\xea\x88\xda\xb7(\xd0\
4j\x0e\xe9\xfa\xf4\x8e\x1f?\xaeW\xd7\x1fyA\xc8\
S\xa0\xf6K\xd7>h\xdc\xc4W\xe6/\x1a \xe7\x0b\
z\xf8\xea\xde\x1d \xf6w\xeb\xced\x89i\x1f\xa4\xfa\
\x84SG\xd4\xbe%A\xae\x8e\xae?\x1f\xf59\xa0\x7f\
\xdd:\x1d\xeb\xd6\xads\xc8\xcf\xb8\x22\xda\xd7\xd6\x07m\
\xde\xa2\x9e\xea\x07\x909\xa7\xb7\x8a\xdbC\xed\xbd\xce\xb1\
\xcd\xc4\xd3\x93\xb5\xb8\xa8}\xeb\x00\xf9\xbcE\xfd}E\
\xfbvi\xef\xfd\xa8}\xc3\xb4\xaf\x7f\x7fP\x859z\
\xd4\xbe\xd5R\xb4_\x87\xee\xf8\xfd\xef\x7f\xaf^+\xb5\
_1\xed\x13j\xdf\x9aIJJ\xd2\x8b\xef\xd3\x1d'\
N\x9cP\xf7\xdc\xd4>\xb5O\xecO\xfb\xf0\xf7\x15\xed\
\xd1\xa9=\xfb\xa3\xde\xb7\xa3~\xc6\xd4>\xb1w\xed#\
~W\xb76\x8f\xeekB\x8d}j\x9f\xda'\xf6\xa9\
}\xd4\xf1-\xce\xdf\x878\x9f\xe2\xeaxQ\xfb\x9c\xff\
\xd4\xbe}h\x1f G\xaf\xe8@\xdf\x0dG\xfe\x8c\xa9\
}\xe2\x08\xda\x1f6l\x98\x9e\xbf\x0f\xb1~\xf0\x01R\
\xfb\xd4>\xb1o\xedGFF\xca\xa3G\x8f\x0a_\xcf\
\x9f\xff\xfcg\x09\x09\x09\xa1\xf6\xa9}b\xe7\xdaG\xaf\
\xce\x1d;v\xa8\x98\xbe\x7f\xfd\xeb_\xaaF\xa7\xa3\xe5\
\xedQ\xfb\xc4\x11\xb5\x0f\xd03\x17y\xfb\xe8\xebY\x5c\
O\x0fj\x9f\xda'\xf6\xa9}B\xed\x13j\x9fP\xfb\
\x84\xda\xa7\xf6\xa9}B\xedS\xfb\xd4>\xb5O\xedS\
\xfb\x84\xda\xa7\xf6\xa9}B\xed\xf3\xbd\xa1\xf6\x09\xb5O\
\xa8}B\xed\x13j\x9f\xd8\xab\xf6;t\xe8\xc0\xf7\xc6\
\x8e0\xb4/\x0fql\xed#\x06\x1e5-Q\xf7\x16\
\xbd\xab\x88\xed\x13\x14\x14$W\xaf^\xa5\xf6I\xa9\xda\
G\xef\x1a\xe4\xc1\xa1\xa7\x05\xb1\x0f>\xfe\xf8c\xd5\x9f\
\x94\xda'\xa5i\x9f\xc31\xc6\xec\xd9\xb39\xff\x1d\x1c\
\xd8\xf6\x1f~\xf8!\xc5\xe0@\xe3\xd7_\x7f\x95\x94\x94\
\x14\xce\x7f\x07\x07\xbdj\xa7N\x9d\xaal\xc3\xaf\xbf\xfe\
\x9a\xd89_}\xf5\x95\x9c={V\x02\x03\x039\xff\
\x89\xaam\xd1\xbcys\xe9\xd2\xa5\x8b\xc4\xc5\xc5\x11;\
\x06\xf5\x8a}||8\xef\x09!\x84\x10B\x08!\x84\
\x10B\x08!\x84\x10B\x08!\x84\x10B\x08!\x84\x10\
B\x08!\x84\x10B\x08!\x84\x10B\x08!\x84\x10B\
\x08!\x84\x10B\x08!\x84\x10B\x08!\x84\x10B\x08\
!\x84\x10B\x08!\x84\x10B\x08!\x84\x10B\x08!\
\x84\x10B\x08!\x84\x10B\x08!\x84\x10B\x08!\x84\
\x10B\x08!\x84\x10B\x08!\x84\x10B\x08\xb1\x1c\x1c\
\x1c\x1c\x1c\x1c\x1c\x1c\x1c\x1c\x1c\x1c\x1c\x1c\x1c\x1c\x1c\x1c\
\x1c\x1c\x1c\x1c\x1c\x1c\x1c\x1c\x1c\x1c\x1c\x1c\x1c\x1c6>\
\xfe\x1fn\xa9\xb7m\
\x00\x00\x19\xb1\
\x89\
PNG\x0d\x0a\x1a\x0a\x00\x00\x00\x0dIHDR\x00\
\x00\x02\x00\x00\x00\x02\x00\x08\x06\x00\x00\x00\xf4x\xd4\xfa\
\x00\x00\x00\x04sBIT\x08\x08\x08\x08|\x08d\x88\
\x00\x00\x00\x09pHYs\x00\x00\x0e\xc4\x00\x00\x0e\xc4\
\x01\x95+\x0e\x1b\x00\x00\x00\x19tEXtSof\
tware\x00www.inksca\
pe.org\x9b\xee<\x1a\x00\x00\x19.ID\
ATx\x9c\xed\xdd{\xf0\xa7W]\x1f\xf0\xf7f\x93\
\xcd=Y\xb2\x92\x084!7\x92@\x02\x11B\x91\x14\
\x0a$bG+\xa9\xe3XFm!)\xbdX[\xad\
\xb4\x1d\x8a\xdaZ\x85\xaa\xad\x1d;\xd3Rmk\xadH\
a\xecXh\xe4R\xdb\xa25$\x04Q\xa0`bH\
B.@08\xe4\x06\x9b\x9b\xd9\xdc\xf6\xf2\xeb\x1fg\
3I\xd6\xdd\xec\xf7\xb7\xfb=\xe7\xf9~\xbf\x9f\xd7k\
\xe63\x9b\xc9\x1fg\x9e\xf3\x9c\xe7<\xbf\xf7\xf7\xb9\x9c\
'\x01\x00\x00\x00\x00\x00\x00\x00\x00\x00\x00\x00\x00\x00\x00\
\x00\x00\x00\x00\x00\x00\x00\x00\x00\x00\x00\x00\x00\x00\x00\x00\
\x00\x00\x00\x00\x00\x00\x00\x00\x00\x00\x00\x00\x00\x00\x00\x00\
\x00\x00\x00\x00\x00\x00\x00\x00\x00\x00\x00\x00\x00\x00\x00\x00\
\x00\x00\x00\x00\x00\x00\x00\x00\x00\x00\x00\x00\x00\x00\x00\x00\
\x00\x00\x00\x00\x00\x00\x00\x00\x00\x00\x00\x00\x00\x00\x00\x00\
\x00\x00\x00\x00\x00\x00\x00\x00\x00\x00(d\xc3\xd4\x1b@\
w\xcfNrN\x923\x92lIr\xf4\xee\xda\x9c\xe4\
\x98$\x87M\xb7i\xeb\xb6mw=\x94\xe4\xfe\xdd\xff\
}w\x92[\x93\xdc\x92\xe4\x91\xe96\x8dB\x8eJr\
V\x92\xb3\x93\x9c\x98\xa7\xcf\xa7'\xe6\xd7\xb2\xd8\x9e\xa7\
\xcf\xa7mI\xb6&\xf9r\x92\x9b\x93|}\xbaM\xa3\
7\x01`\xb5\x9c\x91\xe4\xe2$\x17&ya\xda\x09\xea\
Y\x93n\xd18kI\xbe\x9a\x16\x04nL\xf2\xf1$\
W'y`\xc2mb\xf9mN\xf2\x9a$\xafKr\
^\xda\x1f\xfeSR\xe7\xdcyoZ\xc0\xfeB\x92O\
%\xb92\xc9m\x93n\x11sS\xe5 ^U'$\
yC\xda\x1f\xfd\x8b\xd2NL<ig\x92k\xd2N\
ZW$\xb9j\xf7\xff\x83}\xd9\x986\x9f^\xbf\xfb\
\xdf\x97\xee\xfe\x7f<\xe9\xf6\xb49ue\x92\xff\x95v\
\xf5\x00\x18`c\xda\xc9\xe9}i\x97\xeb\xd6\xd4\xccu\
G\x92w%y\xf5\xba\xf7:\xab\xee\xdc$?\x9f\xe4\
\xceL\x7f\x9c.S=\x9a\xe4\xb7\x92\xbc1\xc9\xa6u\
\xefu`&g&\xf9\xc5\xb4{rSO\xfaU\xa8\
\xeb\x92\xfch\x96\xeb~-\xf3ut\x92\xb7&\xf9|\
\xa6?\x1eW\xa1\xeeI\x0b\xd8\xa7\xafg\x10\x80};\
7\xed\xd7\xfe\xf6L?\xc1W\xb1\xbe\x9e\xe4\x1d\xa9\xf3\
\xac\x04\xc9\xb1i\x7f\xf8\xfd\xda\xefS;\xd3\xae\x0a\xbc\
l\xd6\x01\x01\x9e\xee\xa5I>\x94dW\xa6\x9f\xd0\x15\
\xea\xfe$?\x1bA`\x95\x9d\x90\xe4_\xa6=\x18:\
\xf5\xf1V\xa1v&\xf9\xcd$\xe7\xcf28@{\xea\
\xf8]Ivd\xfa\x09\x5c\xb1\xb6\xa6\xfd:<d\x7f\
\x03\xc5\xd2\xd8\x90\xe4\xd2\xb4WF\xa7>\xbe*\xd6\xce\
\xb4\xab\x98[\xf67PP\xd5\x13'\xa9\xbb2\xfd\x84\
U\xc9\xef%y\xc93\x8e\x18\xcb\xe0\xfc$\x9f\xcc\xf4\
\xc7\x93J\xbe\x91\xe4\x07\xe3\xed3x\x9a\xd3\x92|\x22\
\xd3OP\xf5\xf4\xda\x9e\xe4_g\xb9\x16K\xa2\xd9\x94\
\xe4\x17\xe2\xd9\x99E\xac\x8f'y\xfe>G\x0e\x0a\xf9\
\xee\xb4\xc56\xa6\x9e\x94j\xdf\xf5\xd9x\xb2y\x99\x9c\
\x92\xe4\x0f2\xfdq\xa3\xf6]\xf7\xa7\xbd:\x08%\x1d\
\x96\xf6\xde\xb1\x87\xfc\x96\xa3\x1e\x88\x13\xd62\x10\xa8\x97\
\xa7v\xa5=\xefd\xfd\x00Jy^\xda\xaf\xca\xa9'\
\xa0Z\xff\x09\xeb\xdf\xc4\x03\x82\x8bhc\x92\x7f\x97\xe9\
\x8f\x11\xb5\xfe\xfaL\x92\xe7\xfc\xd9!\x85\xd5sz\x92\
/e\xfaI\xa7\x0e\xbc>\x98\xe4\x88=\x07\x96\xc9l\
J\xf2\xfeL\x7f\x5c\xa8\x03\xaf\xaf\xa4}\xbb\x04V\xd6\
\xcb\xe3U\xa4U\xa9+\x93\x1c\x17\xa6vL\x92\xdf\xc9\
\xf4\xc7\x83:\xf8\xda\x9a\xe4\x95\x81\x15\xf4\xedI\xfe4\
\xd3O25\xbf\xfal\xda\xe7\x96\x99\xc6\x89I\xfe0\
\xd3\x1f\x07j~\xf5`\xda\xb7N`e\xbc6\xed[\
\xf5SO.5\xff\xba>V\x0f\x9c\xc2\xf1I\xae\xcd\
\xf4\xe3\xaf\xe6_\x8fE\x08`E\xbc8\x9eJ^\xf5\
\xba:\x9e\x09\x18\xe9\xc8X7c\xd5\xeb\x81\xb4\xe5\xd0\
ai\x9d\x1e\x1f\x1c\xa9R\x1fIrh\xe8mc\xda\
\xfa\xf2S\x8f\xb7\xea_w'yA`\x09\x9d\x18O\
\xfbW\xab_\x0e\xbd\xbd;\xd3\x8f\xb3\x1aW\xb7&\xf9\
\xa6\xc0\x129$\x9eL\xaeZ\x7f+\xf4\xf2C\x99~\
|\xd5\xf8\xfah\xac\xbd\xd1\x85\x8f2\xf4\xf1\x93I~\
f\xea\x8d\xd8\x8b\x9dI\xfe8m\x19\xce\xfb\x92lK\
\xf2\xf8\x94\x1b\xb4N\xc7$9*\xed{\xee'g1\
\x9f\xc0\x7f8\xc9\xb7&\xb9a\xea\x0dY1\xe7'\xf9\
t\x16\xf3Y\x8b\xaf'\xf9j\x92\x87\xd2\xe6\xd4\xb6i\
7g]6%9:\xedA\xd6\xcdINM\xbb\xcd\
\xb2h~\x22m\xe5T\xe6H\x00\x98\xbf\xd7&\xf9X\
\x16c\x12\xdd\x94\xe4\xaa\xb4\x07\xa6nH\xbb%\xf1\xd8\
\xa4[4_\xcfJ[<\xe4\x82$\xaf\xdb]\x8bp\
\xb9\xf0\xa6$\x7f>\xcb\xf5\x87`\x91\x1d\x9b\xe4sI\
\xce\x9azC\xd2\xbeh\xf7\xf1\xb4yuM\x92[\xd2\
\xc2\xf4\xaa8<\xed\xbe\xfb\xb9i\xe7\xb2\x8b\x92\x9c3\
\xe9\x165;\xd2\xb6\xe5\x93So\x08\xec\xcb\xb3\x93|\
-\xd3^.\xbb>\xc9\xdb\x93\xfc\xb9\xce}]D\x87\
$\xb90\xc9\x7fH[Td\xcaqxo\xe7\xbeV\
\xf2\xdf2\xedXnM\xf2Ki\x8b\xd4T\xfc\xd1t\
r\xda9\xe5\x86L;\x0e\x7f\x92dK\xe7\xbe\xc2\x01\
{_\xa6\x99\x18;\xd3\x96\xa7}E\xff..\x8dM\
I\xde\x9c\xe4\xc6Lw\xc2\xfa\xce\xee\xbd\x5c}\x97d\
\xba\xf1\xbb!\xc9\x9b\xe2c5O\xf5\x8a\xb4s\xcd\xce\
L3&\xef\xe9\xdfEX\xbf\xd7d\x9a/\xfb]\x9e\
v\xb9\x8e\xbd;$\xc9\xf7\xa6]\xaa\x1d=6_\xcc\
b\xde\xb3^\x16G&\xb9-\xe3\xc7\xed\xe6$\xdf\x13\
\x0f\x9e=\x93s\xd3\x82\xc0\xe8\xb1\xd9\x95\xe4U\x03\xfa\
\x073;4\xc9u\x19;\x11\xbe\x14\xbf0\xd7\xe3\xb0\
$o\xcd\xf8\xe5\x98\x7fzD\xe7V\xd4\xcff\xecX\
=\x9c\xe4\x1di\xf7\xc1\x99\xcd\xc5i\xcf\xbc\x8c\x1c\xa7\
\xeb\xd3\xe63,\x84\xb7e\xec\x04\xf8\xc5\xf8ey\xa0\
\xce\xcc\xd8\xf5\xe3\x1fIr\xc6\x90\x9e\xad\x96\xb3\x92<\
\x9aq\xe3\xf4\xb9\x18\xa7\x03uD\xdas7#\xcf\x81\
\xffpH\xcf`?\xb6\xa4}\xc0b\xc4A\x7f_\xda\
\xe5l\x0e\xce\xe1i\x0fu\x8d:Y]>\xa6[+\
\xe5#\x1936\xbb\x92\xfc\xfb\xf8\xd5?\x0foL{\
\xc5x\xc4\xb8=\x10\xdf\xe0`\x01\xfcL\xc6\x1c\xf0w\
$y\xc9\xa0>U\xf1\x96$\xdb3\xe6\x8f\xccy\x83\
\xfa\xb4\x0a\xce\xcf\x98\xe7iv$\xf9\xbb\x83\xfaT\xc5\
\x8b\xd2\xd6D\x18qN\xfc\xe9A}\x82\xbd:.c\
>\xf4sS\x92S\x06\xf5\xa9\x9a\xefN\xbb\xf7\xdb{\
\x0c\x7f}T\x87V\xc0\xfb\xd3\x7f<\x1eM\xfb\xc5\xca\
\xfc=?c\x9e\x0b\xd8\x9a\xb6F\x04L\xe2\xc7\xd3\xff\
 \xffb\x92\x93Fu\xa8\xa8K\xd2\xffJ\xc0\x8e\xb4\
\xe7\x0fxfg\xa5\xed\xab\x9ec\xb1=\xc9\x1bFu\
\xa8\xa8\x932\xe6[(o\x1f\xd5!x\xaa\xa3\xd2\xbe\
V\xd5\xf3\xe0\xbe#\xed\x8b\x82\xf4\xf7\x96\xf4\xbf\xec\xfc\
\xab\xc3z\xb3\xbc~-}\xc7`W\x92\xcb\x86\xf5\xa6\
\xb63\x92\xdc\x95\xbe\xe3yW\xda\xeb\xa20\xd4\x9b\xd3\
\xf7\xc0~$\xbe\x87=\xda\xbfH\xdf1}8\xc9\xf1\
\xc3z\xb3|6\xa7\x1d\xf7=\xc7\xe0\xa7\x86\xf5\x86$\
yy\xfa\xbf\xcd\xf1\xa6a\xbd\x81\xdd\xfeo\xfa\x1e\xd4\
?4\xae+\xecvH\x92\xdfM\xdfq\xf5\xb5\xc0}\
\xfb\xc1\xf4\xdd\xf7Wf1\xbe\xd1Q\xcd\x8f\xa4\xef\xb8\
\xfe\xf6\xb8\xae@\xf2\xbc\xf4\xbdO\xf9\x81q]a\x0f\
\xcfI\xdf[;\x1f\x1f\xd6\x93\xe5\xf3{\xe9\xb7\xdf\xef\
\x8cgi\xa6ty\xfa\x8d\xed\x8e$\xcf\x1d\xd7\x15\xaa\
\xfb\xb1\xf4;\x98\xefMr\xe2\xb8\xae\xb0\x17=o\xef\
\xecJr\xda\xb8\xae,\x8dS\xd3\xf7\x19\x8c\x1f\x18\xd6\
\x13\xf6\xe6\xa4\xb4uLz\x8d\xef\xdb\xc6u\x85\xea\xae\
O\xbf\x03\xd9\xa5\xff\xe9mH\xfb\xa5\xdek\x8c\xff\xd9\
\xb0\x9e,\x8f\x9fJ\xbf\xfd}\xc5\xc0~\xb0o?\x9c\
~c|\xdd\xc0~P\xd8)\xe9w\x10_\x1b\x1f \
Y\x14/N\xbf/\x9e\xfd\xc1\xc0~,\x8bO\xa7\xcf\
\xbe\xde\x91\xb68\x0d\xd3\xdb\x98\xe4\xf3\xe9w\xfe\xac\xf8\
\x09t\x06\xfb\x1b\xe9w\x00\xff\xd5q\xdd`\x06\xbf\x99\
>\xe3\xbc=m\x11)\x9ac\xd3o\x1d\x86\xf7\x0f\xec\
\x07\xfb\xf7\xfd\xe9w\xfe\xbct`?(\xea\xbd\xe9s\
\xf0\xde\x14\xbf\xfe\x17\xcd\xb7\xa4\xdf}i_r|\xd2\
%\xe9\xf7G\xe1e\x03\xfb\xc1\xfemL\xfb\xdcr\x8f\
\xb1~\xcf\xc0~\xac\x04\x7fp\xd6\xef\xa2N\xed\xbe+\
\xed\x8f\x0d\x8b\xe3\x8f\x92\x5c\xdd\xa9\xed\x8b;\xb5\xbb\x8c\
z\xcd\xa9\x8f%\xb9\xa6S\xdb\x1c\x98\x9di\x1f_\xea\
\xc1\x9c\xa2\xab\x17\xa4Or}4\xbel\xb5\xa8\xde\x92\
>c\xfe\x87#;\xb1\xe0\xaeM\x9f}\xec\x92\xf0b\
\xda\x92\xe4\xb1\xf4\x19s\xcbm\xd3\xcd\xf7\xa5\xcfA\xeb\
\xbd\xff\xc5u\x5c\x92m\x99\xff\x98?\x9e\xe4\xb0\x81\xfd\
XT\x9b\xd2\xe7\xfe\xffCI\x8e\x19\xd8\x0f\xd6\xe7C\
\xe9s.\xf5\x81\xa7up\x0b`}\xce\xee\xd4\xee\x07\
;\xb5\xcb\xc1{0mu\xc0y;,\xbe\xf3\x90\xb4\
\xf5\xe2\x0f\xed\xd0\xeeo\xa7\x85\x00\x16\xd3\xe5\x9d\xda=\
\xa7S\xbb+I\x00X\x9f\x1e\x01`-\xc9U\x1d\xda\
e~z\x8dO\xaf@\xb9Lz\x9d\xb0\xaf\xec\xd4.\
\xf3\xd1k|\xce\xea\xd4\xeeJ\x12\x00\xd6\xa7\xc7\xc9\xea\
\xc6\xb4\xa5gY\x5c\x1f\xeb\xd4\xae\x00\xd0o\x1f\x08\xd5\
\x8b\xed\xce\xb4\xb7\x01\xe6\xcd\x9cZ\x07\x01`v\x1b\xd2\
\x1e\x02\x9c\xb7Owh\x93\xf9\xba1\xc9\x03\x1d\xdau\
\xb9\xb2\xcf\x09\xfb\xfe\xf4\xf9\xe3\xc2|\xf5X\x10K\x00\
X\x07\x01`v'\xa4-X2oNT\x8bo-\
\xc9\xad\x1d\xda=\xa5C\x9b\xcb\xa6\xc7>\xb8%m\xcc\
Xl=\xce}\xc7\xc5\x1bU3\x13\x00f\xd7k\xe5\
6\x01`9\xdc\xd2\xa1M\xab\x01\xf6\xd9\x07\xe6\xd4r\
\xe81\xa7\x92>?\xd4V\x92\x000\xbb^\xaf\x14}\
\xa5S\xbb\xcc\xd7\x97;\xb4\xe9D\xd5g^\xdd\xd6\xa1\
M\xe6\xaf\xc7\x9cJ\x04\xeb\x99\x09\x00\xb3\xebu\xb2\xbe\
\xbfS\xbb\xcc\xd7\x83\x1d\xda\x14\x00\xfa\xec\x83\x1e\xcfk\
0\x7f=\xe6Tb\xfd\x87\x99\x09\x00\xb3\xebuPy\
Wy9\x08\x00}\xf4\xd8\x07\xe6\xd4r\xe8\x15\x00\xcc\
\xab\x19\x09\x00\xb3\xeb\x15\x00\xb6uj\x97\xf9\xea\xf1G\
\xc5/\x95\xe4\xe8\x0em\x0a\x00\xcb\xa1\xd78\x09\x003\
\x12\x00f\xb7\xb1S\xbb;;\xb5\xcb|\xf5\x18\xa7^\
\xc7\xd42\xe9\xb1\x0f|Tk9\xf4:\xf7\x99W3\
\x12\x00\x00\xa0 \x01\x00\x00\x0a\x12\x00\x00\xa0 \x01\x00\
\x00\x0a\x12\x00\x00\xa0 \x01\x00\x00\x0a\x12\x00\x00\xa0 \
\x01\x00\x00\x0a\x12\x00\x00\xa0 \x01\x00\x00\x0a\x12\x00\x00\
\xa0 \x01\x00\x00\x0a\x12\x00\x00\xa0 \x01\x00\x00\x0a\x12\
\x00\x00\xa0 \x01\x00\x00\x0a\x12\x00\x00\xa0 \x01\x00\x00\
\x0a\x12\x00\x00\xa0 \x01\x00\x00\x0a\x12\x00\x00\xa0 \x01\
\x00\x00\x0a\x12\x00\x00\xa0 \x01\x00\x00\x0a\x12\x00\x00\xa0\
 \x01\x00\x00\x0a\x12\x00\x00\xa0 \x01\x00\x00\x0a\x12\x00\
\x00\xa0 \x01\x00\x00\x0a\x12\x00\x00\xa0 \x01\x00\x00\x0a\
\x12\x00\x00\xa0 \x01\x00\x00\x0a\x12\x00\x00\xa0 \x01\x00\
\x00\x0a\x12\x00\x00\xa0 \x01\x00\x00\x0a\x12\x00\x00\xa0 \
\x01\x00\x00\x0a\x12\x00\x00\xa0 \x01\x00\x00\x0a\x12\x00\x00\
\xa0 \x01\x00\x00\x0a\x12\x00\x00\xa0 \x01\x00\x00\x0a\x12\
\x00\x00\xa0 \x01\x00\x00\x0a\x12\x00\x00\xa0 \x01\x00\x00\
\x0a\x12\x00\x00\xa0 \x01\x00\x00\x0a\x12\x00\x00\xa0 \x01\
\x00\x00\x0a\x12\x00\x00\xa0 \x01\x00\x00\x0a\x12\x00\x00\xa0\
 \x01\x00\x00\x0a\x12\x00\x00\xa0 \x01\x00\x00\x0a\x12\x00\
\x00\xa0 \x01\x00\x00\x0a\x12\x00\x00\xa0 \x01\x00\x00\x0a\
\x12\x00\x00\xa0 \x01\x00\x00\x0a\x12\x00\x00\xa0 \x01\x00\
\x00\x0a\x12\x00\x00\xa0 \x01\x00\x00\x0a\x12\x00\x00\xa0 \
\x01\x00\x00\x0a\x12\x00\x00\xa0 \x01\x00\x00\x0a\x12\x00\x00\
\xa0 \x01\x00\x00\x0a\x12\x00\x00\xa0 \x01\x00\x00\x0a\x12\
\x00\x00\xa0 \x01\x00\x00\x0a\x12\x00\x00\xa0 \x01\x00\x00\
\x0a\x12\x00\x00\xa0 \x01\x00\x00\x0a\x12\x00\x00\xa0 \x01\
\x00\x00\x0a\x12\x00\x00\xa0 \x01\x00\x00\x0a\x12\x00\x00\xa0\
 \x01\x00\x00\x0a\x12\x00\x00\xa0 \x01\x00\x00\x0a\x12\x00\
\x00\xa0 \x01\x00\x00\x0a\x12\x00\x00\xa0 \x01\x00\x00\x0a\
\x12\x00\x00\xa0 \x01\x00\x00\x0a\x12\x00\x00\xa0 \x01\x00\
\x00\x0a\x12\x00\x00\xa0 \x01\x00\x00\x0a\x12\x00\x00\xa0 \
\x01\x00\x00\x0a\x12\x00\x00\xa0 \x01\x00\x00\x0a\x12\x00\x00\
\xa0 \x01\x00\x00\x0a\x12\x00\x00\xa0 \x01\x00\x00\x0a\x12\
\x00\x00\xa0 \x01\x00\x00\x0a\x12\x00\x00\xa0 \x01\x00\x00\
\x0a\x12\x00\x00\xa0 \x01\x00\x00\x0a\x12\x00\x00\xa0 \x01\
\x00\x00\x0a\x12\x00\x00\xa0 \x01\x00\x00\x0a\x12\x00\x00\xa0\
 \x01\x00\x00\x0a\x12\x00\x00\xa0 \x01\x00\x00\x0a\x12\x00\
\x00\xa0 \x01\x00\x00\x0a\x12\x00\x00\xa0 \x01\x00\x00\x0a\
\x12\x00\x00\xa0 \x01\x00\x00\x0a\x12\x00\x00\xa0 \x01\x00\
\x00\x0a\x12\x00\x00\xa0 \x01\x00\x00\x0a\x12\x00\x00\xa0 \
\x01\x00\x00\x0a\x12\x00\x00\xa0 \x01\x00\x00\x0a\x12\x00\x00\
\xa0 \x01\x00\x00\x0a\x12\x00\x00\xa0 \x01\x00\x00\x0a\x12\
\x00\x00\xa0 \x01\x00\x00\x0a\x12\x00\x00\xa0 \x01\x00\x00\
\x0a\x12\x00\x00\xa0 \x01\x00\x00\x0a\x12\x00\x00\xa0 \x01\
\x00\x00\x0a\x12\x00\x00\xa0 \x01\x00\x00\x0a\x12\x00\x00\xa0\
 \x01\x00\x00\x0a\x12\x00\x00\xa0 \x01\x00\x00\x0a\x12\x00\
\x00\xa0 \x01\x00\x00\x0a\x12\x00\x00\xa0 \x01\x00\x00\x0a\
\x12\x00\x00\xa0 \x01\x00\x00\x0a\x12\x00\x00\xa0 \x01\x00\
\x00\x0a\x12\x00\x00\xa0 \x01\x00\x00\x0a\x12\x00\x00\xa0 \
\x01\x00\x00\x0a\x12\x00\x00\xa0 \x01\x00\x00\x0a\x12\x00\x00\
\xa0 \x01\x00\x00\x0a\x12\x00\x00\xa0 \x01\x00\x00\x0a\x12\
\x00\x00\xa0 \x01\x00\x00\x0a\x12\x00\x00\xa0 \x01\x00\x00\
\x0a\x12\x00\x00\xa0 \x01\x00\x00\x0a\x12\x00\x00\xa0 \x01\
\x00\x00\x0a\x12\x00\x00\xa0 \x01\x00\x00\x0a\x12\x00\x00\xa0\
 \x01\x00\x00\x0a\x12\x00\x00\xa0 \x01\x00\x00\x0a\x12\x00\
\x00\xa0 \x01\x00\x00\x0a\x12\x00\x00\xa0 \x01\x00\x00\x0a\
\x12\x00\x00\xa0 \x01\x00\x00\x0a\x12\x00\x00\xa0 \x01\x00\
\x00\x0a\x12\x00\x00\xa0 \x01\x00\x00\x0a\x12\x00\x00\xa0 \
\x01\x00\x00\x0a\x12\x00\x00\xa0 \x01\x00\x00\x0a\x12\x00\x00\
\xa0 \x01\x00\x00\x0a\x12\x00\x00\xa0 \x01\x00\x00\x0a\x12\
\x00\x00\xa0 \x01\x00\x00\x0a\x12\x00\x00\xa0 \x01\x00\x00\
\x0a\x12\x00\x00\xa0 \x01\x00\x00\x0a\x12\x00\x00\xa0 \x01\
\x00\x00\x0a\x12\x00\x00\xa0 \x01\x00\x00\x0a\x12\x00\x00\xa0\
 \x01\x00\x00\x0a\x12\x00\x00\xa0 \x01\x00\x00\x0a\x12\x00\
\x00\xa0 \x01\x00\x00\x0a\x12\x00\x00\xa0 \x01\x00\x00\x0a\
\x12\x00\x00\xa0 \x01\x00\x00\x0a\x12\x00\x00\xa0 \x01\x00\
\x00\x0a\x12\x00\x00\xa0 \x01\x00\x00\x0a\x12\x00\x00\xa0 \
\x01\x00\x00\x0a\x12\x00\x00\xa0 \x01\x00\x00\x0a\x12\x00\x00\
\xa0 \x01\x00\x00\x0a\x12\x00\x00\xa0 \x01\x00\x00\x0a\x12\
\x00\x00\xa0 \x01\x00\x00\x0a\x12\x00\x00\xa0 \x01\x00\x00\
\x0a\x12\x00\x00\xa0 \x01\x00\x00\x0a\x12\x00\x00\xa0 \x01\
\x00\x00\x0a\x12\x00\x00\xa0 \x01\x00\x00\x0a\x12\x00\x00\xa0\
 \x01\x00\x00\x0a\x12\x00\x00\xa0 \x01\x00\x00\x0a\x12\x00\
\x00\xa0 \x01\x00\x00\x0a\x12\x00\x00\xa0 \x01\x00\x00\x0a\
\x12\x00\x00\xa0 \x01\x00\x00\x0a\x12\x00\x00\xa0 \x01\x00\
\x00\x0a\x12\x00\x00\xa0 \x01\x00\x00\x0a\x12\x00\x00\xa0 \
\x01\x00\x00\x0a\x12\x00\x00\xa0 \x01\x00\x00\x0a\x12\x00\x00\
\xa0 \x01\x00\x00\x0a\x12\x00\x00\xa0 \x01\x00\x00\x0a\x12\
\x00\x00\xa0 \x01\x00\x00\x0a\x12\x00\x00\xa0 \x01\x00\x00\
\x0a\x12\x00\x00\xa0 \x01\x00\x00\x0a\x12\x00\x00\xa0 \x01\
\x00\x00\x0a\x12\x00\x00\xa0 \x01\x00\x00\x0a\x12\x00\x00\xa0\
 \x01\x00\x00\x0a\x12\x00\x00\xa0 \x01\x00\x00\x0a\x12\x00\
\x00\xa0 \x01\x00\x00\x0a\x12\x00\x00\xa0 \x01\x00\x00\x0a\
\x12\x00\x00\xa0 \x01\x00\x00\x0a\x12\x00\x00\xa0 \x01\x00\
\x00\x0a\x12\x00\x00\xa0 \x01\x00\x00\x0a\x12\x00\x00\xa0 \
\x01\x00\x00\x0a\x12\x00\x00\xa0 \x01`v;;\xb5\xbb\
\xb1S\xbb\xccW\x8fq\xeauL-\x93\x1e\xfb\xc0y\
m9\xf4:\xf7\x99W32Qf\xf7P\xa7v\x8f\
\xee\xd4.\xf3uL\x876{\x1dS\xcbd[\x876\
{\x8c\x15\xf3\xd7k\x9c\xfe\xb4S\xbb+G\x00\x98]\
\xaf\x93\xb5\x93\xd5r8\xaeC\x9bNT}\xf6\x819\
\xb5\x1cz\xcc\xa9\xc4\xbc\x9a\x99\x000\xbb^\x07\xd5\xe6\
N\xed2_\x02@\x1f=\xf6\x819\xb5\x1c\x8e\xef\xd4\
\xae+k3\x12\x00f\xd7\xebd}z\xa7v\x99\xaf\
3:\xb4)\x00\xf49Y\x9f\xd6\xa1M\xe6\xaf\xc7\x9c\
J\x92\x07;\xb5\xbbr\x04\x80\xd9\xf5:Y\x9f\xdd\xa9\
]\xe6\xab\xc789Q\xf5\xd9\x07\xe7th\x93\xf9;\
\xabS\xbb\x82\xf5\x8c\x04\x80\xd9\xdd\x9b>\x07\x96\x93\xd5\
\xe2\xdb\x90>\x01\xe0\xf6\x0em.\x9b\x1e\xfb\xe0\xec\xb4\
1c\xb1\xf58\xf7=\x98\xe4\xbe\x0e\xed\xae$\x01`\
vkIn\xed\xd0\xee\x85\x1d\xdad\xbe\xceK\x9fg\
\x00n\xe9\xd0\xe6\xb2\xe91\xa76'ya\x87v\x99\
\xafWuh\xd3\x9cZ\x07\x01`}z\x1c\x5c/J\
\xf2\xcd\x1d\xdae~\xbe\xadS\xbb7wjw\x99\xf4\
\xda\x07\x17uj\x97\xf9xn\xfa\x5cU\x13\x00\xd6A\
\x00X\x9f\x1e'\xab\x0dq\xb2Zt\xbd\xc6\xa7\xc7\xaf\
\xdfe\xd3\xeb\x84}q\xa7v\x99\x8f^\xa1Z\x00X\
\x07\x01`}z\x9d\xb0\xbf\xb7S\xbb\x1c\xbc\xe3\x92\xbc\
\xbeC\xbb\xdb\x93\xdc\xd6\xa1\xdde\xf3\xe5$;:\xb4\
\xfb\x1dI\x8e\xed\xd0.\xf3\xd1\xeb\x9c'\x00\xd0\xcd\x99\
i\xcf\x02\xcc\xbb\x1eMr\xc2\xc0~0\xbb\xbf\x99>\
c\xfe\xb9\x91\x9dXp\xd7\xa4\xcf>\xbeld'\x98\
\xd9\x96$\x8f\xa5\xcf\x98\xf7z\xb5p%\xb9\x02\xb0>\
_J\xf2\xd5\x0e\xed\x1e\x9e\xe4\xfb:\xb4\xcb\xc1{s\
\xa7v\xaf\xec\xd4\xee2\xba\xaaS\xbb\x97vj\x97\x83\
\xf3\xfdI6uh\xf7\xf6\xb4+J\xd0\xcd\x7fM\x9f\
\xe4zs\x04\xb2E\xf3\xd2$\xbb\xd2g\xbc\xbfc`\
?\x16\xdd\x1b\xd2g\x1f\xaf%\xb9``?\xd8\xbf\x8d\
i\x97\xe9{\x8c\xf5\xbb\x07\xf6\x83\xa2.K\xbf\x93\xd5\
\x1b\x07\xf6\x83\xfd\xfb`\xfa\x8c\xf3\xf6\xb8?\xfdT\xc7\
&y<}\xf6\xf5\x07\x06\xf6\x83\xfd\xfbk\xe9w\xfe\
|\xd3\xc0~P\xd4\xc9\xe9w\x00_\x17\x9f\x07^\x14\
/I\xbf_\xff\x9f\x1c\xd8\x8fe\xf1\xa9\xf4\xd9\xd7;\
\x93\x9c;\xb0\x1f\xec\xdb\xc6$7\xa4\xdf\xf9\xf3y\xe3\
\xbaBe\xd7\xa5\xdfA\xfc\xf7\x07\xf6\x83\xbd\xdb\x90\xe4\
\x13\xe97\xc6?1\xae+K\xe3'\xd3o\x7f_\x19\
+\x03.\x82\x1fM\xbf1\xbev`?(\xee\x9f\xa4\
\xdf\x81\xfc@\x92\xe7\x8c\xeb\x0a{qY\xfa\x8d\xef\xae\
$\xa7\x0e\xeb\xc9\xf2x~\xfa]qYK\xbb\xf4\xcc\
tNJ[\xa2\xb7\xd7\xf8\xfe\xe3q]\xa1\xba\xe7\xa6\
\xbd\xbb\xdc\xeb`\xbe|\x5cW\xd8\xc3s\x93\xdc\x93~\
c{\xd5\xb8\xae,\x9d\xab\xd3o\xbf\xdf\x1d+nN\
eC\x92\x0f\xa5\xdf\xd8\xee\x88\x1fM\x0c\xf6;\xe9w\
@\xaf\xc5\xad\x80)\x1c\x92\xe4\x8a\xf4\x1d\xd7\xb7\x0c\xeb\
\xcd\xf2\xf9;\xe9\xbb\xef\xaf\x8agl\xa6\xf0\xd6\xf4\x1d\
\xd7\x8f\x8e\xeb\x0a4\x7f=}\x0f\xeaG\x93\xbc|X\
oH\x92\x9fK\xdf1}8}>*\xb4*\x8eO\
\xf2H\xfa\x8e\xc1;\x87\xf5\x86$\xf9\xd6\xf4[\xf4\xe7\
\x89r{\x87\xe1\x8eLrW\xfa\x1e\xd8w\xc5\xcaV\
\xa3\xfc\xed\xf4\xbd\x07\xbd\x96\xe4W\x86\xf5fy\xfdj\
\xfa\x8e\xc1\xae\xb8\x0a3\xca\x0b\xd2n\xbd\xf4\x1c\xcf;\
\xd3\xce\xc50\xdc\xdb\xd3\xf7\xe0^K[}\xd0\xbd\xcb\
\xbe\xfeJ\xfa>\xd3\xb1\x96\xf6\xee\xbf0\xb7\x7f/\xc8\
\x98\xb1\xb8dT\x87\x8a\xfa\xe6\xb4U\xf9z\x9f\x1f\xdf\
6\xaaC\xb0\xa7c\x92|#cB\x80?\x1e}|\
O\xfa_v^K\xf2\xbeQ\x1dZ\x01\xbf\x91\xfe\xe3\
\xf1X,\xbf\xdd\xcb\xa9i+\x9b\xf6\x1e\xc3\xad\xb1\xa0\
\x16\x13{G\xfa\x1f\xe8kI\xeeH\xf2-c\xbaT\
\xc6\x0f\xa7-\x14\xd3{\xecv&9oP\x9fV\xc1\
\x8b2f\x5cv$\xf9{\x83\xfaT\xc5\xb9I\xfe$\
c\xce\x89\xff|P\x9f`\x9fNH{w\x7f\xc4\x01\
\xff@\xfcj\x99\x87#\x92\xfc\xe7\x8c\x19\xb3\xb5X\x8e\
\xf6@\xf4|ml\xcf\xfa\x8fi\xc7\x04\x07\xe7\x07\x92\
<\x981cv_\x92\xcdc\xba\x05\xcf\xec\x1fe\xdc\
\xc9j-\xc9\x7f\x8a\x07_\x0e\xd4\xd9I\xfe(\xe3\xc6\
\xea\xe1$\xa7\x0d\xe9\xd9j93cn\xcd<Q\xd7\
&9kH\xcfV\xcf\x91\x19\x1b\xa8\xd7\xd2V\x15\x84\
\x85ph\xc6\xfeQYK{\xc0\xe6\xbbFtnE\
lJ\xf2c\x19\xfbGe-m\x89[\x0e\xcc;3\
v\xac\x1eI\xbb\xa5\xe7j\xc0\xec\xde\x90\xe4\xb6\x8c\x1d\
\xa7\xcf\xa7\x9dsaa\xbc:\xfd_#\xdb[}8\
\xc9\x8b\x07\xf4oY\x1d\x92v\xdb\xe4K\x19?6\xb7\
$9\xbc\x7f\x17W\xd6\x91\x99f\xdc\xbe\x98\xf6eN\
\x9f\xe7\xde\xb7\x97$\xf9\x9f\x19?6;\x93\x5c8\xa0\
\x7f\xb0n\xef\xc9\xf8\x09\xb1\x96\x16<>\x9c\xe4\x95\xfd\
\xbb\xb84\x0eO[\xd3\x7f\xc4\xd3\xc8\xfb\xaa\xbf\xd4\xbd\
\x97\xab\xef/g\xba\xf1\xbb)\xc9\xa5\x11\xe2\x9e\xea\xc2\
$\x1f\xc94?v\xd6\x92\xfc\x97\xfe]\x84\x03\xb3%\
\xe3\x9e\x80\xddW}!\xedks\xa7\xf6\xed\xeaB\xda\
\x98v%\xe6\x97\x93\xdc\x9bi\xc7\xe1\xdd\x9d\xfbZ\xc9\
{3\xedX\xde\x9bvL\xbd*5\xaf\x0a\x9c\x9a\xe4\
\x9f\xa6\x9d[\xa6\x1c\x87\xdb\xd3\x1e\xbafN|\x22s\
\xfe^\x9d\xb6\xe6\xf8\x22\xdc\xa3\xfab\xda\xa7P\xafN\
rc\x92[\xd3\x96\x18^\x15[\xd2\x1e\xea\xbb \xc9\
EI^\x97\xe4YSn\xd0n7&yE\xda\x03\
\x80\x1c\xbc\xa3\x93|6\xc9\x0b\xa7\xde\x90\xb40pu\
\xda\xbc\xba&\xed6\xcf\xd6I\xb7h\xbe\x8eH{\x18\
\xf2\xdc$\xafMrq\xda\xe2LS\xdb\x9e\xb6=\x9f\
\x9azCV\x89\x00\xd0\xc7\x8f'\xf9WSo\xc4^\
\xecJK\xd1\xf7&\xb9?\xc9CI\x1e\x9ft\x8b\xd6\
\xe7\x98\xa7\xd4)i\x01`\xd1lK\xfb\xe3\xff\x85\xa9\
7d\xc5\xbc8\xc9g\xb2\x98o\xbf|#\xed\xca\xdf\
CO\xa9e\xb1)m>mN\x9bO\xa7d1\xaf\
r\xbc=\xc9/L\xbd\x110\x8b\x0d\x99\xe6\x01\x195\
}]\x16z\xe9\xfd\xb5@\xb5\x98\xf5\xbf\xe3\xc7*K\
\xe6\x9b\xd2.\x0fN=y\xd4\xb8\xfa\xa5\xd0\xdb\xe8\xf7\
\xcd\xd5\xb4uS\xdc\xf7gI\x9d\x9c\xe4\xab\x99~\x12\
\xa9\xfe\xf5\xe1\xf8\xd6\xfc\x08\x1b\x93\xfc\x8fL?\xde\xaa\
\x7f}-5\x1fff\x85\x9c\x97\xe9\x9fHW}\xeb\
\xaaX<f\xa4MI~7\xd3\x8f\xbb\xeaW\xf7'\
9?\xb0\x02^\x99\xf6p\xd8\xd4\x93J\xcd\xbf>\x1f\
k\x92O\xe1\xb8\xb4\xa7\xf0\xa7\x1e\x7f5\xffz8\xc9\
_\x0c\xac\x90o\xcb\xb8\x0fe\xa81\xf5\x99$\xcf\x0e\
Syv\xda\xeb\x81S\x1f\x07j~\xf5@\xda\xab\x87\
\xb0r.Hrw\xa6\x9fd\xea\xe0\xeb\x8a\xf8\x16\xf9\
\x228:\xc9G3\xfd\xf1\xa0\x0e\xbe\xeeJ\xf2\xb2\xc0\
\x0a;-m\x81\x9e\xa9'\x9b:\xf0\xfa\xf5$\x87\xed\
9\xb0LfS\x92\xdf\xc8\xf4\xc7\x85:\xf0\xba-\x8b\
\xb1\xe0\x10t\xf7\x9c$\x9f\xce\xf4\x93N\xad\xafv\xa5\
-\xf0\xe4\x9d\xe4\xc5sH\xdaB1S\xadQ\xaf\x0e\
\xbc~?\xc9I\x7fvHau\x1d\x9a\xf6\xe9\xd1\x9d\
\x99~\x02\xaa\xfd\xd77\xe2\xf3\xcb\xcb\xe0\x92\xb4\xa5y\
\xa7>^\xd4\xfekW\x92w\xa5]\xc1\x81\x92\x9c\xb0\
\x16\xbf\xfe_\xda\xad\x1b\x96\xc3\xc9I>\x99\xe9\x8f\x1b\
\xb5\xef\x12\xa8a\xb7S\xd2>.2\xf5\xa4TO\xaf\
\xc7\x93\xfc\x5c\x16\xe3\xc3N\xac\xcfai\xb7k\x1e\xcf\
\xf4\xc7\x91zz]\x91\x16\xd2\x80\xa7\xb8$\xd3\x7fN\
X\xb5\xba:m\x11'\x96\xdb\xd9\xb1h\xd0\xa2\xd4\x1d\
I.\x8dgh`\x9f\x8eN\xf2\xf3i\x9f\xbf\x9cz\
\xc2V\xac;\xe3$\xb5\x8a\xde\x98\xf6\x9a\xd9\xd4\xc7W\
\xc5\xda\x9ev\xaf\xff\xb8\xfd\x8e\x12\x90\xa4}\xfe\xf4\x03\
\xf1\x90\xe0\xa8\xda\x9a\xf6P\xe6\xf13\x8c\x0d\xcbis\
\x92w\xc6\xd2\xdc\xa3jg\x92\xff\x1eW\xd2\xe0\x80\x9d\
\x91\xf6\x054W\x04\xfa\xd4=i\x7f\xf8-\xe7[\xc7\
1I\xde\x9avIz\xea\xe3o\x15kg\xda\x8f\x97\
sf\x1d\x10\xe0\x99\x9d\x9ev\x19\xed\x9eL?\xc1W\
\xa1\xaeI\xf2#I\x8eZ\xcf \xb0R\x8eJ\xf2\x0f\
\x92\x5c\x9b\xe9\x8f\xc7U\xa8\xbb\x93\xfc\xdbxc\x06\xba\
\xd9\x98\xe4\xf5I\xde\x17\x1f\x18Zo}--DY\
n\x94=\xbd(\xedJ\xd0W2\xfdq\xbaL\xf5h\
\x92\xdfJ{\xc6\xc2\xea\x98K\xc6\x83N\xcbms\xda\
\xbb\xb4\x17'\xb9(\x92\xf7\x9ev$\xf9\x5c\xda+\x96\
W\xa4=\xd9\xbfk\xd2-b\xd1mL\xf2\xda$\xdf\
\x9e6\xa7.\x88\xd7@\xf7t[\xda\x9c\xba2\xc9\xff\
I\xfb\x80\x0fKH\x00X-\xa7\xa5\x9d\xb4\xfeB\x92\
\x17\xa6\xbd\x02\xb5e\xd2-\x1agW\x92\xdb\x93\xdc\x9a\
\xe4\xfa\xb4?\xf6\x9fH\xfb\x02#\x1c\xa8\xe3\x92\xbc&\
\xc9\xeb\xd2\x1ef;+\xc9\xf3\xd3\x96\x1e\xae`k\x92\
\x9bw\xd7\xef'\xb9*\xc9\x1fO\xb9A\xcc\x8f\x00\xb0\
\xfa\xb6\xa4=\x8csf\x92\x13\xd2^3<&\xc9\xb3\
v\xff\xbbL\x97\xed\xb6%yhw\xdd\xbf\xfb\xdf{\
\x92\xdc\x92\xf6\x87\xff\xd1\xe96\x8dB\x8eH\x0b\x02g\
'91O\xce\xa7'\xe6\xd6\xd1\xd3m\xda\xbamO\
\x9bG\xf7\xe5\xc9\xb9u_\xda\x07\xcbnI\x0b\x00\x00\
\x00\x00\x00\x00\x00\x00\x00\x00\x00\x00\x00\x00\x00\x00\x00\x00\
\x00\x00\x00\x00\x00\x00\x00\x00\x00\x00\x00\x00\x00\x00\x00\x00\
\x00\x00\x00\x00\x00\x00\x00\x00\x00\x00\x00\x00\x00\x00\x00\x00\
\x00\x00\x00\x00\x00\x00\x00\x00\x00\x00\x00\x00\x00\x00\x00\x00\
\x00\x00\x00\x00\x00\x00\x00\x00\x00\x00\x00\x00\x00\x00\x00\x00\
\x00\x00\x00\x00\x00\x00\x00\x00\x00\x00\x00\x00\x00\x00\x00\x00\
\x00\x00\x00\x00\x00\x00\x00\x00\xb0\xfc\xfe?s\xd1\xa1M\
R\xe0r'\x00\x00\x00\x00IEND\xaeB`\x82\
\
\x00\x00*\xea\
\x89\
PNG\x0d\x0a\x1a\x0a\x00\x00\x00\x0dIHDR\x00\
\x00\x02\x00\x00\x00\x02\x00\x08\x06\x00\x00\x00\xf4x\xd4\xfa\
\x00\x00\x00\x09pHYs\x00\x00\x0e\xc3\x00\x00\x0e\xc3\
\x01\xc7o\xa8d\x00\x00\x00\x19tEXtSof\
tware\x00www.inksca\
pe.org\x9b\xee<\x1a\x00\x00 \x00ID\
ATx\x9c\xed\xddy\xb4\x9du}\xef\xf1\xf7\xc9\x9c\
\x00\x81\x10\x82\x80\x08a\x12\x04\x99\x89\x03\x93\x82\xa0\xe2\
\x95\x0e*Uj\xe5\xde\xda\xab\xad\xab\xbd\x17{\xb9\x96\
\xd6z;\xac{\xb5\xbdV\xactp\xa8\xd6z\xad\xed\
\xaa8`\xd5:\xe0\xcc\x94*\x93\x80A@\x81 \x10\
\x90\x10BH \x09\x99\xee\x1f\xbf\x93\xba\xdd\xecs\xce\
>\xe7<\xcf\xfe~\x9fg\xbf_k}Vb\x97m\
\xbf\xbf_\xf6\xef\xb7\xbf\xcf\xb3\x9f\x01$I\x92$I\
\x92$I\x92$I\x92$I\x92$I\x92$I\x92\
$I\x92$I\x92$I\x92$I\x92$I\x92$\
I\x92$I\x92$I\x92$I\x92$I\x92$I\
\x92$I\x92$I\x92$I\x92$I\x92$I\x92\
$I\x92$I\x92$I\x92$I\x92$I\x92$\
I\x92$I\x92$I\x92$I\x92$I\xeaa$\
\xba\x00)\xd0\xde\xc0^\xc0\xe2\xd1\xec\x05,\xe9\xf8\xcf\
;3\x17\x98\x01\xec>\xfa\xbf7\x0f\x98?\xfa\xf7\xdd\
\x80Y\xc0v`\xdd\xe8\xffl\x13\xb0q\xf4\xef\xeb\x81\
\xad\xc0\x16`MG\x1e\xe9H\xe7\xff\xec\xa1\xcaG)\
I=\xd8\x00\xa8\xcd\x16\x01\xfb\x01\xfb\x02\x07w\xe50\
`a\x5cicz\x0a\xb8\x1f\xb8{4\x0f\x02\xab:\
\xfe\xf3=\xc0\x8e\xb0\xea$\xb5\x86\x0d\x80\xda`\x0e\xe5\
\x0b\xfdD\xe0H\xe0(\xe0y\x94#\xfc\xb6Y\x0f\xdc\
\x09\xdc\x06\xdc\x00\xac\x00\xbeO9{ I}\xb3\x01\
P\xd3,\x02N\x06N\x02\x8e\x06\x8e\xa5\x1c\xd1\xcf\x88\
,*\x81{\x80[Gs\x1d\xb0\x1cx8\xb4\x22I\
\xa9\xd9\x00(\xbb\xfd\x80S\x80SG\xff<\x1e\xbf\xec\
\xfb\xf5 p5p\xcd\xe8\x9f7Q\xaeU\x90$\x1b\
\x00\xa5s$\xf02\xe04\xca\x91\xfe3b\xcbi\x95\
5\xc0\xb5\x94f\xe0\x0a\xe0f\xbc\x9e@\x1aZ6\x00\
\x8a\xb6\x80\xf2E\x7f.\xf0\x8b\xc0\x81\xb1\xe5\x0c\x95\xd5\
\xc0\xb7\x81/\x02_\x00\xd6\x86V#i\xa0l\x00\x14\
\xe1(\xe0\x1c\xe0\xe5\x94#\xfd9\xb1\xe5\x88r\xab\xe2\
\xbf\x03_\x06\xbeB\xf9\xb9\xc0\xb3\x03R\x8b\xd9\x00h\
P\x8e\x02\xce\x03^\x0b\x1c\x11\x5c\x8b&v\x1fp9\
\xf0)\xca5\x046\x03\x92\xa4\xbe\x1d\x04\x5cH\xb9]\
m\x87ilV\x02\x97R.\xc4\x94\xd4\x12\x9e\x01P\
\xd5\x96\x02\xbfJ9\xd2?&\xb6\x14\xd5\xe0\x0e\xe02\
\xe0\x9fF\xff.I\x1ab3\x81\xb3(_\x0c[\x89\
?b5\x83\xc9\xf5\xc0\x9b\x81]\x90$\x0d\x95C\x81\
?\x01~B\xfc\x97\x91\x89\xcbc\xc0\x87\x80\xe3\x90$\
\xb5\xd6\x5c\xe0u\xc07(\x0f\x95\x89\xfe\xf21\xb9\xb2\
\x1cx#\x9e\x15\x90\xa4\xd6XH\xb9\xa0\xef>\xe2\xbf\
dL\xfe\xac\xa3\x5c8\xf8L$I\x8dt\x10e#\
\xdf@\xfc\x97\x8ai^6\x03\x1f\x07\x9e\x8b$\xa9\x11\
N\xa0l\xdc[\x88\xff\x121\xed\xc8\xd5\x94'>z\
\xf7\x91$%\xf42\xe0*\xe2\xbf,L{s\x03\xf0\
*l\x04$)\x85S\x81o\x12\xff\xe5`\x86'\xb7\
R\x9e\x0ei# I\x01^@y\x11L\xf4\x97\x81\
\x19\xde\xfc;\xe5\xa7\x01I\xd2\x00\x1cCypO\xf4\
\xe6o\xcc\xce\x5c\x03\xbc\x04IR-\x0e\x05>\x8b\xf7\
\xf0\x9b\xbc\xb9\x02\x1f#-I\x95\xd9\x85\xf2\xd4\xbeM\
\xc4o\xf0\xc6L\x94m\x94\xbbP\xf6F\x924%3\
\x80\x0b\x80\x07\x89\xdf\xd4\x8d\x99l\xd6\x02\x17S\x9e@\
)I\xea\xd3\xf3)\x8ff\x8d\xde\xc4\x8d\x99n\xee\xa4\
\xdc1 I\x1a\xc7\xfex\x81\x9fig\xbeD\xb9\x8e\
E\xd24\xcd\x8c.@\x95\x1a\xa1\x9c\xee\xff\x1cpR\
p-R\x1d\x0e\x03\xde\x04\xcc\x06\xae\xa5\x5c+ I\
C\xed\x10\xca\x1b\xfa\xa2\x8f\xd0\x8c\x19Tn\x06\x96!\
ICj\x16\xe5\x22\xa9\x8d\xc4o\xc8\xc6\x0c:[(\
/\xab\xda\x15I\x1a\x22\xc7\x01\xd7\x13\xbf\x09\x1b\x13\x9d\
\xbb\x80\xb3\x91\xa4\x96\x9b\x0d\xfc\x19\xb0\x95\xf8\x8d\xd7\x98\
,\xd9\x0e|\x00X\x80\xa4\x09\xf9\x12\x8e\xe69\x08\xf8\
\x04prt!RR\xb7\x03\xaf\x07n\x8c.D\xca\
\xcc\xbb\x00\x9a\xe5\x02\xe0\x8b\x94\x0b\xfe$\xf5\xb6\x17\xf0\
\x1b\x94\xfd\xedJ\xca\xd9\x01I]<\x03\xd0\x0c{P\
Nm\xbe.\xba\x10\xa9a\xbeEi\x9c\xef\x8f.D\
\xcafFt\x01\x9a\xd0K\x80\x1f\xe0\x97\xbf4\x15g\
P\xd6\xcf\xf9\xd1\x85H\xd9x\x06 \xaf\x99\xc0\x9f\x02\
o\xc7\x7f\xa7Az\x14x\x04X\xd3\x91\x9d\xffy;\
\xe5eJ\x1bG\xff\xbb\x8f\xf3\xf3\x0f\xa2\x99\x01\xec>\
\xfa\xf7\xb9\x94\x8b\xd1F\x80\xc5=\xb2\xd7\xe8\x9f\xfe\xdb\
\x0e\xce\xfb\x81\xdf\x05\x9e\x8a.D\xca\xc0\xcd'\xa7=\
\x81\x7f\x06^\x16]H\xcbl\x07\xee\x03V\x02\xf7t\
\xfc\xb9\xf3\xef\xab\x18\xec\x93\xe5F\x80})\x17v.\
\xed\xf1\xe7\x01\x94\xe7<\xa8:\xd7R\xde)\xb0*\xba\
\x10)\x9a\x0d@>\xc7\x01\x9f\x01\x0e\x8e.\xa4\xe1\xd6\
QN\xfd\xae\x00n\x03n\x00\xbe\x0fl\x88,j\x92\
f\x03\xcf\x06\x8e\x04\x8e\x02N\x1c\xcd\xbe\x91E\xb5\xc0\
j\xcaO\x02\xdf\x88.D\x8ad\x03\x90\xcb\x05\xc0\x07\
\x81\xf9\xd1\x854\xcc\x16\xca\x17\xfcr\xe0j\xe0:\xca\
\x91~[\xedCy\xd7\xc3)\xa3Y\x06\xcc\x0b\xad\xa8\
y\xb6\x02o\x03\xde\x17]\x88\xa4\xe16\x07\xf8\x1b\xe2\
\x1f\xa4\xd2\x94\xac\xa7\xdc\x0e\xf9\x07\xc0\xe9\xd80\xcd\x01\
^\x08\x5c\x04\x5c\x0e\xac%\xfe\xdf\xa8)\xf9g`\x97\
\xc9O\xb9$M\xdf\x12\xcaQk\xf4F\x98=+\x80\
\xf7P\xee\x8a\x98;\xa5\x99\x1e\x1e\xb3\x80\xd3\x80wR\
\x1e\x86\xb3\x9d\xf8\x7f\xbf\xcc\xb9\x99r\xbd\x85$\x0d\xcc\
\xb3\x81\x1f\x13\xbf\x01f\xcc&\xe0\xf3\xc0o\x02\x07N\
u\x82\x05\x94\x9f\x0c~\x1d\xb8\x0cx\x82\xf8\x7f\xdb\x8c\
YE\xb9\xbeB\x92j\xf7B\xe0a\xe27\xbeL\xd9\
J9\x1br!\xe569Uo>p.\xf0q\xca\
\x05\x91\xd1\xff\xe6\x99\xb2\x01\xf8\x85\xa9O\xad$M\xec\
|\xca\x11n\xf4\x86\x97![\x81\xafR\x1e\xdd\xba\xe7\
t&U\x93\xb6\x1b\xe5\x99\xf9\x9f\x076\x13\xffY\xc8\
\x90\xad\xc0\xefLgR%i,\x17R\xee5\x8f\xde\
\xe8\xa2s?\xf0\xe7\x94\xfb\xdd\x15o\x11\xf0f\xe0\x16\
\xe2?\x1b\x19r)>)UREf\x03\x1f!~\
c\x8b\xccS\x94g\x1c\x9c\x83\x9bkV#\x94;+\
\xfe\x91\xf2\xc4\xc3\xe8\xcfLd>\x8bw\x98H\x9a\xa6\
\xb9\xc0\xbf\x12\xbf\xa1E\xe5A\xe0\x0f)\x17\xa3\xa99\
\x16\x01o\x05\xee&\xfe3\x14\x95\xef\x00\x0b\xa7;\x91\
\x92\x86\xd3\x02\xcao\xdc\xd1\x1bYD\xee\xa4\xfc\xe4\xe1\
QT\xb3\xcd\xa0\x5c8x-\xf1\x9f\xa9\x88\x5c\x8f\x17\
\xa5J\x9a\xa4])\x8f\x1b\x8d\xde\xc0\x06\x9d\xab)_\
\x18>i\xb2}N\xa5\xdcN\xb8\x95\xf8\xcf\xd9 \xb3\
\x02\xd8\xaf\x82\xf9\x934\x04\xf6\x04\xbeG\xfc\xc65\xa8\
l\xa7\xfc\xccqB\x15\x93\xa7\xf4\x8e\x00\xfe\x89\xe1\xba\
\xa0\xf5v`\xff*&OR{\xedMy\xf1L\xf4\
\x865\xa8|\x0dx^%3\xa7\xa6y\x0e\xe5\x99\x02\
\xc3\xd2\x08\xac\x04\x0e\xadb\xe2$\xb5\xcf3)G\x0a\
\xd1\x1b\xd5 \xf2-\xca)a\xe9x\xca\xf3\x04\xa2?\
\x93\x83\xc8\xfd\x943 \x92\xf4\x1f\x9e\xc1p|\xf9\xdf\
Dy&\xbf\xd4\xed\xf9\xc0U\xc4\x7fF\xeb\xce\x03\xc0\
!\x15\xcd\x99\xa4\x86\xdb\x83\xf2J\xda\xe8\x8d\xa9\xce<\
B\xb9\xaa\x7ffEs\xa6\xf6:\x97\xf6\xdf>\xf8\x13\
|O\x854\xf4\x16\xd2\xee\x0b\xfe\x9e\xa2<\x19m\xf7\
\xaa&LCa>p1\xf08\xf1\x9f\xe1\xbar'\
\xb0oU\x13&\xa9Y\x16\x00W\x12\xbf\x11\xd5\x95\xcf\
\x03\x87U6[\x1aF\xfb\x03\x9f\xa0\xbd\xaf%\xbe\x19\
\xdfc!\x0d\x9d9\xc0\x97\x88\xdf\x80\xea\xc8C\xc0\x05\
\xd5M\x95\xc4\xe9\xc0\x1d\xc4\x7f\xb6\xeb\xc8M\x94\x9f\x01\
%\x0d\x81\xd9\xb4\xf3\xf1\xbe\xdb\x81\xbf\xa7<\x06V\xaa\
\xda\x02\xe0\x12\xda\xf9 \xa1+G\xc7'\xa9\xe5>@\
\xfc\x86Su\xee\x06\xce\xaer\x92\xa41\x1cGy\xc4\
n\xf4g\xbe\xea|\x11/\x92\x95Z\xed\xed\xc4o4\
Uf;\xf0^<z\xd1`\xcd\x06\xfe\x17\xe5\x22\xd3\
\xe85Pe.\xadr\x92$\xe5\xf1+\xb4\xebb\xa6\
\x87\x80WT:C\xd2\xe4,\xa3}\xd7\x06\xfc\xf7J\
gHR\xb8\xd3\x80M\xc4o.U\xe5\xb3\xc0\xe2J\
gH\x9a\x9a\xf9\x94#\xe7\xe85QU\xb6\x01\xbf\x5c\
\xe9\x0cI\x0as\x08\xf00\xf1\x1bK\x15y\x92\xf2@\
\x1f)\x9bWQ\x1e8\x15\xbdF\xaaZg/\xa8v\
z$\x0d\xda\x12\xe0\xc7\xc4o(U\xe4f\xe0\xd9\xd5\
N\x8fT\xa9\xfd)\xaf\x94\x8e^+U\xe4A`i\
\xa5\xb3#i`\xe6\xd0\x9e\xcd\xe8\x13x\xa1\x9f\x9aa\
6\xf0W\xc4\xaf\x99*\xf2\x03`\xd7j\xa7G\xd2 \
\xfc-\xf1\x1b\xc8t\xb3\x85\xf2HV\xa9i\xce\x076\
\x10\xbf\x86\xa6\x9b\xcb\x81\x91\x8a\xe7FR\x8d^O\xfc\
\xc61\xdd<\x0c\x9cY\xf5\xc4H\x03t,\xed\xf8\x09\
\xeemUO\x8c\xa4z\x1cO\xb9\x88'z\xd3\x98N\
\x96\x03\xfbU=1R\x80E\xc0W\x88_S\xd3\xc9\
\x16l\xc6\xa5\xf4\x16\x01w\x11\xbfaL'\x9f\xc1\xdf\
\xfb\xd5.3i\xfeOr\x8f\x00\x07U=1\x92\xaa\
1\x83\xe6\xbf\xe0\xe7\xd2\xd1qHmt!\xe5>\xfb\
\xe8u6\xd5\xdcHy\xee\x81\xa4d\xdeI\xfc\x061\
\xd5l\x05~\xbb\xfa)\x91\xd2y5\xcd\xfe\x89\xee\xff\
U?%\x92\xa6\xe3l\x9a{d\xb1\x1exe\xf5S\
\x22\xa5\xf5\x02\xe0\xa7\xc4\xaf\xbd\xa9\xe6W\xab\x9f\x12I\
S\xb1\x17\xf0\x00\xf1\x9b\xc2T\xb2\x86\xf2<ui\xd8\
\x1c\x01\xdcG\xfc\x1a\x9cJ\x1e\x03\x0e\xac~J$M\
\xd6e\xc4o\x08S\xc9O)\xb7II\xc3\xea@\xe0\
G\xc4\xaf\xc5\xa9\xe4j|}\xb0\x14\xea\xcd\xc4o\x04\
S\xc9*\xe0\xa8\x1a\xe6Cj\x9a}\x80[\x89_\x93\
S\xc9;j\x98\x0fI}8\x14x\x9c\xf8M`\xb2\
YIyA\x91\xa4bo\xe0&\xe2\xd7\xe6d\xb3\x05\
_\x1a$\x0d\xdcl\xe0:\xe27\x80\xc9\xe6\x0e\xca\x0b\
S$\xfd\xbcE\xc0\xf7\x88_\xa3\x93\xcd\x8f\xf0}\x01\
\xd2@\xbd\x8b\xf8\x85?\xd9\xdc\x8d_\xfe\xd2x\x16\xd1\
\xcc3\x01\x1f\xadc2$=\xdd2\xca}\xf3\xd1\x8b\
~2\xb9\x1f8\xb8\x8e\xc9\x90Zf\x09\xb0\x82\xf85\
;\xd9\xfcB\x1d\x93!\xe9gfQ\x9e\xc6\x15\xbd\xd8\
'\x93\x87\x81#\xeb\x98\x0c\xa9\xa5\x9eI\xf3\x1e\xe9}\
/\xb0[\x1d\x93!\xa9x\x07\xf1\x0b}2Y\x0b\x9c\
P\xcbLH\xedv\x00\xe5\x82\xd9\xe85<\x99\x5cZ\
\xc7DH*\x0f\x0e\xd9H\xfc\x22\xef7\xeb\xf1!?\
\xd2t\x1cN9\x83\x16\xbd\x96\xfb\xcd6\xe0\x85\xb5\xcc\
\x844\xc4f\x00W\x12\xbf\xc0\xfb\xcdV\xfcMP\xaa\
\xc22\xe0\x09\xe2\xd7t\xbf\xf9!0\xb7\x96\x99\x90\x86\
\xd4[\x88_\xd8\x93\xc9\xef\xd43\x0d\xd2Pz\x0d\xcd\
z\xd7\xc7\x1f\xd73\x0d\xd2\xf0\xd9\x8f\xf2[z\xf4\xa2\
\xee7\xef\xaeg\x1a\xa4\xa1\xf66\xe2\xd7v\xbf\xd9\x8c\
O\xfa\x94*\xd1\xa4g\xfd\x7f\x8a\xf2s\x85\xa4\xea\xbd\
\x9f\xf85\xdeo\xbeU\xd3\x1cHC\xe3t\xe2\x17r\
\xbfY\x0e\xcc\xafg\x1a$Qn\x03\xfe\x12\xf1k\xbd\
\xdf\xbc\xba\x9ei\x90\xdao\x06\xcdy\xdc\xefC\x94{\
\x97%\xd5k7\xe06\xe2\xd7|?\xb9\x17XP\xcf\
4H\xed\xf6&\xe2\x17p?y\x8ar\xa6B\xd2`\
\x1cAs^\x04\xf6\xf6\x9a\xe6@j\xad\xdd\x80\x07\x89\
_\xbc\xfd\xe4\xbf\xd54\x07\x92\xc6\xf6:\xe2\xd7~?\
YO\xb9\x90YR\x9f\xfe\x82\xf8\x85\xdbO\xfe\xb9\xae\
\x09\x904\xa1\xbf$~\x0f\xe8'\x1f\xabi\xfcR\xeb\
\x1c\x02l\x22~\xd1N\x94\x9b\x81]j\x9a\x03I\x13\
\x9b\x05|\x9b\xf8\xbd`\xa2l\x07\x9eW\xcf\x14H\xed\
\xf2Y\xe2\x17\xecD\xd9\x00<\xbb\xae\x09\x90\xd4\xb7}\
\x81\xd5\xc4\xef\x09\x13\xe5\xea\xba&@j\x8b\x13)\xdd\
r\xf4b\x9d(\xff\xb5\xae\x09\x904i\xbfH\xfc\x9e\
\xd0O\xce\xa9k\x02\xa46\xf82\xf1\x8bt\xa2\x5c^\
\xdb\xe8%M\xd5\x07\x89\xdf\x1b&\xca\xf5\xc0H]\x13\
 5\xd9\xc9\xc4/\xd0\x89\xf2\x00\xb0\xb8\xae\x09\x904\
e\x0b(/\xe2\x89\xde#&\xca/\xd55\x01R\x93\
}\x93\xf8\xc59^\xb6\xe3)<)\xb3\x13(\xcf\xe1\
\x8f\xde+\xc6\xcb\xad\xf8\xb8p\xe9\xe7\x9cA\xfc\xc2\x9c\
(\xef\xadm\xf4\x92\xaar1\xf1{\xc5Dymm\
\xa3\x97\x1a\xe8;\xc4/\xca\xf1r\x0f\xde\xf2'5\xc1\
L\xf2?B\xfc\x0e\xca-\x8c\xd2\xd0{9\xf1\x0br\
\xbcl\x07\xce\xaem\xf4\x92\xaav\x0c\xe5\x11\xdd\xd1{\
\xc7xyCm\xa3\x97\x1a\xe4*\xe2\x17\xe3x\xf9H\
}C\x97T\x93?#~\xef\x18/\xb7\xe3\xb5\x00\x1a\
r\xcb\x88_\x88\xe3\xe5A`Qm\xa3\x97T\x97\xb9\
\xe4\xbf+\xe0\x17j\x1b\xbd\xd4\x00\x9f&~\x11\x8e\x17\
\xdf\xe7-5\xd7\x8b\xc8\xfd`\xb1\xef\xd47t)\xb7\
\x83\x81\xad\xc4/\xc2\xb1\xf2\xf9\xfa\x86.i@>J\
\xfc^2^|G\x80\x86\xd2_\x13\xbf\xf8\xc6\xcaf\
|\xd6\xbf\xd4\x06{\x03\x8f\x11\xbf\xa7\x8c\x95\xcb\xea\x1b\
\xba\x94\xd3\x22\xca{\xb2\xa3\x17\xdfXyw}C\x97\
4`\x99\x9f\x0d\xb0\x95\xf2\x06Tih\xfc!\xf1\x0b\
o\xac\xfc\x14\xd8\xbd\xbe\xa1K\x1a\xb09\xc0\x9d\xc4\xef\
-c\xe5\xaf\xea\x1b\xba\x94\xcb\x5c`\x15\xf1\x8bn\xac\
\xbc\xa9\xbe\xa1K\x0a\xf2K\xc4\xef-ce\x03\xb0g\
}C\x97\xf28\x9f\xf8\x057Vn\xa2<ILR\
\xfb|\x95\xf8=f\xac\xfcn\x8d\xe3\x96\xd2\xf8\x06\xf1\
\x8bm\xac\xbc\xa4\xc6qK\x8au,\xb0\x8d\xf8}\xa6\
WV\xd48n)\x85C\xc8{_\xee\x955\x8e[\
R\x0e\x9f$~\xaf\x19+'\xd78n)\xdc\xff%\
~\x91\x8d\x95\xd3k\x1c\xb7\xa4\x1c\x9e\x0dl!~\xbf\
\xe9\x95\x7f\xa8q\xdcR\xa8Y\xe4\xbd\xf8\xef\xcb5\x8e\
[R.\x1f'~\xcf\xe9\x95'\x81=j\x1c\xb7\x14\
\xe65\xc4/\xb0\xb1\xf2\xfc\x1a\xc7-)\x97C\xc8\xfb\
\xb6\xc0\xb7\xd48n)L\xd6+p\xff\xb5\xceAK\
J\xe9#\xc4\xef=\xbdrs\x9d\x83\x96\x22,%\xef\
\xd5\xb7'\xd47lII-%\xef\xb5\x00'\xd57\
l\xb5A\xd3\xde#\xfdzr\xd6\xfcu\xe0\xc6\xe8\x22\
$\x0d\xdcJ\xe0S\xd1E\x8c\xe1\xd7\xa2\x0b\x90\xaat\
\x0b\xf1]u\xaf\xbc\xbc\xceAKJ\xedX\xe2\xf7\xa0\
^Y\x85\x0f$SK\x1cA\xfc\x82\xea\x95[\x81\x91\
\x1a\xc7-)\xbfo\x12\xbf\x17\xf5\x8a\xb7%kL\x19\
O\xa7\x8f\xe5u\xd1\x05\x8c\xe1\xbd\x94\x85&ix]\
\x12]\xc0\x18^\x1b]\x80T\x85\x15\xc4w\xd3\xddy\
\x08\x98W\xe7\xa0%5\xc2\x08\xf0\x03\xe2\xf7\xa4\xee<\
Lyv\x8a\xf44M9\x03\xf0\x5c\xe0\xc8\xe8\x22z\
\xf8k`St\x11\x92\xc2\xed\x00\xfe2\xba\x88\x1e\x96\
\x00/\x8a.B\x9a\x8e\xffM|'\xdd\x9d-\xc0~\
u\x0eZR\xa3\xcc\x07\xd6\x12\xbf7u\xe7Cu\x0e\
Z\xaa\xdb\x0f\x89_D\xdd\xf9L\xad#\x96\xd4D\xef\
'~o\xea\xcej`v\x9d\x83\x96\xear\x14\xf1\x0b\
\xa8W\xbc\xf5OR\xb7\xe3\x89\xdf\x9bz\xe5\xcc:\x07\
\xadfj\xc25\x00\xe7D\x17\xd0\xc3}\xc0\xd7\xa2\x8b\
\x90\x94\xceM\xc0\x0d\xd1E\xf4\xe0\x01\x8b\x9e\xc6\x06`\
j>Ly$\xb1$u\xfbpt\x01=\xd8\x00\xa8\
qv\xa1\x5ce\x1f}\xfa\xac3[\x81\x03\xea\x1c\xb4\
\xa4F\xdb\x15x\x9c\xf8\xbd\xaa;\xee[\xfa9\xd9\xcf\
\x00\x9c\x05\xcc\x8d.\xa2\xcb7\x80\x9fD\x17!)\xad\
\x0d\xe4|;\xe8K\xa3\x0bP.\xd9\x1b\x80\x8c\xa7\xff\
?\x19]\x80\xa4\xf42\xee\x13\x19\xf7SiL+\x89\
?m\xd6\x99\xa7\x80=\xeb\x1c\xb0\xa4V\x98\x0d\xac!\
~\xcf\xea\xcc:\xbc\x1dP\x1d2\x9f\x018\x1280\
\xba\x88.W\x00\x8fF\x17!)\xbd-\xe4\xfb\x19`\
!prt\x11\xca#s\x03\xf0\xb2\xe8\x02z\xc8\xfa\
\xdeoI\xf9\x5c\x16]@\x0f\x19\xf7U\xe9i>K\
\xfc)\xb3\xcel\x02v\xafu\xc4\x92\xdad\x16\xe5e\
<\xd1{Wg\xae\xaau\xc4j\x94\xccg\x00\xb2\x9d\
\xaa\xba\x82\xf2\x1b\x9a$\xf5c+\xf9~\x068\x89|\
wV)H\xd6\x06\xe0P\xe0\x19\xd1Et\xf9\xb7\xe8\
\x02$5\xce\x97\xa2\x0b\xe82\x0f81\xba\x08\xe5\x90\
\xb5\x018%\xba\x80\x1e\xbe\x12]\x80\xa4\xc6\xf9:\xe5\
\xee\xa1L2\xee\xaf\x0a`\x03\xd0\x9f\xdb\x80{\xa3\x8b\
\x90\xd48\xeb\x81k\xa3\x8b\xe8\x92m\x7fU\x10\x1b\x80\
\xfe|9\xba\x00I\x8d\x95m\xff8\x05\x18\x89.B\
\xeae\x11\xe5E;\xd1W\xcbv\xe6%\xb5\x8eXR\
\x9b\x1dM\xfc\x1e\xd6\x9d\xc3k\x1d\xb1\x1a!\xe3\x19\x80\
S\xc8U\xd7\x13\xc0\xd5\xd1EHj\xac[)\xaf\x10\
\xcf\xe4\xd4\xe8\x02\x14/\xd3\x17\xedN\xd9\xaeP\xfd6\
\xb09\xba\x08I\x8d\xf6\x8d\xe8\x02\xba\x9c\x14]\x80\xe2\
el\x00\x8e\x8d.\xa0\x8bG\xff\x92\xa6+\xdb>r\
tt\x01\x8a\x97\xb1\x018&\xba\x80.\xd7D\x17 \
\xa9\xf1\xb2\xed#\xc7\xe0\x85\x80Jf\x17r]\x00\xf8\
\x14\xb0\xa0\xd6\x11K\x1a\x06#\xe4{,\xf0A\xb5\x8e\
X\xe9e;\x03p4\xb9j\xba\x01x2\xba\x08I\
\x8d\xb7\x03X\x1e]D\x97lg[5`\x99\xbel\
!\xdf\x072\xdbi;I\xcd\x95m?\xc9\xb6\xdfj\
\xc0\xb25\x00\xd9.L\xc9\xb6`%5\x97\x17\x02*\
\x95l\x0d@\xb6\x8e\xf4\xfa\xe8\x02$\xb5\xc6\x8d\x947\
\x04f\x91m\xbf\xd5\x90{\x94\xf8\x0bcvfM\xcd\
c\x954|n#~o\xdb\x99\xad\xc0\xfcz\x87\xab\
\xcc2\x9d\x01XLy\x0cp\x16\xb7D\x17 \xa9u\
2\xed+3\x81\xa5\xd1E(N\xa6\x06`it\x01\
]2-TI\xedpkt\x01]\x96F\x17\xa08\
\x99\x1a\x80l\xf7\xa4f[\xa8\x92\x9a/\xdb\x81E\xb6\
}W\x03\x94\xa9\x01X\x1a]@\x97l\x0bUR\xf3\
e;\xb0X\x1a]\x80\xe2\xd8\x00\xf4\xb6\x1dX\x11]\
\x84\xa4\xd6\xb9\x17x,\xba\x88\x0e\x9e\x01\x18b6\x00\
\xbd\xddGy\x0d\xb0$Ui\x07pgt\x11\x1dl\
\x00\x86X\xa6\x06 \xd3\x07\xf1\x9e\xe8\x02$\xb5\xd6\xca\
\xe8\x02:,\x8d.@q25\x00\x07F\x17\xd0a\
et\x01\x92Z+\xd3\x01\xc6b`at\x11\x8a\x91\
\xa5\x01XBy\x13`\x16+\xa3\x0b\x90\xd4Z\x99\x1a\
\x00\xc8u\xf0\xa5\x01\xca\xd2\x00\xec\x1d]@\x97l\x0b\
TR{\xac\x8c.\xa0\xcb\x92\xe8\x02\x14#K\x03\xb0\
8\xba\x80.6\x00\x92\xea\x92m\x7f\xc9\xb6\xffj@\
\xb24\x00{E\x17\xd0eet\x01\x92Z\xeb^\xca\
\xad\xc6Yd\xdb\x7f5 Y\x1a\x80=\xa3\x0b\xe8\xb0\
\x1dX\x15]\x84\xa4\xd6\xda\x0c<\x12]D\x07\xcf\x00\
\x0c\xa9,\x0d@\xa6\xdf\xa0\xd6\x02\xdb\xa2\x8b\x90\xd4j\
\x99\x1a\x00\xcf\x00\x0c\xa9,\x0d@\xa6\x0e\xd4\xd7\x00K\
\xaa[\xa6}&\xd3\xfe\xab\x01\xca\xd2\x00d\xea@3\
u\xe6\x92\xda)\xd3>\x93i\xff\xd5\x00ei\x002\
u\xa0\x99:sI\xed\x94i\x9f\xc9\xb4\xffj\x80\xb2\
4\x00\x8b\xa2\x0b\xe8\x90iaJj\xa7Lg\x002\
]\x84\xad\x01\xca\xd2\x00\xcc\x8b.\xa0C\xa6\x85)\xa9\
\x9d2\x1dhd\xda\x7f5@Y\x1a\x809\xd1\x05t\
X\x17]\x80\xa4\xd6\xcb\xf4J\xe0L\xfb\xaf\x06(K\
\x0307\xba\x80\x0e\x9b\xa3\x0b\x90\xd4z\x99\xf6\x99L\
\xfb\xaf\x06(K\x03\x90\xa9\x03\xcd\xb40%\xb5\xd3S\
\xd1\x05t\xc8\xb4\xffj\x80\xb24\x00\x99:\xd0L\x0b\
SR;e:\xd0\xc8\xb4\xffj\x80\xb24\x00\x99:\
P\x1b\x00Iu\xcb\xd4\x00\x8c\x00\xb3\xa3\x8b\xd0\xe0e\
i\x002u\xa0\x99\x16\xa6\xa4v\xcav\xa0\x91i\x0f\
\xd6\x80di\x00<\x03 i\x98d;\xd0\xc8\xb4\x07\
k@\xb24\x00\xb3\xa2\x0b\xe8\xb0%\xba\x00I\xad\x97\
\xed@\xc3\x06`\x08ei\x002\xbd}/S3\x22\
\xa9\x9d\xb2\xfd\xe6\xee\x81\xcf\x10\xca\xd2\x00d:\x1d\xe6\
oa\x92\xea\x96m\x9f\xc9\xb4\x07k@\xb24\x00\x99\
N\x87y*LR\xdd\xb25\x00\x99\xf6`\x0dH\x96\
\x06 S\xf7i\x03 \xa9n\x99\xf6\x99\x1d\xf8\x13\xc0\
P\xca\xd2\x00d\xea>\xb3u\xe6\x92\xda'\xd3>\xf3\
\x14\xa5\x09\xd0\x90\xb1\x01x\xbaL\x9d\xb9\xa4v\xca\xd4\
\x00d:\x03\xab\x01\xca\xd2\x00d\xfa\x00fZ\x98\x92\
\xda)\xd3\x81F\xa6\x030\x0dP\x96\x06 \xd3\x07p\
\xf7\xe8\x02$\xb5\xde\x1e\xd1\x05t\xc8t\x00\xa6\x01\xca\
\xd2\x00l\x8a.\xa0\xc3^\xd1\x05Hj\xbd\xc5\xd1\x05\
t\xb0\x01\x18RY\x1a\x80\xb5\xd1\x05t\xc8\xb40%\
\xb5S\xa6\x03\x8dG\xa3\x0bP\x8c,\x0d\xc0#\xd1\x05\
t\xb0\x01\x90T\xb7L\xfbL\xa6\xfdW\x03\x94\xa5\x01\
X\x13]@\x87L\x9d\xb9\xa4v\xca\xb4\xcfd\xda\x7f\
5@6\x00O\x97iaJj\xa7L\xfb\x8cg\x00\
\x86T\x96\x06 \xd3\x07p\x11y\xe6ER;\xed\x19\
]@\x07\xaf\x01\x18RY\xbe\xe82\x9d\x01\x98\x01\xec\
\x13]\x84\xa4\xd6\x9a\x0d,\x89.\xa2C\xa6\x030\x0d\
P\x96\x06 \xdb\x07pit\x01\x92Z\xeb\x00`f\
t\x11\x1d\xb2\xed\xbf\x1a\x90,\x0d@\xa63\x00\x00\x07\
E\x17 \xa9\xb5\xb2\xed/\xd9\xf6_\x0dH\x96\x06`\
ut\x01]\xb2-PI\xed\xb14\xba\x80.\x9e\x01\
\x18RY\x1a\x80\x87\xc9\xf54\xc0\xa5\xd1\x05Hj\xad\
l\x07\x18\xf7F\x17\xa0\x18Y\x1a\x80\x1d\xe4\xfa\x10.\
\x8d.@Rkej\x00\xd6\x01\x8fE\x17\xa1\x18Y\
\x1a\x00\x80{\xa2\x0b\xe8\x90i\x81Jj\x97L\xfb\xcb\
\xdd\xd1\x05(N\xa6\x06`et\x01\x1d\x0e\x04\xe6G\
\x17!\xa9\x95\x0e\x8b.\xa0\xc3\xca\xe8\x02\x14\xc7\x06\xa0\
\xb7\x99\xc0\x91\xd1EHj\x9d\xfd\xc9\xf5\x1e\x80Lg\
^5`\x99\x1a\x80l\x1f\xc4c\xa2\x0b\x90\xd4:\xd9\
\xf6\x95\x95\xd1\x05(N\xa6\x06`et\x01]\x8e\x8e\
.@R\xebdk\x00\xb2\x1dxi\x8025\x00\xd9\
>\x88\xd9\x16\xaa\xa4\xe6\xcbv`\x91m\xdf\xd5\x00e\
j\x00V\x03\x8fG\x17\xd1!\xdbB\x95\xd4|\x99\xf6\
\x95\xed\xe4;\xf3\xaa\x01\xca\xd4\x00\x00\xdc\x1a]@\x87\
\xbd\xf1\xa5@\x92\xaa3\x078<\xba\x88\x0ew\x01O\
D\x17\xa18\xd9\x1a\x80[\xa2\x0b\xe8\xb2,\xba\x00I\
\xadq\x1c\xa5\x09\xc8\x22\xd3\x01\x97\x02dk\x00\xb2}\
 O\x89.@Rkd\xdbO\xb2\xed\xb7\x1a\xb0l\
\x0d@\xb63\x00\xd9\x16\xac\xa4\xe6\xca\xb6\x9fd\xdbo\
5\xe4v\xa3\x5c\x98\xb2#I6\x01sk\x1d\xb1\xa4\
a\xb1\x8a\xf8=\xad3\x87\xd6;\x5ce\x97\xed\x0c\xc0\
zr\xbd\x14h.pBt\x11\x92\x1a\xef\x10`\xdf\
\xe8\x22:<\x81\xef\x01\x18z\xd9\x1a\x00\xc8wZ*\
\xdbi;I\xcdsjt\x01]~@9\xdb\xaa!\
f\x0301\x1b\x00I\xd3urt\x01]\xbc\x00P\
)\x1b\x80\x1b\xa2\x0b\xe8\xf2b`Vt\x11\x92\x1a\xed\
\xac\xe8\x02\xbad\xdbg%\x00\xf6\x22\xd7\x85\x80;\xc8\
w\xfaNRs\x1cN\xfc\x1e\xd6\x9d\xa3j\x1d\xb1\x1a\
!\xe3\x19\x80G\x80\x1fG\x17\xd1\xe5\x9c\xe8\x02$5\
V\xb6\xfd\xe31\xe0\x87\xd1E(^\xc6\x06\x00\xe0\x9a\
\xe8\x02\xbad[\xc0\x92\x9a#\xdb\xfeq\x0d^\x00(\
l\x00\xfau\x1c\xb0_t\x11\x92\x1ag>pZt\
\x11]\xb2\xed\xaf\x0a\x92\xb5\x01\xb8:\xba\x80.#\xc0\
K\xa3\x8b\x90\xd48gR\x9a\x80Ll\x00\x04\xe4m\
\x00\xee\x00\xd6D\x17\xd1\xe5?E\x17 \xa9q\xb2\x9d\
\xfe\x7f\x0a\xb8.\xba\x08i\x22\x9f'\xfeJ\xd9\xce<\
\x01\xecZ\xeb\x88%\xb5\xc9\x0c\xf2=\xfe\xf7\xdaZG\
\xacF\xc9z\x06\x00\xf2\xfd\x0c\xb0\x00xet\x11\x92\
\x1a\xe3E\xe4z\xfc/x\xfa_\x1d27\x00WD\
\x17\xd0\xc3\xafD\x17 \xa91^\x1b]@\x0f\x19\xf7\
U\xe9iF\x80\x07\x88?e\xd6\x99\x8d\xc0\xeeu\x0e\
ZR+\xcc\x02~J\xfc\x9e\xd5\x99\x0d\xc0\xbc:\x07\
\xadf\xc9|\x06`\x07\xf0\xd5\xe8\x22\xba\xcc\x03\xce\x8d\
.BRzg\x02{G\x17\xd1\xe5[\x94W\x9cK\
@\xee\x06\x00\xe0\xcb\xd1\x05\xf4\xe0\xcf\x00\x92&\x92q\
\x9f\xf8Jt\x01\xd2d\xec\x01l!\xfe\xd4Yg6\
\x93\xaf\xb3\x97\x94\xc7|`-\xf1{Uw\x0e\xa9s\
\xd0j\x9e\xecg\x00\x1e\x03\xbe\x1b]D\x979\xc0\x05\
\xd1EHJ\xeb<\xca\xc1K&w\x02wE\x17\xa1\
\x5c\xb27\x00\x90\xf3g\x807Q.R\x94\xa4no\
\x8a.\xa0\x87\x8c\xfb\xa84\xa1\x13\x88?u\xd6+/\
\xaas\xd0\x92\x1a\xe9p\xf2\xbd\xce|\x07\xf0\xf2:\x07\
-\xd5e\x04\xb8\x87\xf8\x05\xd4\x9dO\xd49hI\x8d\
t\x09\xf1{Sw\xd6\xe1\xed\x7fj\xb0w\x13\xbf\x88\
\xba\xb3\x11\xd8\xb3\xceAKj\x949\xc0\xc3\xc4\xefM\
\xdd\xf9X\x8dcV\x835\xe1\x1a\x00\x80\xcb\xa2\x0b\xe8\
a\x1e\xf0\x9f\xa3\x8b\x90\x94\xc6\xab\x81%\xd1E\xf4\xf0\
\xa9\xe8\x02\xa4\xe9\xfa\x11\xf1\x9dtwVR\x9e\xf8%\
I\xdf%~O\xea\xce\xa3\x943\x13\xd2\xd34\xe5\x0c\
\x00\xe4\xecb\x0f\xa4t\xfd\x92\x86\xdb\x19\xc0\xf3\xa2\x8b\
\xe8\xe13\x94W\x00K\x8dv,\xf1\xddt\xaf\xf8n\
mI_$~/\xea\x95\xb3\xeb\x1c\xb44H\xb7\x11\
\xbf\xa0z\xe5Eu\x0eZRj\x87\x03\xdb\x88\xdf\x87\
\xba\xb3\x1a\x7f\xa2\xd48\x9a\xf4\x13\x00\xc0\xa7\xa3\x0b\x18\
\xc3E\xd1\x05H\x0a\xf3{\xe4\xdcK?\x0dl\x8d.\
B\xaaJ\xd6\x87ll\x03\x9eS\xe3\xb8%\xe5\xb4/\
\xe5\x0d{\xd1{P\xaf\x9cV\xe3\xb8\xa5\x10W\x12\xbf\
\xb0z\xe5\x9f\xea\x1c\xb4\xa4\x94\xdeG\xfc\xde\xd3+\xb7\
\xe3\xe3\xca\xd5Bo ~q\xf5\xca6\xe0\x98\x1a\xc7\
-)\x97\xfd\x80'\x89\xdf{z\xe5\x7f\xd48n)\
\xcc<`\x0d\xf1\x0b\xacW\xb2^\xa3 \xa9z\x1f \
~\xcf\xe9\x95\xcd\xe4| \x91T\x89\xbf\x22~\x91\xf5\
\xcav`Y\x8d\xe3\x96\x94\xc3\x81\x94/\xda\xe8=\xa7\
W>Y\xe3\xb8\xa5pG\x13\xbf\xc8\xc6\xca\x17j\x1c\
\xb7\xa4\x1c>J\xfc^3V\xce\xaaq\xdcR\x0a\xcb\
\x89_hc\xe5\x055\x8e[R\xac\xc3\x80-\xc4\xef\
3\xbdr\x179oI\x94*\xf5F\xe2\x17\xdbX\xb9\
\x16\xaf\xc0\x95\xda\xeas\xc4\xef1c\xe5\xed5\x8e[\
Jc\x17\xf2^\x0c\xb8\x03x]}C\x97\x14\xe4%\
\xc4\xef-ce\x13\xb0O}C\x97r\xf9?\xc4/\
\xba\xb1r\x1f\xa5I\x91\xd4\x0e3\x81[\x88\xdf[\xc6\
\xca\x87\xeb\x1b\xba\x94\xcf\xde\xc0F\xe2\x17\xdeX\xf9\xe3\
\xfa\x86.i\xc0~\x9b\xf8=e\xacl\x07\x8e\xaco\
\xe8RN\x1f!~\xf1\x8d\x95')\xb7\x0bIj\xb6\
E\x94\x97\xebD\xef)c\xc5\xbb\x8f4\x94\x8e$\xe7\
\xfb\x01v\xc6G\x04K\xcdw)\xf1{\xc9xyq\
m#\x97\x92\xcb\xfa.\xee\x9dyY}C\x97T\xb3\
e\x94\xb7\xeaE\xef#c\xe5\xba\xfa\x86.\xe5w\x06\
\xf1\x8bp\xbc\xac\x04v\xadk\xf0\x92j3\x0b\xb8\x91\
\xf8=d\xbc\xbc\xb6\xb6\xd1K\x0d\xf1]\xe2\x17\xe2x\
\xb9\xa4\xbe\xa1K\xaa\xc9\xdb\x89\xdf;\xc6\xcb=\x94&\
E\x1aj\xaf&~1\x8e\x97m\xc0\x0bk\x1b\xbd\xa4\
\xaa\x1dF\xde\xb7\xfd\xed\xcco\xd56z\xa9AF\x80\
\xef\x11\xbf \xc7\xcb-\xc0\xec\xba&@ReF\x80\
\xaf\x13\xbfg\x8c\x97\x95\xc0\x9c\x9a\xc6/5\xce+\x89\
_\x94\x13\xe5\x8fj\x1b\xbd\xa4\xaa\xfc&\xf1{\xc5D\
ycm\xa3\x97\x1a*\xf3K\x82vP^\x22\xe2\xcb\
\x82\xa4\xbc\x0e\x05\xd6\x13\xbfW\x8c\x97\x1f\xe1o\xff\xd2\
\xd3\xbc\x94\xf8\xc59Q\xee\x02\x16\xd65\x01\x92\xa6l\
6\xf9/(\xde\x01\xbc\xbe\xae\x09\x90\x9a\xee\xdb\xc4/\
\xd0\x89\xf2\xd1\xba\x06/i\xca\xdeM\xfc\xde0QV\
\xe0+\x7f\xa51\x9dJ\xfc\x22\xed'\xbe1P\xca\xe3\
tr?\xf0gg^S\xd7\x04Hmq\x05\xf1\x0b\
u\xa2<\x0a<\xab\xae\x09\x90\xd4\xb7=\x81\xfb\x89\xdf\
\x13&\xcaM\x94;\x14$\x8d\xe3H\xca\x05w\xd1\x0b\
v\xa2,\xc7[y\xa4H3\x80\x7f#~/\xe8'\
g\xd54\x07R\xeb|\x80\xf8\x05\xdbO\xfe\xa6\xae\x09\
\x904\xa1?%~\x0f\xe8'\x9f\xaek\x02\xa46\xda\
\x13x\x84\xf8\x85\xdbO~\xbd\xa69\x904\xb6WR\
\x9e\xd2\x19\xbd\xfe'\xca&\xca\xed\x89\x92&\xe1\xad\xc4\
/\xde~\xb2\x118\xb1\xa69\x90\xf4tKi\xce\x01\
\xc2;\xeb\x99\x02\xa9\xddf\x01? ~\x01\xf7\x93\x95\
\xc0^\xb5\xcc\x82\xa4N\xf3\x81\x1b\x88_\xf3\xfd\xe4!\
|n\x884e\xaf ~\x11\xf7\x9b\xaf\xe2\x13\xbe\xa4\
:\x8d\x00\xffB\xfcZ\xef7\xff\xa5\x96Y\x90\x86\xc8\
\x97\x88_\xc8\xfd\xe6#5\xcd\x81$x\x17\xf1k\xbc\
\xdf\xdc\x80\x0f\xfd\x91\xa6\xed `\x03\xf1\x0b\xba\xdf\xfc\
~=\xd3 \x0d\xb57\x12\xbf\xb6\xfb\x8d\xaf\x10\x97*\
t1\xf1\x8b\xba\xdfl\x07~\xad\x9ei\x90\x86\xd2\x19\
\xc0f\xe2\xd7v\xbfyO=\xd3 \x0d\xa7Y\xc0\xf5\
\xc4/\xec~\xb3\x99\xb2iI\x9a\x9e\xa3\x80\xb5\xc4\xaf\
\xe9~\xb3\x12\xd8\xb5\x8e\x89\x90\x86\xd9\x094\xe3\x09\x81\
;\xf3\x08\xf0\x9cZfB\x1a\x0e\xcf\x02~B\xfcZ\
\x9eL\xce\xaee&$5\xe2\x8d_\x9d\xb9\x1f8\xb8\
\x96\x99\x90\xdamo\xe0\x87\xc4\xaf\xe1\xc9\xe4cuL\
\x84\xa4b>\xf0#\xe2\x17\xfadr/p`\x1d\x93\
!\xb5\xd4\x1e\xc0\x8d\xc4\xaf\xdd\xc9d5\xb0\xa4\x8e\xc9\
\x90\xf43/\xa6\x5ch\x17\xbd\xe0'\x93;\x81}k\
\x98\x0b\xa9m\x16\x02\xdf#~\xcdN6\xe7\xd71\x19\
\x92\x9e\xae)/\x0b\xea\xcc\xcd\x94w\x1cH\xeam\x01\
p%\xf1ku\xb2\xb9\xbc\x8e\xc9\x90\xd4\xdb\x02\x9a\xf7\
\xfb\xe0\x0e\xe0:l\x02\xa4^\x16\x00_#~\x8dN\
6\x0f\x00\x8bk\x98\x0fI\xe38\x9ef\xdd\x1b\xbc3\
+\x80\xfdj\x98\x0f\xa9\xa9v\x05\xbeA\xfc\xda\x9cl\
\xb6\x01g\xd50\x1f\x92\xfa\xf0{\xc4o\x02S\xc9\xed\
\x94[\x9c\xa4a\xb7\x08XN\xfc\x9a\x9cJ\xfe\xa2\x86\
\xf9\x90\xd4\xa7\x19\xc0\xd7\x89\xdf\x08\xa6\x92\x95\xf8\x9ep\
\x0d\xb7gP\xae\x8d\x89^\x8bS\xc9\xad\xc0\xbc\xea\xa7\
D\xd2d<\x93\xe6\xbc\x1b\xbc;\x0f\x02\xcf\xad~J\
\xa4\xf4\x0e\x00\xee ~\x0dN%\x1b\x81\xa3\xab\x9f\x12\
IS\xf1j\xe27\x85\xa9f5pr\xf5S\x22\xa5\
u\x0c\xcd{\xc2_g\xdeR\xfd\x94H\x9a\x8e\xbf%\
~c\x98j6\x02\xe7U?%R:/\x05\xd6\x11\
\xbf\xe6\xa6\x9a\xcb\x80\x91\xcagE\xd2\xb4\xcc\xa6\x99\xf7\
\x10\xef\xccv\xe0O\xaa\x9e\x14)\x91_\x07\x9e\x22~\
\xadM5\xb7S\x1eT$)\xa1}(\xf7\xe5Fo\
\x14\xd3\xc9\xdfS\x9a\x19\xa9-F(\xcdm\xf4\xda\x9a\
N\x1e\x07\x8e\xacx^$U\xect\x9a}\x94\xb1\x03\
\xf82\xe5y\xe8R\xd3-\x00\xfe\x85\xf855\x9dl\
\x07~\xb9\xea\x89\x91T\x8f\xb7\x12\xbfiL7\xf7\x02\
'U=1\xd2\x00\x1dJso\xf3\xeb\xcc;\xab\x9e\
\x18I\xf5\xfa\x18\xf1\x1b\xc7t\xb3\x91\xf2\xbb\xa9\xd44\
\xaf\x00\x1e%~\x0dM7_\x07fV<7\x92j\
\xb6\x0b\xed8\xfa\xd8\x01\xbc\x0f\xaf\x0bP3\xcc\xa0\xfc\
\xde\xbf\x8d\xf8uSE<\xfa\x97\x1a\xea\x00`\x15\xf1\
\x9bH\x15\xb9\x12\xdf!\xa0\xdc\x16\x03\xffF\xfcZ\xa9\
:\x17W9I\x92\x06\xe7\x04`=\xf1\x9bH\x15Y\
\x0b\xbc\xae\xda\xe9\x91*q\x06p\x1f\xf1k\xa4\xae\xfc\
auS%i\x90^\x01l!~\x13\xa9*\x1f\xa7\
\xbcAM\x8a6\x8bv\x9d\xf2\x1f/\x9e\x09\x90\x1a\xea\
\xcd\xc4o U\xe6v\xe0\xc4JgH\x9a\x9c\xc3\x81\
\x1b\x88_\x0b\x83\x8cg\x02\xa4\x86z/\xf1\x1bH\x95\
\xd9L9*\xf1*e\x0d\xd2\x08\xf0\x9b\xc0\x06\xe2\xd7\
@D<\x13 5\xd0\x0c\xe03\xc4o U\xe7\xfb\
\xf8\xcc\x00\x0d\xc6!\xc0\xd7\x88\xff\xccG\xc7&@j\
\xa0\xf9\xc0w\x88\xdf@\xaa\xce\x16\xe0\xcfF\xc7'U\
m6\xf0\x07\x94gSD\x7f\xd6\xb3\xc4\x9f\x03\xa4\x06\
Z\x08|\x97\xf8\x0d\xa4\x8e\xdc\x05\x9cU\xddTI\x1c\
\x07\x5cG\xfcg;c<\x13 5\xd0\x9e\xb4\xe7A\
A\xdd\xd9\x0e|\x94\xf2r$i\xaa\x16\x01\x97\x02[\
\x89\xffLg\x8eg\x02\xa4\x06Z\x02\xdcF\xfc\x06R\
W6Pn\xd1\x9aW\xd1|i8\xcc\x00.\x00~\
J\xfcg\xb8)\xf1L\x80\xd4@\xcf\x04\xee&~\x03\
\xa93?\xa1l\xe8\xd2D\xce\xa0\xbdg\xc6\xea\x8eM\
\x80\xd4@\x07\x03\xf7\x13\xbf\x81\xd4\x9d\xaf\x03\xc7V4\
gj\x97g\x03\x97\x13\xff\x19mz\xfc9@j\xa0\
#\x80\x07\x88\xdf@\xea\xce6\xe0\x93\xc0s\xaa\x996\
5\xdcR\xca\xf5\x22mzRft<\x13 5\xd0\
R\xe0\xc7\xc4o \x83\xc86\xe02\xca\x91\x9f\x86\xcf\
\xfe\x94\x0b\xfc6\x11\xffYlcl\x02\xa4\x06z\x16\
\xe51\xbb\xd1\x1b\xc8\xa0\xb2\x05\xf80\xa5\xf9Q\xfb\xed\
Cy\x96\xd1\x9f\xdc\x00\x00\x0akIDAT\xbd\xb4\
\xf7\xf3\xd7\x1f\x7f\x0e\x90\x1aho\xca\xd3\xf5\xa27\x90\
Af\x1b\xf0\x05\xe0\x05\x15\xcc\x9f\xf29\x94r\xc4\xff\
$\xf1\x9f\xb5a\x8ag\x02\xa4\x06\xda\x03XN\xfc\x06\
\x12\x91\xab\x81s)\xcf|W\xb3\x9dJ\xf9\xa9\xc7{\
\xf9\xe3b\x13 5\xd0B\xe0J\xe27\x90\xa8\xac\x00\
~\x03X0\xdd\x89\xd4@\xcd\x05\xce\xc7\xa7\xf7e\x8a\
?\x07H\x0d\xb4\x00\xf8\x1c\xf1\x1bHd\x1e\x03\xde\x0f\
\x1c?\xcd\xb9T\xbd\x8e\x00.\x01V\x13\xff\x991O\
\x8fM\x80\xd4@#\x94'\xeaEo \x19\xb2\x82r\
Js\xcf\xe9L\xa8*3\x178\x8f\xf2\x86\xbe\xed\xc4\
\x7f>\xcc\xf8\xb1\x09\x90\x1a\xeaB\xfc-ug\xd6\x03\
\xff\x08\xbc\x12\x983\x9dI\xd5\xa4\xcd\x04\xce\xa6\xdc\xbd\
\xb1\x96\xf8\xcf\x82\x99\x5cl\x02\xa4\x86z9\xf08\xf1\
\x9bH\xa6\xac\x05>N\xb9p\xd0f\xa0\x1e3(\x17\
\xf4]\x0a<H\xfc\xbf\xb9\x99^l\x02\xa4\x86Z\x86\
\x9b\xf0Xy\x84rd\xfa\xcb\xc0nS\x9d`\x01\xe5\
\xfa\x93W\x00\x7f\x8b\x9f\xb76\xc6&@j\xa8\xa5\xc0\
\x0f\x88\xdfD2\xe7)\xe0\x9b\xc0\xef\x01GOi\x96\
\x87\xcf\xe1\x94\x9f\x9a\xbe\x82\x0f\xeb\x19\x86\xd8\x04H\x0d\
\xb5+\xe5\x1e\xeb\xe8M\xa4)\xb9\x0f\xf8\x07\xe0\x8d\x94\
+\xd6}\xce\x00\x1cByS\xe3\x87\x80\xbb\x88\xff7\
jJ\xae\x00\xfe(A\x1dU\xc4&@j\xa8\x11\xe0\
m\xf82\x95\xa9d5\xf0\xaf\xa3\xf3w\x0a0o\x92\
s\xdf4\xb3)?\x1f\xbd\x15\xf84\xb0\x8a\xf8\x7f\x83\
\xa6e;\xf0.\xca\x85\x90\x00\x17%\xa8\xa9\x8a\xd8\x04\
H\x0dv:\xfeN;\xddl\xa5\x1c\x05\x7f\x81r\xdb\
\xe5y\xc0Q\x94\x0b\xe0\x9af\x11\xe5\xa2\xbd\x0b)\x17\
H^\x8f\xa7\xf4\xa7\x9b\xc7\x81\xd7\xf4\x98k\x9b\x00\x0d\
\x15O\x9d\xe6\xf4,\xca\x91\xdd\xf3\xa2\x0bi\x99u\xc0\
\x1d\xc0=\xc0\xca\xae?\xef\x056\x07\xd44\x1b8\x00\
8\x88r=H\xe7\x9f\x87\xe3s\x12\xaav\x1b\xf0*\
\xca\xe7\xa0\x97\x8b\x80\xf7\x0c\xae\x9c\xda\xbc\x03xgt\
\x11\xca\xcd\x06 \xaf\xb9\xc0_\x03o\x8a.dH\xec\
\x00\x1e\x06\xd6te5\xe5\x8e\x84\xf5\xc0\x13\x94\x0b\x12\
wP\x9ej\x08\xe55\xb8\x1b)\xff^;\x1fu\xbc\
\x90rjy6\xe5\xfa\x8e]\x81\xc5\xc0^\x1dY<\
\x9a%\xfc\xec4\xb4\xea\xf5)\xcau#\x1b&\xf8\xef\
\xd9\x04HJ\xe1<\xe0Q\xe2O+\x1a\xd3\xd4l\xa4\
\xfc\x842\x99\x03\x1e\x7f\x0e\x90\x94\xc2\x01\xc0w\x88\xdf\
L\x8ciZne\xea\xb7\x8e\xda\x04\xa8\xd5<\xf5\xd8\
\x0c\xeb(\x17\x80\xad\x05\xce\xc4\x7f7i\x22;(?\
\xa1\x9dG\xb9Kb*\x96S~.xiUE\x05\
9\x93ra\xecU\xd1\x85H\x9a\x9ee\xc0\x9d\xc4\x1f\
U\x18\x935\x0f\x01\xe7P\x1d\xcf\x04\xa8\x95<\x92l\
\x9eU\x94\x87\xe0\xec\x8b\xaf\xd5\x95\xba}\x8e\xf2\xe5\x7f\
K\x85\xff7=\x13 )\x9ds(\xb7\xb1E\x1fY\
\x18\x13\x9d5\xc0\x9b\xa9\x97g\x02\xd4*\x9e\x01h\xb6\
\x1f\x03\x7f\x07\xcc\x02^H3\x1ft#M\xd7\xa7(\
\xcdp\xddG\xb6\x9e\x09\x90\x94\xd2\x0b\xf1\xa5Bf\xb8\
r7\xf02\x06\xcf3\x01j\x05\xcf\x00\xb4\xc7\xfd\x94\
\xd7\xe7>\x01\x9cF9+ \xb5\xd1v~\xf6\xaa\xe8\
\x1f\x06\xfc\xff\xf7L\x80\xa4\xb4\x8e\x04\xbeE\xfc\x11\x86\
1U\xe7{\xc0I\xe4\xe0\x99\x00Ii\x9d\x8b\xaf\x86\
5\xed\xc8*\xcaE~\xd9\xceZ\xda\x04HJk\x0e\
\xe51\xa8\xeb\x88\xdfd\x8c\x99l6\x03\x97R\xde\xaf\
\x90\x95M\x80\xa4\xd4\xf6\x05>D\xf9\xcd/z\xa31\
\xa6\x9f|\x018\x98f\xb0\x09\x90\x94\xde2\xe0j\xe2\
7\x1ac\xc6\xcaM\xc0\x194\x8fM\x80\xa4F8\x8b\
rAU\xf4fc\xcc\xce\xdc\x06\x5c@\xb3\x9fga\
\x13 \xa91\xce\x02n ~\xc31\xc3\x9b{\xc8y\
\x81\xdfT\xd9\x04Hj\x8c\x11\xca\x1d\x03\xdf'~\xd3\
1\xc3\x93{)_\xfcm|f\x85M\x80\xa4F\x99\
\x09\xbc\x01\xb8\x9d\xf8\x8d\xc7\xb47\xf7\x00\xbfE\xb9C\
\xa5\xcdl\x02$5\xce\x08\xe5\xa7\x81/\x10\xbf\xf9\x98\
\xf6\xe4&\xcao\xfcm<\xe2\x1f\x8bM\x80\xa4\xc6:\
\x1e\xf88\xb0\x85\xf8M\xc84/\xdb\x81\xafQ~b\
\x1aV6\x01\x92\x1am)\xf0\xe7\xc0c\xc4oD&\
\x7f6S\x1a\xc7\xa3\x10\xd8\x04Hj\x81=\x81\xdf\x05\
V\x10\xbf\x19\x99|\xb9\x8b\xf2%\xb1\x0f\xeaf\x13 \
\xa95N\xa4<]p\x03\xf1\x9b\x92\x89\xcbf\xe02\
\xcai\xfe\xb6\xdc\xcaW\x17\x9b\x00I\xad\xb2\x90r;\
\x97\xcf\x13\x18\xae\xdc\x01\x5c\x0c\xec\x8d&\xc3&@R\
+\x9d\x04\xbc\x0fx\x80\xf8\x0d\xcaT\x9f\xd5\xc0\x07\x81\
\xd3\xd0t\xd8\x04Hj\xad\x19\xc0\xa9\x947\xb9\xad\x22\
~\xa32S\xcfZ\xca\x05}\xe7\x02\xb3QUl\x02\
$\xb5^g3\xf0\x10\xf1\x1b\x96\x998O\xf0\xb3\xdf\
\xf5\xdb\xfe\xc0\x9eH6\x01\x92\x86\xc6,\xe0L\xe0\xdd\
\xc0\xad\xc4o\x5c\xe6g\xb9\x83\xd2\xa4\xbd\x1c\x98;\xd6\
?\xa0*g\x13 i(=\x83\xf2t\xb8\xcb(\xa7\
\x9a\xa37\xb1a\xca\x93\x94\x87\xf4\x5c\x0c\x1c9\xd1?\
\x94je\x13 i\xa8\xcd\x06^\x04\xbc\x0b\xb8\x0a\xd8\
H\xfc\x86\xd6\xa6<\x05,\x07\xfe\x028\x1b\x98\xd7\xdf\
?\x8b\x06\xc4&@\x92F\xcd\xa2<k\xe0B\xca\x19\
\x82\x87\x89\xdf\xdc\x9a\x94\xc7)G\xf8\x7fBy\xb7\xc3\
\xfcI\xcd\xbe\x22\xd8\x04H\xd2\x18\x8e\x00\xde\x08|\x00\
\xb8\x06XG\xfcf\x97!\x1b\x80\xef\x02\x1f\xa6\xbci\
\xef\xb9\x94\x8b/\xd5<6\x01\x1a\x88\x91\xe8\x02\xa4\x0a\
\xecG\xf9\x0d\xfb(\xca\x19\x83\x13\x81\xc3i\xefS\xe9\
\x1e\xa4<ti\x05p\xdb\xe8\xdfo\x07\xb6E\x16\xa5\
J]\x04\xbc'\xba\x88\x0a\xbc\x03xgt\x11\xea\xcd\
\x06@m5\x0f8\x98\xf2\x12\xa3\xa5\xc0A]\x7f.\
\x8e)\xab/\x8f\x01+\x81{z\xfcy7\xe5\xe2=\
\xb5\x9fM\x80je\x03\xa0a\xb5\x108\x00X2\x9a\
\xbd(MAw\xf6\xa2\x5c\x8b\xb0\xdb\xe8\xff\xde.\xf4\
w_\xfcV`\xfd\xe8\xdf\x9f\xa0\x5c\x80\xb7\x16x\x04\
X\xd3\xf1\xe7\xce\xac\x1e\xcd}\xa3\xff=\x09l\x02$\
)\x9d\x19\xc0\xa2\xd1,\xee\xf8{[\x7fvP\x1c\xaf\
\x09\x90$iH\xd9\x04\xa8r\x1e\xadHR~\xcb)\
wz\xbc4\xba\x90i:\x93\xf2\xf3\xd8U\xd1\x85\xc8\
\x06@\x92\x9a\xc2&@\x95\xb2\x01\x90\xa4\xe6\xb0\x09P\
el\x00$\xa9Yl\x02T\x09\x1b\x00Ij\x1e\x9b\
\x00M\x9b\x0d\x80$5\x93M\x80\xa6\xc5\x06@\x92\x9a\
\xcb&@Sf\x03 I\xcdf\x13\xa0)\xb1\x01\x90\
\xa4\xe6\xb3\x09\xd0\xa4\xd9\x00HR;\xd8\x04hRl\
\x00$\xa9=l\x02\xd47\x1b\x00Ij\x17\x9b\x00\xf5\
\xc5\x06@\x92\xda\xc7&@\x13\xb2\x01\x90\xa4v\xb2\x09\
\xd0\xb8l\x00$\xa9\xbdl\x024&\x1b\x00Ij7\
\x9b\x00\xf5d\x03 I\xedg\x13\xa0\xa7\xb1\x01\x90\xa4\
\xe1`\x13\xa0\x9fc\x03 I\xc3\xc3&@\xff\xc1\x06\
@\x92\x86\x8bM\x80\x00\x1b\x00I\x1aF6\x01\xb2\x01\
\x90\xa4!e\x130\xe4l\x00$ix\xd9\x04\x0c1\
\x1b\x00I\x1an6\x01C\xca\x06@\x92d\x130\x84\
l\x00$I`\x130tl\x00$I;\xd9\x04\x0c\
\x11\x1b\x00IR'\x9b\x80!a\x03 I\xeaf\x13\
0\x04l\x00$I\xbd\xd8\x04\xb4\x9c\x0d\x80$i,\
6\x01-f\x03 I\x1a\x8fM@K\xd9\x00H\x92\
&b\x13\xd0B6\x00\x92\xa4~\xd8\x04\xb4\x8c\x0d\x80\
$\xa9_6\x01-b\x03 I\x9a\x0c\x9b\x80\x96\xb0\
\x01\x90$M\x96M@\x0b\xd8\x00H\x92\xa6\xc2&\xa0\
\xe1l\x00$ISe\x13\xd0`6\x00\x92\xa4\xe9\xb0\
\x09h(\x1b\x00I\xd2t\xd9\x044\x90\x0d\x80$\xa9\
\x0a6\x01\x0dc\x03 I\xaa\x8aM@\x83\xd8\x00H\
\x92\xaad\x13\xd0\x106\x00\x92\xa4\xaa\xd9\x044\x80\x0d\
\x80$\xa9\x0e6\x01\xc9\xd9\x00H\x92\xeab\x13\x90\x98\
\x0d\x80$\xa9N6\x01I\xd9\x00H\x92\xeaf\x13\x90\
\x90\x0d\x80$i\x10l\x02\x92\xb1\x01\x90$\x0d\x8aM\
@\x226\x00\x92\xa4A\xb2\x09H\xc2\x06@\x924h\
6\x01\x09\xd8\x00H\x92\x22\xd8\x04\x04\xb3\x01\x90$E\
\xb1\x09\x08d\x03 I\x8ad\x13\x10\xc4\x06@\x92\x14\
\xcd& \x80\x0d\x80$)\x03\x9b\x80\x01\xb3\x01\x90$\
ea\x130@6\x00\x92\xa4Ll\x02\x06\xc4\x06@\
\x92\x94\x8dM\xc0\x00\xd8\x00H\x922Z\x0el\x02\xce\
\x8a.d\x9a\xce\x04\x1e\x07\xfe=\xba\x10I\x92\x9a\xe4\
\x22`G\xc3\xb3\x1d8\xbf\xea\x89\x91$\xa9\xed.&\
\xfeK|\xbay\x128\xba\xea\x89\x91$\xa9\xed\xdap\
&\xe0\xbb$\xfa\xe9=M!\x92$\x8d\xa3\x0d\xd7\x04\
<\x13x\x10\xb8>\xba\x10I\x92\x9a\xa6\xe9g\x02\xee\
\x01fU>+S\xe0\x19\x00IR\x934\xfdL\xc0\
\x1e\xc0\xad\xc0m\xd1\x85\xd8\x00H\x92\x9a\xe6\x1a\x9a\xfd\
\x9c\x80Y\xc0e\xd1EH\x92\xd4TM\xfd9`\x1d\
0\xbb\x86\xf9\x90$ih4\xf5\x16\xc1\xe7\xd71\x19\
\x92$\x0d\x93&\x9e\x09\x08\x7f0\x90\xd7\x00H\x92\x9a\
\xae\x89\xef\x0e\xb8\x1e\xb8:\xb2\x80\x19\x91\xff\xcf%I\
\xaa\xc8%\xc0\xff\x8c.b\x12v\x8b.\xc0\x06@\x92\
\xd4\x16Mj\x02\xb6D\x17`\x03 Ij\x93K\x80\
\xdf\x8f.\xa2\x0f\x1b\xa3\x0b\x90$\xa9\x8d\xb2_\x18\xf8\
\xaa\xfa\x86.I\xd2p\xcb\xdc\x04\x1cV\xe3\xb8%I\
\x1az\x19\x9f\x13\xf0S\xfc\x09^\x92\xa4\xdae;\x13\
\xf0\xc1z\x87+I\x92v\xcat&\xe0%5\x8fU\
\x92$u\xc8p&\xe0z`\xa4\xee\x81J\x92\xa4\x9f\
\x17\xdd\x04\x9cS\xff\x10%IR/QM\xc0\xe5\x83\
\x18\x9c$I\x1a\xdb\xa0\x9b\x80\x07\x80\xc5\x03\x19\x99$\
I\x1a\xd7\xa0.\x0c\x5c\x0f\xbc`@c\x92$I}\
\xb8\x08\xd8N}_\xfeO\x02/\x1e\xd4`$IR\
\xff\xde@\xf9\xa2\xae\xfa\xcb\xff^`\xd9\x00\xc7!I\
\x92&\xe9h\xe0F\xaa\xfb\xf2\xff\x1c\xb0d\xa0#\x90\
$IS2\x13x\x0b\xe5\xc8}\xaa_\xfc7\xe0\x83\
~$Ij\xa4\xd9\xc0y\x94\xdb\xf6\xd63\xf1\x97\xfe\
*\xe0\xefh\xd8\x85~>\x8dH\x92\xa4\xb1\xcd\x02\x8e\
\x05\x8e\x00\xf6\x07\xf6\x006\x01k(/\xf5\xf9\x1e\xe5\
\x8c\x81$I\x92$I\x92$I\x92$I\x92$I\
\x92$I\x92$I\x92$I\x92$I\x92$I\x92\
$I\x92$I\x92$I\x92$I\x92$I\x92$\
I\x92$I\x92$I\x92$I\x92$I\x92$I\
\x92$I\x92$I\x92$I\x92$I\x92$I\x92\
$I\x92$I\x92$I\x92$I\x92$I\x92$\
I\xad\xf4\xff\x01\x9a3\x92\xb8)\x09\x1a\x9e\x00\x00\x00\
\x00IEND\xaeB`\x82\
\x00\x00c\x14\
\x89\
PNG\x0d\x0a\x1a\x0a\x00\x00\x00\x0dIHDR\x00\
\x00\x02\x00\x00\x00\x02\x00\x08\x06\x00\x00\x00\xf4x\xd4\xfa\
\x00\x00\x00\x04sBIT\x08\x08\x08\x08|\x08d\x88\
\x00\x00\x00\x09pHYs\x00\x00\x0d\xd7\x00\x00\x0d\xd7\
\x01B(\x9bx\x00\x00\x00\x19tEXtSof\
tware\x00www.inksca\
pe.org\x9b\xee<\x1a\x00\x00 \x00ID\
ATx\x9c\xec\xddw\x98&E\xd5\xf7\xf1\xef\x0f\x96\
\xb4\x04I*AI\x92\xb3\xe4\xa4\x04IJ2 \xa2\
d%\x89(<\x06$\xbd\x0a**\x82\x02*\x0a\x82\
\x22 A\x82(\x8a$\xc9qaA2K\x90\x9cs\
f\x13{\xde?\xaa\x97Y\x96\x09\xf7\xcc\xf4\xe9\xea\xee\
\xfb|\xaek.|\x9e\xdd\xadsXf\xee:]]\
uJfF\x08\xa1w\x92f\x00>\x09l\x02,\x06\
|\x08\xf8p\xf152cj\xa1\xc7\xdb\xc0s\xc0\xb3\
\xc5\xd7\xff\x80K\x80+\xcd\xec\xed\x9c\x89\x85Pg\x8a\
\x02 \x84\xf7\x924\x02\xd8\xb6\xf8Z\x9f\x98\xe8\x9bj\
,p\x15p6p\xaa\x99\x8d\xcf\x9cO\x08\xb5\x12\x05\
@\x08\x85\xe2i\x7f\x17`?`\xe1\xcc\xe9\x84r=\
\x09\x1c\x09\xfc\xc1\xcc\xde\xca\x9dL\x08u\x10\x05@\x08\
\x80\xa4-\x80\xe3\x80\xf9r\xe7\x12\x5c=\x0f|\xd3\xcc\
\xfe\x9a;\x91\x10r\x9b&w\x02!\xe4$iFI\
\xbf\x01\xce'&\xffn\xf0A\xe0LI\x7f\x924s\
\xeedB\xc8)V\x00B\xd7\x92\xb4\x08\xf0w`\xb9\
\xdc\xb9\x84,\xee\x07>gf\xf7\xe4N$\x84\x1c\xa2\
\x00\x08]I\xd2\x82\xc0\xd5\xc0\x02\xb9s\x09Y=\x0b\
\xackf\xf7\xe5N$\x84\xaa\xc5+\x80\xd0u$\xcd\
\x0f\x5cFL\xfe!\x1d\xe7\xbc\x5c\xd2\xc7r'\x12B\
\xd5b\x05 t\x15I\xb3\x027\x01K\xe6\xce%\xd4\
\xcac\xc0*f\xf6|\xeeDB\xa8J\xac\x00\x84n\
\xf3Kb\xf2\x0f\xef\xb7\x00\xf0\xdb\xdcI\x84P\xa5X\
\x01\x08]C\xd2\xa6\xc0\x85\xb9\xf3\x08\xb5\xb6\xb5\x99\x9d\
\x9b;\x89\x10\xaa\x10\x05@\xe8\x0a\x92f\x03\xee\x01\xe6\
\xcf\x9dK\xa8\xb5\xe7\x80\xa5\xcd\xec\xc5\xdc\x89\x84\xe0-\
^\x01\x84n\xb1+1\xf9\x87\x81}\x08\xd8;w\x12\
!T!V\x00B\xebI\x9a\x06x\x90h\xef\x1b:\
\xf34\xb0\xa0\x99M\xc8\x9dH\x08\x9eb\x05 t\x83\
-\x89\xc9?tn^`\xeb\xdcI\x84\xe0-\x0a\x80\
\xd0\x0dv\xcf\x9d@h\x9c=s'\x10\x82\xb7x\x05\
\x10Z\xadX\xfe\x7f\x05\x985w.\xa1Q&\x00\x1f\
0\xb3\xb7s'\x12\x82\x97X\x01\x08m\xb7\x1c1\xf9\
\x87\xc1\x9b\x0eX9w\x12!x\x8a\x02 \xb4\xddZ\
\xb9\x13\x08\x8d\xb5f\xee\x04B\xf0\x14\x05@h\xbb\xd5\
s'\x10\x1ak\x8d\xdc\x09\x84\xe0)\x0a\x80\xd0v\x8b\
\xe7N 4\xd6R\xb9\x13\x08\xc1Sl\x02\x0c\xad&\
\xe9y`n\x87\xa1_#\xed\x14\x9f\xb6\xe4\xafi\x1c\
\xc6\x1cN.\xddl\x1c0\xd2\xcc&\xe5N$\x04\x0f\
Q\x00\x84\xd6\x924;\xf0\xb2\xd3\xf07\x9aY\xeb\xdf\
\x11\x17\xa7(r\x17\x22\x9d\x14H\xab\x01[8\xfc\x15\
,lf\x8f8\x8c\x1bBv#r'\x10\x82\xa3E\
\x1d\xc7\xbe\xd7q\xec\xda(\x9e~'\x91\x8e\xc5\xd5\x96\
\xa4\xcd\xf0)\x00\x16\x05\x1eq\x187\x84\xec\xba}\x89\
/\xb4\xdbb\x8ec\xdf\xe38v\x18\xbc\x07\x9c\xc6\xf5\
\xfc\x1e\x0a!\xab(\x00B\x9bE\x01\xd0=\x1e\x06\xde\
q\x187\x0a\x80\xd0ZQ\x00\x846\xf3|\x05\x10\x05\
@\x8d\x14\x17\xf7<\xea0\xb4\xe7\xf7P\x08YE\x01\
\x10\xda\xcc\xeb\xe9\xed-|&\x9b0<\x0f:\x8c\x19\
+\x00\xa1\xb5\xa2\x00\x08m\xe6\xf5\xe1=\xc6\xe2\xf8L\
\x1dy\xec\x03X\xa48\x09\x11B\xeb\xc47vh\xa5\
\xe2\x08\xe0\x5cN\xc3\xc7\xf2\x7f=y\xac\x00L\x0f,\
\xe00n\x08\xd9E\x01\x10\xda\xcas\xe9\xb6+\x8e\x00\
6P\x9c\x04\x08a\x10\xa2\x00\x08m\x15'\x00\xba\x8f\
\xc7\x0a\x00D\x01\x10Z*\x0a\x80\xd0Vq\x02\xa0\xfb\
<\x84\xcfQ\xc08\x09\x10Z)\x0a\x80\xd0V^O\
m\xe3\x81\xff9\x8d\x1d\x86\xc1\xf1(`\xac\x00\x84V\
\x8a\x02 \xb4\x95\xd7\x87\xf6\xfdf\xe6\xf1\x94\x19\xca\x11\
G\x01C\xe8P\x14\x00\xa1\xad\xbc\x96mc\xf9\xbf\xde\
<6\x02.,iZ\x87qC\xc8*\x0a\x80\xd0:\
\x92\xe6 \x8e\x00v\xab8\x0a\x18B\x87\xa2\x00\x08m\
\x14'\x00\xbaW\x1c\x05\x0c\xa1CQ\x00\x846\x8ak\
\x80\xbb\x97\xd7Q\xc08\x09\x10Z'\x0a\x80\xd0F^\
Ok\x13\x81\xfb\x9d\xc6\x0e\xe5\xf0:\x0a\x18+\x00\xa1\
u\xa2\x00\x08m\xe4\xf5a\xfd?3\x1b\xef4v(\
Aq\x14\xf01\x87\xa1\xa3\x00\x08\xad\x13\x05@h#\
\xaf\xe5\xdaX\xfeo\x06\x8f}\x00\xf1\x0a \xb4N\x14\
\x00\xa1\x8d\xbc\x9e\xd6b\x03`3x\xdd\x0a\x18G\x01\
C\xabD\x01\x10ZE\xd2\x9c\xc0\x9cN\xc3G\x01\xd0\
\x0c\x1e\x1b\x01\xa7\x03\x16t\x187\x84l\xa2\x00\x08m\
\x13w\x00\x04\xaf\xa3\x80\xf1\x1a \xb4J\x14\x00\xa1m\
\xbc\x96\xff\x0d\xb8\xcfi\xecP\xae\xb8\x150\x84\x0eD\
\x01\x10\xda\xc6\xebC\xfa\x113{\xcbi\xecP\xae\x87\
\x89\xa3\x80!\x0c(\x0a\x80\xd06q\x07@\x97+\x8e\
jz\x1c\x05\x8cW\x00\xa1U\xa2\x00\x08m\xe3\xf5\x94\
\x16G\x00\x9b\xc5c\x1f@\xac\x00\x84V\x89\x02 \xb4\
M\x1c\x01\x0c\xe0\xb3\x0f n\x05\x0c\xad\x12\x05@h\
\x0dIs\x01s8\x0d\x1f\x05@\xb3x\xac\x00\xc4Q\
\xc0\xd0*Q\x00\x846\x89K\x80\xc2dq+`\x08\
\x03\x88\x02 \xb4\x89\xd7\x87\xf3\x93f\xf6\x9a\xd3\xd8\xc1\
G\x1c\x05\x0ca\x00Q\x00\x846\x89\xf7\xffa2\xaf\
\xa3\x80q\x12 \xb4F\x14\x00\xa1M\xe2\x08`\x00\x5c\
\x8f\x02\xc6\x0a@h\x8d(\x00B\x9b\xc4\x11\xc00\xa5\
8\x0a\x18B?\xa2\x00\x08m\x12+\x00aJ\x1e\xfb\
\x00\x16\x924\xc2a\xdc\x10*\x17\x05@h\x858\x02\
\x18z\x11G\x01C\xe8G\x14\x00\xa1-\xbc\x96f\x9f\
3\xb3\x17\x9d\xc6\x0e\xbe\xe2$@\x08\xfd\x88\x02 \xb4\
E\xbc\xff\x0fS\x8b^\x00!\xf4#\x0a\x80\xd0\x16\xf1\
\xfe?L-\x8e\x02\x86\xd0\x8f(\x00B[D\x0f\x80\
\xf0\x1eq\x140\x84\xfeE\x01\x10\xda\x22\x0a\x80\xd0\x9b\
8\x0a\x18B\x1f\xa2\x00\x08m\xe1\xb5,\x1b{\x00\x9a\
-\x8e\x02\x86\xd0\x87(\x00B\xe3I\x9a\x1b\x98\xdda\
\xe8W\xcc\xeci\x87qCu<V\x00F\x00\x0b9\
\x8c\x1bB\xa5\xa2\x00\x08m\x10\xcb\xff\xa1/q\x140\
\x84>D\x01\x10\xda \x96\xffC_\xbc\x8e\x02\xc6I\
\x80\xd0xQ\x00\x846\x88\x15\x80\xd0\x17\xaf\xa3\x80\xb1\
\x02\x10\x1a/\x0a\x80\xd0\x06Q\x00\x84^\xc5Q\xc0\x10\
\xfa\x16\x05@h\x83h\x02\x14\xfa\xe3\xf1\x1a ^\x01\
\x84\xc6\x8b\x02 \xb4\x81\xc7\xd3\xd8\x9b\xc0\xe3\x0e\xe3\x86\
\xea\xc5Q\xc0\x10z\x11\x05@h4I\x1f\x04>\xe0\
0\xf4\xbdff\x0e\xe3\x86\xeay\x1d\x05\x5c\xd8a\xdc\
\x10*\x13\x05@h\xbaX\xfe\x0f\x03\xf1:\x0a\x18\xaf\
\x01B\xa3E\x01\x10\x9a.n\x01\x0c\x03\x89[\x01C\
\xe8E\xbc\xc3\x1a@\xb1\xc4\xfc\xa9\xe2\xebc\xc0\xdc\xc0\
\x5c\xc5?\xdf\x04\x9e\x06\x9e*\xfey\x13\xf0o3{\
(O\xb6])N\x00\x84\x81L>\x0a8m\xc9\xe3\
F\x01P!Is\x02\xeb\x03\xab\x00\xf3\x00\x1f.\xbe\
f\x01^\x04\x9e+\xbe\x1e\x05.\x07n23\x8f#\
\xa0\xad\x11\x05@/$\xcd\x0e\xec\x09l\x0b,\x0f\xa8\
\x8f\xdf:=0\x07\xb0t\xf1\x7f\xef\x00\xfcF\xd2\xfd\
\xc0\x85\xc0\xe9fv\x93s\xba\xdd.^\x01\x84~\x99\
\xd9xI\x8fQ\xfe;\xfbx\x05\xe0L\xd2\xc7\x81m\
\x80\x0d\x81\x95\x18\xdc\xaa\xf5\xab\x92.\x07\xce\x05\xfej\
f\x13\x1dRl4\xc5>\xa7\x1e\x92\x16\x00\xf6\x05v\
#U\x95e\xb8\x0d8\x1e8\xcd\xcc^/i\xccP\
\x904\x1aX\xb9\xe4a\xc7\x023\x9b\xd9\xa4\x92\xc7\x0d\
\x99H\xba\x04\xd8\xa8\xe4a\xffgfQ\x04\x94L\xd2\
\xcc\xa4\x87\xaf=\x80UK\x1a\xf61\xe0W\xc0\x89f\
\xf6fIc6^\x14\x00\x80$\x01\xdf\x06\x0e\x03f\
p\x0a\xf3&p\x06p\xbc\x99\x8dv\x8a\xd1u$\xbd\
B\xf9\xa7\x00\xee0\xb3\x15J\x1e3d$\xe9X`\
\xaf\x92\x87\x9d\x08\x8c4\xb3\x09%\x8f\xdb\x95$\xad\x00\
\xec\x0el\x0f\xcc\xe6\x14\xe6E\xe0\xdbfv\x8a\xd3\xf8\
\x8d\xd2\xf5\x9b\x00%\xcd\x0f\x5c\x0a\x1c\x89\xdf\xe4\x0f0\
3\xb0+p\xb3\xa4[$\xed!iV\xc7x\xad'\
i}|\x8e\x00\xc6\xf2\x7f\xfbx\x1d\x05\xdc\xc2a\xdc\
\xae!i\xa4\xa4]$\xddHZ-\xdd\x0b\xbf\xc9\x1f\
\xd2\xfe\xad\x93%\x9d#i.\xc78\x8d\xd0\xd5\x05\x80\
\xa4u\x80;I\x1b\xfc\xaa\xb4\x12p\x1c\xf0\x94\xa4\xe3\
%\x95\xbd\x84\xddj\x92V\x96\xf4o\xd2F\x1f\x0fQ\
\x00\xb4\x8f\xd7Q\xc0s%]Q|\x96\x84\x0eIZ\
V\xd2oH\x1b\xa8\xff\x04\xac^q\x0a_\x00\xee\x94\
\xb4V\xc5qk\xa5k_\x01\x14?\xb0\x17R\xde\xbb\
\xfe\xe1\xba\x85\xb4W\xe0\x0c3{#w2u$i\
Y\xe0G\xc0\xe7\x9cC}\xd1\xcc\xceq\x8e\x11*$\
i\x09`\x8cs\x98K\x80\x1f\x98\xd9(\xe78\x8d$\
i&\xd2\x86\xbe\xdd\x81\xbaL\xbc\xaf\x03\x9b\x9a\xd9\xf5\
\xb9\x13\xc9\xa1+\x0b\x80\x1aN\xfeSz\x1d8\x9d\xb4\
W\xe0\xbf\xb9\x93\xa9\x03I\x8b\x01\x87\x906\x06U\xb1\
j\xb5\x8c\x99\xc5*@\x8bH\x9a\x1ex\x8b\xf2\x8f\x02\
\xf6\xe6_\xa4B ~~\x01IK\x936\xf4\xed@\
:5U7\xaf\x03\x1b\x9b\xd9\x8d\xb9\x13\xa9Z\xd7\x15\
\x00\x92\x16\x02\xee\x00\x9a\xf0\xfe\xfdf\xe0\x0f\xa4U\x81\
\xae\xdb\xb9*iA\xe0\x07\xc0NT\xf3\xc1\x0d\xb1\xb1\
\xab\xb5$=Du\xed{\x0d8\x0f\xf8\xa1\x99\xddU\
Q\xcc\xda\x904#\xb05i\xe2o\xc2\xeb\x91\xd7\x80\
\xd5\xcc\xec\xbe\xdc\x89T\xa9\xab\x0a\x80b\xb7\xff\xe5\xc0\
z\x99S\x19\xac\xd7\x80\xd3H\xab\x02\xb7\xe7N\xc6\x9b\
\xa4\xf9\x80\x83H\x9b&\xa7\xaf8\xfc\xbdf\xb6\xf4\xc0\
\xbf-4\x8d\xd3Q\xc0\x81L\x02\xce\x02\x0e\xe9\x86\xc9\
E\xd2\x92\xa4%\xfe\x9d\x8093\xa73X\xa3\x80\xb5\
\xbb\xa9yP\xb7m\x02\xfc\x16\xcd\x9b\xfc!\xed\x8a\xfd\
:p\x9b\xa4Q\x92\xbe*id\xee\xa4\xca&\xe9\x83\
\x92~\x09\xfc\x8f\xb4\x1b\xb8\xea\xc9\x1f\xa2\x05p\x9by\
\xb5\x04\xee\xcf4\xa4WWwK:Y\xd2\xc72\xe4\
\xe0J\xd2\x0c\x92\xbe\x22\xe9*\xd2\xcf\xcf\xff\xd1\xbc\xc9\
\x1f\xd2F\xc4\xfdr'Q\xa5\xae)\x00$-\x0a\xfc\
,w\x1e%X\x0d\xf8#\xe9\x04\xc1\xb1\x92\x96\xcf\x9d\
\xd0pI\x9aC\xd2a\xc0C\xa4~\x0c3fL'\
\xde\xfd\xb7\x97\xd7I\x80NL\x0b\xec\x08\x8c\x91tB\
\xd1t\xac\xd1$-.\xe9H\xe0I\xd2\x0a\xe5'3\
\xa7T\x86C$-\x97;\x89\xaatM\x01@\xea\x02\
5S\xee$J\xf4\x01\xd2S\xf2\xed\x92n\x90\xb4s\
\xd3V\x05$\xcd*\xe9\xff\x91z\xb5\x1fH=6e\
F\x01\xd0^9V\x00\xa66\x82\xf4j\xeb\x81\xa2\x80\
\x9f/wB\x83!izI\xdb\x16-v\xef\x03\xbe\
C:[\xdf\x16\xd3\x03\xbf\xcd\x9dDU\xbab\x0f\x80\
\xa4\x8d\x81\x8bs\xe7Q\x81W\x81SI{\x05j\xbd\
\xf1H\xd2v\xc0Q\xc0\x07s\xe72\x95\xe5\xea\xfew\
\x17\x86\xa6X~\xcf\xb9\x0a\xd0\x9b\xb1\xa4&d?1\
\xb3q\xb9\x93\xe9K\xb1\x82\xba;\xb03\xf5\xfb\x99\xf5\
\xf0%3;+w\x12\xdeZ_\x00H\x1a\x01\xdcN\
\xcf\x85=\xdd\xe2\x06R_\x81\xb3\xcc\xec\xed\xdc\xc9L\
&\xe9\xa3\xa4\xbc>\x9d;\x97^<\x03\xccgm\xff\
\xa1\xe8b\x92\xfe\x07,\x92;\x8f^\xdc\x0b|\xb5N\
G\xd1$M\x07|\x96\xb4\x93\x7f\x03\xfa\xbe\x14\xad\x8d\
\x1e\x05\x96\xaa\xd3g\xa7\x87nx\x05\xb0\x17\xdd7\xf9\
\x03\xac\x09\xfc\x99\xb4W\xe0\x18I\xcb\xe4LF\xc97\
\x80\xbb\xa9\xe7\xe4\x0fpIL\xfe\xad\xf7\xef\xdc\x09\xf4\
a)\xe0:IG\xe5~\x95'i\x11I?\x07\x9e\
 \x9d`\xf8\x14\xdd5\xf9\x03,\x08|/w\x12\xde\
Z\xbd\x02P\xf4z~\x80z6\x9f\xc8\xe1:\xd2\xd3\
\xf7\xd9f6\xb6\xaa\xa0E\x17\xb6\x13\xa9\xffy\xe0\xf5\
\xcc\xec\xaa\xdcI\x04?\xc5\xf5\xb2\xa3\xa9\xf7\xc3\xcf\xc3\
\xc0nfvYU\x01\x8b\x95\xd2\xadHO\xfb\x1b\xd2\
}\x13~o\xde\x02\x960\xb3'r'\xe2\xa5\xce?\
\x04e\xf811\xf9Oim\xe0\x14\xd2\xaa\xc0\xd1E\
\x87.7\x92FH:\x90\xf4\x0a\xa6\xee\x93\xff\x191\
\xf9\xb7_\xd1\x9d\xef\xc4\xdcy\x0c`a\xe0?\xc5i\
\x01\x8f\xcb\xae\xde%i\xa1\xe2\x04\xce\xe3\xc09\xa4>\
\x091\xf9'#\x81\xc3s'\xe1\xa9\xb5+\x00\xc5Q\
\x8e\xffR]\x07\xb9\xa6\xba\x86\xd4m\xf0\x9c2W\x05\
\x8a\x0b\x8e\xfe\x084\xe1Z\xddg\x80\x95\xcd\xec\xa9\xdc\
\x89\x04\x7f\xc5\xca\xe0m\xc0Gr\xe7\xd2\x81\xa7\x80\xaf\
\x9b\xd9\xf9e\x0dX<\xedoAz\xda\xdf\x88\xf6?\
\x08\x0e\xd7\xdam\xbd+\xa0\xcd\x05\xc0e\xa4\x8d+\xa1\
3/\x01'\x03\x7f0\xb3!_\x9aR\x5c\xf8q(\
\xe9<\x7f\x13\x8a\xafg\x80\xf5\x87\xf3\xef\x1c\x9a\xa7\xd8\
\xd5~\x05\xcd(\x02\x00\xce\x04\xbeef\xcf\x0fu\x80\
\xa2\xb5\xf6\xae\xc0\xd7\x80y\xcbJ\xac\x0b\x8c&\xb5\x09\
n\xddd\xd9\xca\x02@\xd2\xe7\x80\xbf\xe5\xce\xa3\xc1\xae\
&\xed\x158w0G\x93$\xad\x07\x9c\x00,\xea\x94\
W\xd9\xfe\x0b|%&\xff\xeeT\x14\x01g\x00\xab\xe4\
\xce\xa5C/\x90\x8a\x803:\xfd\x03\x92\xa6\x056#\
=\xedoJ<\xed\x0f\xd5W\xcd\xec\xa4\xdcI\x94\xad\
u\x05\x80\xa4\x19HGj\xbc/\xfdx\x8dt\xe6~\
;`v\xe7X\xb9\xbcH\xcf\xaa@\x9f}\xcc\x8b\xf7\
\x94\xbf\x00v\xa3\x19\xef\x0f\x9f\x07\x0e\x06N4\xb3I\
\xb9\x93\x09\xf9\x14\xf7\x83\xec\x04\x1c\x064\xa5)\xcf?\
I\xaf\x05\x9e\xec\xeb7\x14\xc7m'?\xed\xcf_U\
b-\xf6,\xb0\x98\x99\xbd\x9e;\x91R\x99Y\xab\xbe\
\x80\x03H7qy\x7f}\xbb\x887\x13\xe9\x03\xe4\xfa\
\x8a\xe2\xe6\xfa\xba\x82\xd4\xd3|\xfa\xa9\xfe\xbe\xb7$\x1d\
\x17\xca\x9d_'_\xf7\x03{\x023\xe5\xfe>\x8d\xaf\
z}\x91:\xc0\xed\x02\xdcU\x83\xef\xd3N\xbe^!\
\x9d\x14\x98\xf2\xdfaZ`sR\x810\xb1\x069V\
\xf15\x11\xb8\x80t\xdc{\xbcs\xac\xc3s\x7f\x9f\x96\
\xfd\xd5\xaa\x15\x00I\xf3\x92>\xe4\xbd[\xca\xde\x03\xac\
`f\x13\xa7\x8a\xbf\x1c\xa9[\xd6\x0e\xa4V\xbdm\xf4\
\x02\xa9\xbf\xc09\xa4K?\xbe\x945\x9b\xce\x5c\x03\xfc\
\x12\xf8\xa7\xc5\x13\x7f\x18\x80\xa4MI-n7\xcc\x9d\
K\x07.'\xadfmDz\xe2\xffh\xdet*s\
/\xe9s\xe8T3{\x1a@\xd2Q\xc0\xbe\x8e1\xc7\
\x03\xcb\x98Y\xdd\xbaI\x0eY\xdb\x0a\x80\x93I\x17n\
x\xfb\x94\x99]\xdeO\x1e#I\x13\xe3\x1e\xa4\x1b\xa6\
B\xf5\xde\x01\xce\x05~if7\xe5N&4\x8f\xa4\
\x15H\x85\xc0\xb6\xc0t\x99\xd3\x09i\xd5\xe3\xaf\xc0I\
f6j\xea_\x944;\xe9\x01\xd0\xb3U\xf1\xf9f\
\xb6\x95\xe3\xf8\x95jM\x01 i5\xe0F\xfc\xdfA\
\x9fmf\xdbt\xfa\x9b\x8b\xdb\xfa\xf6\x00\xb6']\xeb\
\x1b|\xbdA:~x\xb4\x99=\x929\x97\xd0\x02\x92\
\xe6']%\xbe;\xed\xdd\xefSW\x93\x80\xff\x90\x9e\
\xf6\xcf\xb3\x01\x8e*K\xda\x038\xce9\xa7\x8d\xcd\xec\
R\xe7\x18\x95hE\x01Pl\xe4\xb9\x01\xff\xa7\xed\xb7\
\x80%\xcd\xec\xf1\xc1\xfeAI3\x93\x9e$\xf6\x00V\
-;\xb1\xc0\xeb\xa4e\xfec\xcc\xec\x95\xdc\xc9\x84\xf6\
\x914\x0b\xa9\x08\xd8\x9f\xee\xb8\x10'\xa7\x07H\x93\xfe\
)6\x88N|\x92\xa6\x01n\xc5\xb7\xffH\xaf\xaf\x80\
\x9b\xa8-\x05\xc0\x0e\xa4\x0ew\xde\x0e6\xb3\xc3\x86;\
\x88\xa4\x15I\x85\xc0v\xc0\xac\xc3\xce\xaa\xbb\x8d'U\
\xfc?\xb1a\x9c\x91\x0e\xa1S\x92f%\xbd\x1a\xf8\x0e\
\xf5\xb8\xc2\xba-^'\xdd=p\x92\x99]7\xd4A\
$\xad\x0b\x5cYVR}\xf8\x96\x99\xfd\xc69\x86\xbb\
\xc6\x17\x00\xc5\x93\xf5\xfd\xf8\x1f\xe1\xf9\x1fi\x03Hi\
Wv\x16O\x14_&\x15\x03+\x975n\x97\x98\x04\
\x9c\x0e\xfc\xc0\xcc\x1e\xce\x9dL\xe8>\x92>\x04\x1cD\
:Y2}\xe6t\x9a\xcaH'\x8cN\x02\xfeff\
o\x951\xa8\xa4\xb3\x81\xad\xcb\x18\xab\x0f/\x93\x8e\x05\
\xbe\xe8\x18\xc3]\x1b\x0a\x80\xc3\x80\x03+\x08\xb5\xb9\x99\
]\xe05\xb8\xa4\x95H\x85\xc0W\x88\xa7\x8a\x81\xfc\x1b\
8\xc0\xcc\xee\xc8\x9dH\x08\x92\x16\x02~DZ\xd1\x8b\
F;\x9dy\x88\xd4c\xe4d3{\xb4\xec\xc1\x8b\xae\
\x87c\x80\x19\xcb\x1e{\x0a\xbf3\xb3o8\x8e\xef\xae\
\xd1\x05\x80\xa4\x85I\xefc<\xff#\x03\x5c`f\x9b\
;\xc7\x00\xde]^\xfc\x0a\xe9]\xe3JU\xc4l\x90\
\x1b\x81\xef\x9b\xd9\xd5\xb9\x13\x09aj\xc51\xe0\x9f\x92\
\xce\xe2\x87\xf7{\x138\x9b\xf4n\xffjs\x9e|$\
\xfd\x98tD\xd2\xcb;\xc0\x8afv\x97c\x0cWM\
/\x00\xce\x01\xbe\xe0\x1cf\x1ci\xe9\xff\x7f\xceq\xde\
G\xd2*\xa4U\x81/\x033W\x1d\xbfF\x1e\x06\xbe\
cf\xe7\xe5N$\x84\x81HZ\x078\x02X#w\
.5`\xa4>\x1c'\x91.\x1c{\xa3\xaa\xc0\xc5\xeb\
\xe1\xfb\xf0\xed\x84x\x99\x995\xa1_D\xaf\x1a[\x00\
HZ\x9f\xd4\x04\xc3\xdbaf\xe6YE\x0eH\xd2l\
\xa4\xe5\xc5\xdd\x81\x15s\xe6R\xb1\x89\xc0\xaf\x80C\xcb\
z7\x18B\x15\x8a\x93I{\x00?\xa7\xbdM\xc1\xfa\
\xf3\x18i\x89\xff\xcff\xf6P\xae$$m\x07\xfc\xc5\
9\xcc\xe7\xcc\xec\xef\xce1\x5c4\xb2\x00(.\xb8\xb8\
\x15X\xde9\xd4\xe3\xa4c\x7f\xb5\x99|\x8a~\x07{\
\x90\x8e\x14\x8e\xcc\x9c\x8e\xa7\x1b\x81\xdd\xcd\xec\xce\xdc\x89\
\x840TEw\xd2c\x80/\xe6\xce\xa5\x02o\x93\x9a\
o\xfd\x19\xb8\xdc{\x89\xbfS\x92\xae\x07\xd6t\x0c\xf1\
\x10\xb0t\x99\x1b\xc4\xab\xd2\xd4\x0d+\xbb\xe1?\xf9C\
\xea\xf7_\x9b\xc9\x1f\xc0\xccn2\xb3\xaf\x91N=\xec\
\x0d\xb4m#\xdc\xab\xc0\xd7\x81\xb5b\xf2\x0fMgf\
O\x17\x8d\xc3\xb6 =\x15\xb7\xd1\xf5\xa4\xcf\xe4y\xcc\
l\x073\xbb\xac.\x93\x7f\xe1[\xa4W\x11^\x16!\
\xb5Eo\x9c\xc6\xad\x00\x14\xed\x1e\x1f\x00\xe6v\x0e\xd5\
\x98w;\x92\xd6 \xad\x0a|\x89t9QS\x9d\x05\
\xeccf\xcf\xe4N$\x84\xb2\x15\xef\xa4\x7fL\x9a\x90\
\xa6\xcd\x9c\xcep=I\xea\xbd\xf2g3\xbb?w2\
\x03\x91t\x12\xb0\xb3c\x887\x80\xc5'\xdfK\xd0\x14\
M,\x00\x8e\x06\xf6q\x0e3\x91\xd4\xe9\xe9\x1e\xe78\
\xa5*\x8a\xa3\x1dH{\x05\x96\xcd\x9c\xce`<\x0c|\
\xc3\xcc.\xcc\x9dH\x08\xde$\xad\x0c\xfc\x81\xe6\x9d\xf2\
\x19\x0b\xfc\x9d\xb4\xc4\x7fi\x93.\xd6\x924\x0f\xa9_\
\x8cg\xe3\xb5\x93\xcdlg\xc7\xf1K\xd7\xa8\x02@\xd2\
R\xa4%\xef\x11\xce\xa1~ef\xdfq\x8e\xe1J\xd2\
Z\xa4U\x81/R\xdfU\x81I\xa4\xf6\xbd\x87\xd4\xed\
UK\x08\x9e\x8a}L\xfb\x90V\x04\xea\xbe\x97\xe7&\
\xd2.\xfe3\x9b\xdcf[\xd2\xf7I\x9b2\xbd\x18\xb0\
F\x93.\x1fkZ\x01p\x11\xb0\x89s\x98g\x80%\
\xcc\xec5\xe78\x95\x904\x07\xe9\x86\xc4\xdd\x81\xa53\
\xa73\xa5\xc7\x80\x1d\xe2L\x7f\xe8f\x92\x96$u\xb4\
\xfcx\xee\x5c\xa6\xf2\x0cp*i\x89\xbfQ+\xa1}\
\x914=\xa9o\xcc\xc7\x1c\xc3\xdcH\xda\xbf\xd4\x88\x89\
\xb51\x9b\x00%m\x8e\xff\xe4\x0f\xa9\xd1L+&\x7f\
\x003{\xd9\xcc\x8e1\xb3e\x80O\x90\x8e\xc4\xf4{\
\xa3V\x05\xce\x00\x96\x8f\xc9?t;3\x1bC\xea\x17\
\xf0K|7\xaaub<p\x0e\xa9\x91\xd1G\xccl\
\xbf\xb6L\xfe\x00f6\x9et\x7f\x83\xa75HG\xb6\
\x1b\xa1\x11+\x00\x92\xa6\x03\xee\x06\x16s\x0eu=\xb0\
NS\xaa\xb7\xa1\x924'\xb0\x13iU`\xc9\x0aC\
\xbf\x06\xecef\xa7U\x183\x84F\x90\xb4\x11\xe9\xec\
\xfc\xbc\x15\x87\xbe\x95\xb4\xc4\x7f\xba\x99\xbdTq\xec\xca\
I\xba\x14\xf0\xdc\xe0\xfd$i\x15\xf9M\xc7\x18\xa5h\
J\x01\xf0\x1d\xe0H\xe70\x93\x80U\xcc\xec\xbf\xceq\
jE\xd2'I{\x05\xbe\x00\xcc\xe0\x18\xeaZ\xd2\x92\
\xff#\x8e1Bh4Is\x03\x7f\x22\x1d\x1b\xf4\xf4\
\x1cp\x1a\xe9\xe6\xbd\xae:n+i\x19\xe06|\xf7\
\x92eo \xd7\x89\xda\x17\x00\xc5\x8d[\x0f\x00\xb39\
\x87\xfa\xbd\x99\xed\xe5\x1c\xa3\xb6$\xcdE\xcf\xaa\xc0\x12\
%\x0e=\x118\x04\xf8\xb9\x99\xbdS\xe2\xb8!\xb4\x96\
\xa4\xbdH\x0f=en\xe0\x9d\x00\x5c@\xda\xc5\x7fA\
\x1b\xee\xb3\x1f*I\xbf!\xf5Q\xf12\x16X\xaa\xee\
\x0f<M(\x00N\x00vu\x0e\xf3\x22\xe9\x0cg\xeb\
\x97\xbf:!i=\xd2\xaa\xc0\xe7\x19\xde5\xa7\x0f\x00\
\xdb\x99\xd9\xcde\xe4\x15B7)\x9eTOg\xf8M\
\xcf\xee -\xf1\x9fff\xcf\x0f;\xb1\x16(^\x83\
>\x00\xcc\xe9\x18\xe6\x5c3\xf3\xbc\x92x\xd8j]\x00\
H\xfa80\x1a\xff\xcd\x8a{\x9a\xd9\xf1\xce1\x1a\xa7\
X\x8e\xdc\x99\xb4*0\x98\xfd\x17\xef\x00\xc7\x03\xfb5\
\xe1=X\x08u%i\x06\xe0'\xa4#\x83\xd3\x0d\xe2\
\x8f\xbeH*\x1eN\xea\xb6\xd7\x9a\x9d\x92\xf4\x0d\xe0\xb7\
\xcea\xd67\xb3+\x9dc\x0cY\xdd\x0b\x80\xabI;\
\xd7=\xdd\x0a\xac\xda\xa4\xa6\x16U+.6Y\x9f\xb4\
*\xf0Y\xfa_\x15\xb8\x8c\xd4B\xb9m-\x8aC\xc8\
\xa68.x\x14\xb0i?\xbfm\x22p\x11i\x89\xff\
\x9f\xc5\xae\xf7\xd0\x87\xa2\x17\xc3m\xf86M\xbb\x03X\
\xa9\xae\xaf?k[\x00H\xfa\x12p\xa6s\x18\x03\xd6\
6\xb3\x1b\x9c\xe3\xb4\x86\xa4\x91\xc0:\xc0\x06\xc0<\xc5\
\xff{\x1cp\x03\xf0\x1f3{\x22Wn!\xb4]q\
\xb9\xd0F\xc0\xda\xf4l\xda}\x0e\xb8\x12\xb8\xc6\xcc^\
\xcf\x94Z#I\xfa\x14\xf0\x1f\xe70_7\xb3\xe3\x9c\
c\x0cI-\x0b\x00I3\x01c\x80\x05\x9cC5\xae\
uc\x08!\x84\xf2H:\x8f\xb4\xb2\xe9\xe5\x05`\xb1\
:vQ\xack#\xa0\xfd\xf0\x9f\xfc_\x03\xbe\xef\x1c\
#\x84\x10B\xbd}\x87\xb4\x8a\xe9en\xe0\x87\x8e\xe3\
\x0fY\xed\x0a\x00I\x1f%\x15\x00\xde~hf\xcfV\
\x10'\x84\x10BM\x99\xd9C\xa4\xfd\x15\x9e\xf6.\xf6\
q\xd4J\xed^\x01H:\x1d\xf8\xb2s\x98\xbb\x81\x15\
\xbb\xf9\x1cl\x08!\x84D\xd2,\xa4\xdb\x02=\xbb0\
^df\x9fv\x1c\x7f\xd0j\xb5\x02 im\xfc'\
\x7f\x80o\xc6\xe4\x1fB\x08\x01\xc0\xcc\xde\x00\x0ep\x0e\
\xb3\xa9\xa4\xcd\x9cc\x0cJmV\x00$MC\xbav\
re\xe7Pg\x99\xd9\x97\x9cc\x84\x10Bh\x90\xe2\
\xb8\xf3\x8d\xc0j\x8ea\xee\x07\x965\xb3\x09\x8e1:\
V\xa7\x15\x80\x9d\xf1\x9f\xfc\xdf\xc4\xff6\xa8\x10B\x08\
\x0dS\x5c\x02\xb7\x0f\xbe\xb72.\x0e|\xcbq\xfcA\
\xa9\xc5\x0a\x80\xa4\xd9H\x95\xd1\x87\x9dC\x1dhf?\
s\x8e\x11B\x08\xa1\xa1$\x9d\x0al\xef\x18\xe25\xd2\
\xb1\xc0\xe7\x1cct\xa4.+\x00\x07\xe3?\xf9?H\
\xbas;\x84\x10B\xe8\xcb\xfe\xa4\xd5b/\xb3\x01\x87\
9\x8e\xdf\xb1\xec\x05\x80\xa4EI\xcb.\xde\xf6\x89\xd6\
\x98!\x84\x10\xfacfO\x02\xde+\xc5_-\xee\xba\
\xc9*\xfb+\x00I\xe7\xe3\x7f\xf7\xf5?\xcdlK\xe7\
\x18!\x84\x10Z@\xd2\x8c\xc0\xbd\xc0B\x8ea\xae1\
\xb3O:\x8e?\xa0\xac+\x00\x926\xc6\x7f\xf2\x1f\x07\
\xec\xeb\x1c#\x84\x10BK\x98\xd9X\xe0\xbb\xcea>\
Q\xdcy\x93M\xb6\x02@\xd2\x08\xfc\xbb/\x01\x1cQ\
tz\x0a!\x84\x10:bf\xe7\x92.Y\xf2\xf4\x8b\
\xe2\xee\x9b,r\xae\x00|\x1dX\xda9\xc6c\xf8\xbf\
\xcb\x09!\x84\xd0N\xfb\x00\x9eW\xf9.@5\xad\xef\
{\x95e\x0f\x80\xa4\xb9\x80\x07\x809\x9cCm]T\
q!\x84\x10\xc2\xa0I\xfa=\xb0\xa7c\x88\xb7\x80%\
\xcd\xecq\xc7\x18\xbd\xca\xb5\x02\xf0#\xfc'\xff\xff\xc4\
\xe4\x1fB\x08a\x98\xfe\x1f\xe0y\x95\xefH\xe0p\xc7\
\xf1\xfbT\xf9\x0a\x80\xa4\xe5\x80\xff\x02\xd3:\x86\x99\x00\
\xac`f\xf7:\xc6\x08!\x84\xd0\x05$\xed\x03\x1c\xed\
\x1cf\x1d3\xbb\xce9\xc6{\xe4X\x018\x1a\xdf\xc9\
\x1f\xe0\xd71\xf9\x87\x10B(\xc9\xb1\xa4c\x81\x9e\x8e\
)\xee\xc4\xa9L\xa5\xc1$}\x0e\xd8\xc09\xcc\xd3\xc0\
\xa1\xce1B\x08!t\x89\xe2\xf6\xd8\xffs\x0e\xb32\
\xe9N\x9c\xcaT\xf6\x0a@\xd2\x0c\xc0=\xc0\x22\xce\xa1\
v0\xb3\xbf8\xc7\x08!\x84\xd0e$\xfd\x13\xd8\xdc\
1\xc4\xb3\xc0\xe2f\xf6\x9ac\x8cwU\xb9\x02\xf0m\
\xfc'\xff\xebb\xf2\x0f!\x84\xe0\xe4\xdb\x80gK\xf9\
\x0f\x93\xee\xc6\xa9D%+\x00\x92\xe6%\xdd\xf67\x8b\
c\x98w\x80U\xcc\xec6\xc7\x18!\x84\x10\xba\x98\xa4\
#\xf0\xed\x128\x1eX\xc6\xcc\x1et\x8c\x01T\xb7\x02\
\xf0s|'\x7f\x80\xe3c\xf2\x0f!\x84\xe0\xec\xc7\x80\
\xe7U\xbe\xd3\x03\xbfr\x1c\xff]\xee+\x00\x92V\x03\
n\x04\xe4\x18\xe6\x05\xd2{\x93\x97\x1dc\x84\x10B\x08\
H\xfa\x1ap\xa2s\x98M\xcc\xec\x12\xcf\x00\xae+\x00\
\x92\x04\x1c\x83\xef\xe4\x0fpPL\xfe!\x84\x10*r\
\x12p\xabs\x8c\xa3\x8a;s\xdcx\xbf\x02\xd8\x0eX\
\xc39\xc6-\xf8Wb!\x84\x10\x02\x00f6\x89t\
O\x80\xa7\xa5\x81\xbd<\x03\xb8\xbd\x02\x9043i\xe3\
\xdf|.\x01\x12\x03\xd62\xb3\x1b\x1dc\x84\x10B\x08\
\xef#\xe9\x0c`[\xc7\x10/\x03\x8b\x99\xd9\x8b\x1e\x83\
{\xae\x00\x1c\x80\xef\xe4\x0f\xf0\xe7\x98\xfcC\x08!d\
\xb2\x1f\xf0\xb6\xe3\xf8s\x906\x1d\xbapY\x01\x90\xb4\
\x10\xa9m\xe2\x8c\xa5\x0f\xde\xe3U\xd2\xc6?\xcf\xdd\x98\
!4Jq\xb7\xf8\xfc\xc0\xac\xa4\x937S\xffs\xea\
\xff\x9f\x80\xd7\x817\x06\xf8\xe7\xeb\xc0Sf\xf6V\x85\
\xff:!\xd4\x9e\xa4\x1f\x02\x878\x86x\x07\xf8\xb8\x99\
\xddY\xf6\xc0^\x05\xc09\xc0\x17J\x1f\xf8\xbd\xf65\
\xb3c\x9cc\x84PK\x92\xe6\x07\x96(\xbe\x96\x9c\xe2\
\x7f/\x88\xdf\xa6[\x03\x1e\x07\xee\x03\xc6\x14\xff\x9c\xfc\
\xf5\x84\xe5\xb8[<\x84\xcc\x8a\xa2{\x0c\xb0\x80c\x98\
\xcb\xcd\xecSe\x0fZz\x01 i=\xe0\x8aR\x07\
}\xbf\xbbH\x15\xd1D\xe78!dU\xec\x02^\x0d\
X\x17X\x86\x9e\xc9\xde\xbb\xaf\xc6`\xbdI\xda\xf3s\
\x1fp7p5p\xa3\x99yvM\x0b\xa1\x16$}\
\x098\xd39\xcc\xe7\xcd\xec\xbc2\x07,\xb5\x00\x904\
-\xe9h\xc4\xf2\xa5\x0d\xda\xbb\xf5\xcd\xecJ\xe7\x18!\
T\xae\xb8\x0d\xec\xe3\xc0\xfa\xa4\x8b\xb3>A\xfd&\xfb\
N\xbd\x05\x5c\x07\x5cNz(\x18mf\xef\xe4M)\
\x04\x1f\x92\xae\x01\xd6q\x0c\xf10\xb0\x94\x99\x8d+k\
\xc0\xb2\x0b\x80=\x81\xdf\x976`\xef\xfejf\x9e\xbb\
.C\xa8\x94\xa4e\xe9\x99\xf0\xd7%m\xfci\xa3\xd7\
H+\x03\x93\x0b\x82\xdb\xe3\xb5Ah\x0bI+\x017\
\xe3\xbb\xb9\xfe@3\xfbYY\x83\x95V\x00H\x9a\x1d\
x\x00\x98\xbb\x94\x01{\xf7&\xb0\xa4\x99=\xe1\x18#\
\x04w\x92V\x06v\x00\xbe\x04\xcc\x939\x9d\x5c^\x00\
\xce\x06N\x89\xd3<\xa1\x0d$\x9d\x00\xec\xea\x18\xe2\x0d\
\xd2\xe6\xf7\xa7\xcb\x18\xac\xcc\x02\xe0(`\xdfR\x06\xeb\
\xdb\x01f\xf6s\xe7\x18!\xb8\x90\xf4\x11Rs\xac\x1d\
IM>B\x8f\xfb\x81S\x81S\xcd\xec\xd1\xdc\xc9\x84\
0\x14\x92>Dz\x10\x9e\xcd1\xcc)f\xb6S\x19\
\x03\x95R\x00HZ\x12\xb8\x13\xf0l[\xf8\x00\xb0l\
l*\x0aM\x22i\x16\xe0\xf3\xa4I\x7f}\xaa\xbd\x82\
\xbb\x89\x8c\xf4\x9a\xe0\x14\xe0l3{=s>!\x0c\
\x8a\xa4\xef\x00G:\x860`\x0d3\xbbi\xb8\x03\x95\
U\x00\x5c\x08l:\xec\x81\xfa\xf7\x193\xbb\xd09F\
\x08\xa5(N\xc3|\x954\xf9\xcf\x9c7\x9b\xc6z\x1b\
\xf8;\xf0'3\xfbO\xeedB\xe8\x84\xa4\xe9H'\
\xd5\x16w\x0c3\x0aXs\xb8{h\x86]\x00H\xda\
\x0c\xf8\xd7\xb0\x06\x19\xd8\xf9f\xb6\x95s\x8c\x10\x86M\
\xd2\xe6\xc0\xc1\xc0\xea\xb9si\x99\xd1\xc0a\xc0?b\
\xe3`\xa8\xbb\x8a\xe6\xc5\x1d\xcd\xec\xd4\xe1\x0c0\xac\x02\
\xa0\xa2Jg,\xb0\xb4\x99=\xec\x18#\x84!+\x8e\
\xee}\x018\x08X!s:mw\x17\xf0S\xe0\xac\
8R\x18\xea\xac\x82\x95\xf1\xa7H\x1b\x02\xdf\x1c\xea\x00\
\xc3}\x1f\xf9-|'\x7f\x80_\xc4\xe4\x1f\xeaH\xd2\
\x08I;\x90\x1a\xdf\x9cEL\xfeUX\x168\x1d\xb8\
W\xd2.\xc5CH\x08u\xf4\x7f\x80g\xb3\xba\xf9\x80\
\x03\x873\xc0\x90W\x00*\xda\xed\xf8(\xa9\xf1\x81\xe7\
e\x0b!\x0c\x8a\xa4\xe9\x81\x9d\x81\xfd\x81\x85\xf3f\xd3\
\xf5\x1e\x05~A\xda'06w2!L\xa9\x82\xd3\
q\xc3Z!\x1f\xce\x0a\xc0a\xf8N\xfe\x00\xdf\x8e\xc9\
?\xd4\x89\xa4m\x81\xff\x01\xc7\x13\x93\x7f\x1d,\x08\x1c\
\x0b<T\xac\xc6\x84P'\x87\x92\xfa]x\x99\x91a\
\x9c8\x18\xd2\x0a\x80\xa4\x8f\x936\xe5x\x1ei\xba\xd4\
\xcc6v\x1c?\x84\x8eIZ\x02\xf8-\xb0a\xee\x5c\
B\xbf\xae\x06\xf62\xb3\xbbs'\x12\x02\x80\xa4=\x80\
\xe3\x9c\xc3l`f\x83\xbe\x83g\xa8\x05\xc0\xd5\xa4\x1e\
\xe5^&\x00\xcb\x9b\xd9\x18\xc7\x18!\x0c\xa8\xb8\xe9\xeb\
 \xe0{\xc0\xf4\x99\xd3\x09\x9d\x99\x08\x1c\x0d\x1cjf\
o\xe4N&t\xb7\xe2\x8e\x9c[\xf0\xdd#t\x07\xb0\
\xd2`7\xc6\x0e\xfa\x09^\xd26\xf8N\xfe\x00\xc7\xc4\
\xe4\x1fr\x93\xb4\x05p\x0f\xa9\x00\x88\xc9\xbf9F\x00\
\xdf%m\x14\xfcb\xeedBw+&e\xef.\xb9\
\xcb\x03\xbb\x0d\xf6\x0f\x0dj\x05\xa0\xa2{\x8f\x9f\x06\x96\
\x88\x0e`!\x17I\x0b\x02\xbf\x06\xb6\xcc\x9dK(\xc5\
%\xc0\xdef\xf6@\xeeDB\xf7\x92t6\xb0\xb5c\
\x88\x17\x80\xc5\xcc\xec\x95N\xff\xc0`W\x00\xbe\x87\xef\
\xe4\x0f\xf0\xbd\x98\xfcC\x0e\x92\xa6\x91\xb4\x1f\xe9\xa9?\
&\xff\xf6\xd8\x18\xb8S\xd2!\x92<\xdb\x95\x87\xd0\x9f\
\xef\x91v\xed{\x99\x1b8d0\x7f\xa0\xe3\x15\x00I\
\x1f%=\xfd\x8f\x1ctZ\x9d\xbb\xd6\xcc\xbc_/\x84\
\xf0>\xc5\xb1\xd6\xbf\x00\x1b\xe5\xce%\xb8\xba\x0e\xd86\
n\x14\x0d9H\xfa1\xa9S\xa8\x97\x89\xa4\xfds\xf7\
v\xf2\x9b\x07\xb3\x02p8\xbe\x93\xff;\xc0\xde\x8e\xe3\
\x87\xd0+I\xeb\x02\xb7\x11\x93\x7f7X\x1b\xb8M\xd2\
gr'\x12\xba\xd2\xcf\x81'\x1d\xc7\x1f\x01\x1c\xd5\xe9\
o\xeeh\x05@\xd2\xaa\xc0\xb0o\x1e\x1a\xc0\xb1f\x16\
\x05@\xa8L\xd1\xc2\xf7@\xd2\xb2\xd9\xb4y\xb3q5\
\x91t\x8f\xf8\xeb\xbd|\x01\xcc\x02\xcc\xda\xcbW\x9b\x97\
\xcb\x8d\xd4@\xe8`3\xf3\xec\xd6\x16\xc2{H\xda\x8e\
\xb4\xda\xe8iS3\xbbx\xc0\x5c:,\x00\xce\x03>\
[FV}x\x81\xd4\xd3\xf8e\xc7\x18!\xbc\xabe\
K\xfe\x13\x80\x07\x81\xfbH\xaf\xe9\xc6\x14\xff\xfb!\xe0\
\xb5\xa1v\xc8\x934#\xa9\xd9\xd7B\xc0\x92S|-\
\x01,J;NF\xc4+\x81P)I\x22}\xdf\xad\
\xe9\x18\xe623\x1b\xb0g\xc9\x80\x05\x80\xa4\xa5H\xbd\
\xceURb\xbd\xd9\xcd\xccNt\x1c?\x84w\x15W\
\xf5\x9e\x0e\xcc\x9b9\x95\xa1\x18\x07\xdc\x00\x5c\x01\xfc\x97\
b\xa2\xaf\xfa)\xb68\xdb\xbc\x08\xa9\x18X\x11X\x1f\
X\x8b\xd4\x99\xaci^$\xdd\xac\xf6\xef\xdc\x89\x84\xee\
P\xac\xaa\x8f\xc2w^]\xde\xcc\xee\xec7\x8f\x0e\x0a\
\x80?\x03;\x95\x98\xd4\xd4F\x03\xab\x9b\xd9$\xc7\x18\
!\x00 \xe9`\x9a\xb5\xe4?\x91\xf4\xfa\xed\x0a\xe0r\
\xe0\xfa\xba\xf6\xbc\x974\x03\xe9\xa9f\x03RA\xb0:\
\xd0\x94\xcbz\x0c8\x028 >\x8bB\x15*\x98[\
\xffdf_\xeb7\x87\xfe\x0a\x00I\xb3\x00/\xe1\xf7\
Cl\xc0\x9af6\xcai\xfc\x10\x80ts\x1fp\x02\
\xe9\x12\x9f\xba{\x168\x13\xb8\x88t2\xa6\x91\xdd\xec\
$\xcdL\xdat\xb7\x09\xf0e\x9a\xb1\xe2r\x0e\xb0\xbd\
\x99\x8d\xcb\x9dHh7I\xf3\x02\xf7\x93\xf6\xe0x\x18\
\x07\xcc\xdd\xdf\xe7\xc7@\x05\xc0g\x80\x0b\x1c\x12\x9bl\
\xc0\x0a%\x84\xe1*\x1aX\x9d\x05l\x9e;\x97~\x8c\
\x05\xce\x07N\x01.n\xdb\xc6\xb4\xe2\x95\xc1\x86\xc0\x8e\
\xa4\xfdD\x9e'\x8a\x86\xebr\xe0\xb3\xd1\x8f$x\x93\
\xb4?\xf03\xc7\x10\x9f6\xb3\x8b\xfa\xfa\xc5\x81\x8e\x01\
~\xaa\xe4d\xa6\xf4\x0ap\x80\xe3\xf8! i\x0e\xe0\
?\xd4w\xf2\xbf\x16\xd8\x1d\x98\xc7\xcc\xbedf\x17\xb4\
m\xf2\x87\xd4\x0e\xd5\xcc.6\xb3\xed\x80y\x80]H\
\xaf5\x86v\x1f\xb9\xaf\x0d\x80+\x8b\x8d\xa2!x:\
\x8at\xbb\xa8\x97\xf5\xfa\xfb\xc5\x81V\x00n\xc3\xef\x02\
\x83}\xcc\xec\xd7Nc\x87\x80\xa4\xf9\x81\x8b\x81er\
\xe72\x957\x80\xdf\x03\xc7\x9b\x99\xe7\x0f\x7f\xedIZ\
\x80\xd4\xc3|o`\xf6\xcc\xe9L\xed\x01`\x93\xa1\xde\
\xb5\x1eB'$}\x168\xcfi\xf8Qf\xb6F\x9f\
\xb1\xfb*\x00\x8a3\xd2\x13\xf0\xb9\xf2\xf7N\xe0\xe3\x83\
\xbd\xb9(\x84NIZ\x924\xf9{\xb7\xae\x1e\x8c\x97\
Iw\x0c\xfc\xda\xcc^\xca\x9dL\x9dH\x9a\x8dT\x04\
\xfc\x1f\xa9\xa5i]<M*\x02\xfa\xddM\x1d\xc2p\
H\xba\x14\x9f\xab\xc6'\x023\xf65\xd7\xf6W\x00\xcc\
E:\x9f\xefa=3\xbb\xcai\xec\xd0\xe5$\xadN\
\xda\xbb2W\xee\x5c\x0a\xcf\x92\x96\xfa~\x17\xef\x95\xfb\
'i\xa7G\x11\xf3\x00\x00 \x00IDAT$\xb0\
\x07\xe96\xbf\xf92\xa73\xd9+\xc0\x16fvm\xee\
DB;IZ\x06\xb8\x1d\x9f\xd3Is\x9b\xd9\x8b\xbd\
\xfdB\x7fO\xf7^U\xf8\x191\xf9\x07/\x926\x04\
.\xa3\x1e\x93\xff\xe3\xc0\xb7\x80\x85\xcd\xec\xf0\x98\xfc\x07\
ffo\x99\xd9Q\xa4\x1e\x03_\x07\x1e\xc9\x9b\x11\x90\
^M\x5c\x12\xed\x83\x83\x173\xbb\x1b8\xcei\xf89\
\xfb\xfa\x85\x1c\x05\xc0l\x92fu\x1a;t\xb1\xe2\xc9\
\xff\xef\xc0\xcc\x99S\x19\x07\x1cJ\xean\xf9\x1b3{\
;s>\x8dcf\xe3\xcc\xec8R\xa3\xa1\x83\x81\xdc\
\x7f\x873\x01\xe7J\x8a\xcb\xca\x82\x97\x93\x9d\xc6\x1dR\
\x01\xe0\xd5(e3\xe0\x06I\x1fs\x1a?t\xa1\xe2\
\x9d\xff\x05\xe4\x9f\xfc/\x06\x965\xb3C\xea\xda\xb0\xa7\
I\xccl\xbc\x99\x1d\x06,\x0d\xfc+s:3\x02\xe7\
KZ>s\x1e\xa1\x9d\xbcZk\xf7\xf9\x99\xd8_\x01\
\xf0\xacC\x22\x93-\x03\xdc$\xc9\xf3\x98a\xe8\x12S\
\xec\xf6\xcf\xb9\xec\xff\x04\xf0E3\xdb\xd4\xcc\x1e\xcc\x98\
G+\x99\xd9#f\xb6\x05\xa9\x87\xc0\xa3\x19S\x99\x1d\
\xb8H\xd2\xc2\x19s\x08-S\xec\x018\xc9i\xf8\xe7\
\xfa\xfa\x85\xfe\x0a\x80g\x1c\x12\x99\xd2\x9c\xc0\xc5\x92\xf6\
q\x8e\x13Z\xac8\xe7\x9fs\xb7\xffD\xe0H`)\
3;'S\x0e]\xc3\xcc\xfeAZ\x0d\xf8\x19\xe9\x94\
R\x0e\xf3\x92\xf6\x04D\x9f\x800l\x92\xb6%\xdd\x0b\
\xb0\x98S\x88>\xaf\x1f\x1e\xa8\x0f\xc0[\xa4w_\xde\
N\x02\xf64\xb3\xf1\x15\xc4\x0a-Qt\xf8\xbb\x94\xd4\
n6\x87{I7\xc9\xdd\x91)~W\x93\xb44\xa9\
e\xf2r\x99R\xb8\x95t\xa2)6w\x86A+\xda\
\x93\x1f\x01\xec\xeb\x18f\xac\x99\xf59\x87\x0ft\xc6\xff\
\x9e\x92\x93\xe9\xcb.\xa4\xce[\xf3T\x14/4\x5c\xf1\
\xc3s\x16\xf9&\xff\xbf\x00\xab\xc6\xe4\x9f\x8f\x99\xddC\
\xbap(\xd7M\xa2+\x01\xff(.A\x0a\xa1c\xc5\
\x5cw9\xbe\x93?\xa4+\xc1\xfb4P\x01pq\x89\
\x89\x0cdM`\xb4\xa4U*\x8c\x19\x9a\xeb\x04\xf2\xb4\
\xf7}\x1b\xd8\xd5\xccv0\xb373\xc4\x0fS0\xb3\
\xb7\xcdl7`{R\x87\xc5\xaa\xad\x0f\x9cV4N\
\x0ba@\x92\xd6!\xad\x1eUq\xa2\xe4\x92\xfe~q\
\xa0o\xda>/\x11p2?p\x8d\xa4\xed*\x8e\x1b\
\x1aD\xd2A\xe4\xb9\xd5\xef>\xd2\xd5\xd5\x7f\xcc\x10;\
\xf4\xc3\xccN\x03V\x01r\xac\xc8|\x01\xf8y\x86\xb8\
\xa1a\x8a=oWP\xdd\xcd\x98\x17\xf6\xf7\x8b\x03\xed\
\x01\x18\x01\xbc\x08\xccVrR\x9d8\x02\xd8?\xee\xe6\
\x0eS\x92\xb4.\xa9\xd1\x8f\xd71\xd5\xbe\x9c\x0e\xec\xd1\
\xd4\xaby\xbb\x85\xa4\x19I\xed\x96w\xab8\xb4\x91\xba\
\x05z\xde\x9e\x1a\x1a\xaa\xb8\x1a\xfbD`\xdb\x0a\xc3\xbe\
\x05\xcc\xd9\xdf\xd5\xd6\xfd\xae\x00\x14\xb7\x92\x9dVvV\
\x1d\xfa\x1e\xf0/I\x1f\xc8\x14?\xd4\x8c\xa4\x0f\x92&\
\xe2*'\x7f\x03\xbecf\xdb\xc5\xe4_\x7ff6\xd6\
\xccv'\x15\x00U\xde5\x22\xe0dI\x1f\xa90f\
h\x00I\x8b\x93v\xf9W9\xf9\x03\x9c\xd7\xdf\xe4\x0f\
\x03\xac\x00\x00HZ\x90t+\xd6t%&6\x18\xf7\
\x01[\x99\xd9}\x99\xe2\x87\x1a\x90$\xd2+\xa9\x8d+\
\x0c;\x01\xd8\xa5X^\x0e\x0d#iK\xd2)\x81*\
N2Mv-\xb0~\x1b\xaft\x0e\x83W\xdc\xf4w\
2\xd5\xaf\xa2\x1b\xb0\x5c\xd1b\xb8O\x03n\x5c1\xb3\
GI;\x9esY\x02\x18%\xe9\xd3\x19s\x08\xf9\x1d\
@\xb5\x93\xff\x9b\xa4%\xdd\x98\xfc\x1b\xca\xcc\xce'}\
\xcf\xbcRa\xd8u\x80\x1fU\x18/\xd4\x90\xa4i%\
\xfd\x0c\xf8\x1by^\xa1\xff}\xa0\xc9\x1f:X\x01\x00\
\x90\xb4\x18p\x17~\xad\x0a;1\x098\xc0\xcc~\x91\
1\x87\x90\x81\xa4O\x92\x8e\xccT\xb5\xf4\xff\x02\xf0\x19\
3\xbb\xb9\xa2x\xc1\x91\xa4eI\xabG\xf3W\x14\xd2\
\x80O\x9bY\x95\xa7\xa8BMH\x9a\x1b8\x03\x9f\xeb\
};a\xc0*fv\xeb@\xbf\xb1\xa3\xa3+f\xf6\
\x00p\xd0p\xb3\x1a\xa6i\x80\xc3%\x9dVl\xf4\x09\
]\xa0x\xef\x7f\x06\xd5M\xfe\x8f\x02k\xc7\xe4\xdf\x1e\
fv\x17\xb0\x16\xe9ub\x15\x04\x9c*\xa9.\xd7\x19\
\x87\x8aHZ\x95t\xc4/\xd7\xe4\x0fpD'\x93?\
t\xb8\x02\x00\xef\xbe\x83\xbd\x18\xd8h\x18\x89\x95e4\
\xf093{\x22w\x22\xc1O\xf1=w!\xb0IE\
!\xef\x0666\xb3\xa7*\x8a\x17*$i.\xd2J\
@U\xbdF\xae\x0464\xb3*7#\x86L$\xed\
N:\x81\x92\xb31\xd4M\xc0:f\xd6Q\x9b\xec\x8e\
\x9bWX\xaa\x14v\x02\x9e\x1fbbeZ\x05\xb8Y\
\xd2\x9a\xb9\x13\x09\xae\xbeMu\x93\xff#\xc4\xe4\xdfj\
f\xf6\x22\xb0)0\xa6\xa2\x90\xeb\x01\xfbW\x14+d\
\x22iFI\x7f\x02\x8e'\xef\xe4\xff\x1a\xf0\xe5N'\
\x7f\x18\xc4\x0a\xc0\xbb\x7f u\xea\xbb\x88\xbc7\xafM\
6\x1e\xf8\xba\x99\xfd)w\x22\xa1\x5c\x92>J\xea\xb5\
_\xc5\xf5\xbe\xcf\x93\xaa\xe6\xfb+\x88\x152\x93\xb4\x00\
p=\xd5\xec\x09\x18\x0b,cf\xfd\xb6d\x0d\xcd$\
i!\xd2F\xbf\x8f\xe7\xcd\x84\xd7H\x9b\x96\xaf\x1e\xcc\
\x1f\x1at\xfbJ3\x1bM\xaal\xbdo\x0b\xec\xc4\xf4\
\xc0\x1f%\x1dS4-\x0a\xedq\x0c\xd5L\xfeo\x90\
6\xfc\xc5\xe4\xdf%\xcc\xec1\xd2\xca\xd2\xcb\x15\x84\x9b\
\x11\xf8m\x05qB\xc5$m\x0a\xdcB\xfe\xc9\xff\x05\
`\x83\xc1N\xfe0\x84\x02\x00\xde\xddT\xf3\x09\xf2\xde\
\xcb=\xa5o\x91\xee\xe8\x9e3w\x22a\xf8$}\x06\
\xf8\x5c\x05\xa1\xc6\x93\xf6\x92\x8c\xae V\xa8\x91\xe2\x88\
\xd4\x16\xa4\xbb\x1d\xbc}ZR\x15\xdf\xcf\xa1\x02J~\
\x00\x5c@\xba\xd6>\xa7'\x80O\x9a\xd9-C\xf9\xc3\
\x83~\x05\xf0\x9e?\x9c\xee\xc3\xfe+iE\xa0\x0e\x1e\
\x225\x0d\xba+w\x22ah\x8a\x13\x1ew\x03\x8b8\
\x87\x9aDz_v\x96s\x9cPcE\xb3\xa0\xbf\xe1\
\x7f\xca\xe4q`\xa9\xb8@\xaa\xd9$\xcdN\xea\x8b\xb3\
Y\xee\x5c\x80\xab\x81m\xcc\xec\xd9\xa1\x0e0\xac\x1b\xac\
\xcc\xec9\xd2q\x87#\x863N\x89\x16\x01n(\xba\
/\x85f:\x00\xff\xc9\x1f\xe0[1\xf9\x87\xa2Y\xd0\
\x1e\x15\x84\xfa(\xf0\x83\x0a\xe2\x04'\x92V -\xf9\
\xd7a\xf2?\x0a\xf8\xd4p&\x7f\x18\xe6\x0a\xc0{\x06\
\x92\xbe\x00\x9c\x04\xccZ\xca\x80\xc3c\xc0\x0f\x81\x9fX\
Y\xff\x82\xc1\x9d\xa4EI\x0d\xa7\xbcw\xd2\x9elf\
;;\xc7\x08\x0d\x22\xe98\xfc\x0b\x81\x09\xc0\x8afv\
\x8fs\x9cP2I;\x02\xc7Qm[\xe9\xde\xbc\x01\
|\xad\xac\x87\x97\xd2\x0a\x00\x00IK\x92\x96\xd3\x96*\
m\xd0\xe19\x07\xd89\x96\xdd\x9aA\xd2E\xf8\x1f\xfb\
\xbb\x97\xd4%\xeb-\xe78\xa1A\x8aWO7\x02+\
8\x87\xba\xca\xcc\xd6s\x8e\x11J\x22iz\xe0h\xe0\
\xeb\xb9s!5\xb2\xfa|\x99\x05\xe4\xb0^\x01L\xcd\
\xcc\xc6\x00\xab\x01g\x979\xee0l\x0d\x5cW\x5ch\
\x14jL\xd2\xd6\xf8O\xfeo\x01_\x8c\xc9?L\xcd\
\xcc\xc6\x02\xdb\x90\x9e\xb0<\xad+i{\xe7\x18\xa1\x04\
\xc5\xcd\x8eWQ\x8f\xc9\xff<`\xb5\xb2W\x8fJ-\
\x00\x00\xcc\xec\x0d3\xdb\x06\xf8.P\x87\x1b\xb1V\x00\
F\x17\xf7\xc8\x87\x1a\x924\x1dpd\x05\xa1\xbe\xd9\xc9\
\x05\x19\xa1;\x15GA\xab\xd8\x0f\xf0\x0bI9\x1b\xc6\
\x84\x01HZ\x9f\xf4\xbe\x7f\x8d\xcc\xa9\xbc\x03\xecof\
\x9f7\xb3\xd7\xca\x1e\xbc\xf4\x02`23\xfb%i\x83\
\xe0\xb06)\x94dn\xe0RIu\xa8\xe4\xc2\xfbm\
\x0fx\xaf\xd2\x9c\x1a\x0d\xa3\xc2@\xcc\xect\xe0\x04\xe7\
0\xf3\x02_u\x8e\x11\x86H\xd2\xf7\x80K\x81\x0fe\
N\xe5y`\x133;\xdc+@\xa9{\x00z\x0d\x90\
.\xc48\x9bt\x19G\x1d\x1cOz\x12\xec\xb8]b\
\xf0#i\x1aRk\xd6\xc5\x1c\xc3\x8c!\xbd\xf7\x8f\xbd\
 a@\x92f\x02F\x01\xcb9\x86y\x14X\xd4\xcc\
\xea\xb0J\x1a\x00I\xb3\x926\xb2\x7f!w.\xa4\x9e\
\xfe[\x9b\xd9\xe3\x9eA\xdcV\x00&+z\xab\xafG\
}\xbaa\xed\x01\x5cV\xdc2\x17\xf2\xdb\x06\xdf\xc9\xff\
\x1d\xd2y\xff\x98\xfcCG\xcc\xecm`[\xd2\xae}\
/\x0b\x92V\xbeB\x0dHZ\x1a\xb8\x99zL\xfe\xc7\
\x03\x9f\xf0\x9e\xfc\xa1\x82\x02\x00\xc0\xcc&\x98\xd97I\
\xdf\xf0u\xd8\x80\xf5\x09\xd2\xbe\x80\x15s'\xd2\xcd\x8a\
\xdb\xfe\x0et\x0e\xf3k3\xbb\xcd9Fh\x99b\xb3\
\x95\xf7\xbe\x94\x03\x8a\x15\xb0\x90\x91\xa4mH+>K\
dNe,\xb0\x8b\x99\xedif\xe3\xab\x08\xe8\xfe\x0a\
\xe0}\x01\xa5\xe5\x81s\x81E+\x0d\xdc\xbb\xb7H\x7f\
\xe1\xd1\x10&\x83\xa2\x0b\xdb?\x1cC<\x05,if\
\xaf;\xc6\x08-%i$p\x0f\xbe\xfbS\xbe\x14\x9f\
?y\x14\xf7\xc7\x1cN\xbau4\xb7GHG\xfc\xfe\
[e\xd0\xca\xabO3\xbb\x83t\x9d\xef?\xab\x8e\xdd\
\x8b\x91\xc0_%\xfd\xa4x\x1a\x0d\xd5:\xd8y\xfco\
\xc7\xe4\x1f\x86\xaa8.\xba\x8fs\x98\x83\xe2\xb3\xa7z\
\x92>\x0c\x5cF=&\xff\x8b\x80\x95\xab\x9e\xfc!C\
\x01\x00`f\xaf\x02[\x91&\x80I9r\x98\xcaA\
\xc0?\x8aM \xa1\x02\x926\x02Vu\x0cq\xa9\x99\
\xfd\xd5q\xfc\xd0\x05\xcc\xec\x1f\xc0\xbf\x1cC,\x0fl\
\xee8~\x98\x8a\xa4\xb5\x80[\x81OfN\xc5\x80\x1f\
\x03\x9b\x99\xd9K9\x12\xa8\xfc\x15\xc0\xfb\x12\x906\x06\
N\x07\xe6\xca\x9aHr\x0f\xe92\xa1\x07s'\xd2v\
\x92\xae\x04\xbcz3\x8c\x07\x96\x8b+~C\x19\x8a;\
\xdf\xef\xc1\xaf\x0d\xec(3\xcb}\xde\xbc+H\xfa&\
\xf0K`\xba\xcc\xa9\xbc\x02lof\x17\xe4L\x22\xfb\
\x06\x143\xbb\x04X\x99\xd4t!\xb7\xa5\x81\x9b\x8a\xa7\
\xd3\xe0D\xd2\x1a\xf8M\xfe\x00\xbf\x88\xc9?\x94\xc5\xcc\
\x1e\x01\x0es\x0c\xb1\xba\xa4\xf5\x1c\xc7\xefz\x92FJ\
\xfa\x0b\xf0k\xf2O\xfe\xb7\x93\x8e%g\x9d\xfc\xa1\x06\
\x05\x00\x80\x99=\x0a\xac\x0d\xfc1w.\xc0\x1c\xc0\x85\
\x92\xf6\xcd\x9dH\x8b}\xcdq\xec\xa7\x80\x9f:\x8e\x1f\
\xba\xd3\x11\xa4\xb3\xfb^<\x7f&\xbaZq\xc9\xd8\x8d\
\xc0v\xb9s!]%\xbc\xa6\x99\xfd/w\x22P\x93\
\x02\x00\xc0\xcc\xc6\x99\xd9\xae\xc0n\xc0\xb8\xcc\xe9L\x0b\
\x1c%\xe9\xa4h\xd9Y\xae\xe2\xd2\x95/:\x868\xb2\
8\xc7\x1dBi\x8acYn\x1d\xd9\x80\xcfI\x9a\xc5\
q\xfc\xaeT\x9c4\x1a\x8doS\xa7NL\x00\xf66\
\xb3\x1d\xea\xf4\xf9T\x9b\x02`23;\x11X\x07\xdf\
j\xbbS;\x03WJ\x9a7w\x22-\xb2\x15\xf0\x01\
\xa7\xb1_ 5\xd1\x08\xc1\xc3\x9f\x80\xa7\x9d\xc6\x9e\x99\
z4\xa1i\x05I\xd3H\xfa\x09\xf0w\xfc>o:\
\xf5$\xb0\xae\x99\x1d\x9b9\x8f\xf7\xa9]\x01\x00`f\
\xa3I\xfb\x02.\xc9\x9d\x0b\xe92\x88\xd1\x92<w\xac\
w\x93\x1d\x1d\xc7>:n\xfa\x0b^\xccl\x1ci\x03\
\x99\x17\xcf\x9f\x8d\xae!i.\xd2\xd1\xba\x83\x80\xdcG\
,\xaf\x22\x1d\xf1\xbb!s\x1e\xbd\xca~\x0a\xa0?E\
\x97\xac\x1f\x91\xba\xc5\xe5\xfe\x0f9\x16\xd8\xdd\xccN\xcd\
\x9cGc\x15go\x9f\x00F8\x0c\xff*\xb0`q\
\xc44\x04\x17\x92f&\xadNz\x9cZ\x9a\x04,T\
E\x0b\xd8\xb6\x92\xb4\x0a\xa9\xd1\xdc\x02\xb9s!\x15\x8b\
\xfb\xd7\xf9\xbe\x87Z\xae\x00Lff\x93\xcc\xec`\xe0\
\xb3\xa4\x0f\xf8\x9cf\x04N\x91t\xa4\xa4i3\xe7\xd2\
T_\xc1g\xf2\x07\xf8mL\xfe\xc1[q\xa7\xc4\xd1\
N\xc3OC\xdc\x0f0d\x92v\x05\xae%\xff\xe4\xff\
\x06\xb0\x8d\x99}\xb7\xce\x93?\xd4|\x05`J\xc5N\
\xce\xbf\x91\x7f3\x07\xc0\xc5\xc0\xb6f\xf6J\xeeD\x9a\
D\xd2\x7f\x01\x8f\xfb\x17\xde\x22=\xfd\xbf\xe00v\x08\
\xef!iv\xd2*\xc0l\x0e\xc3\x8f1\xb3\xa5\x1c\xc6\
m\xadb\xa3\xf6\xb1\xd4\xe3$\xc5\x18RK\xdf{s\
'\xd2\x89Z\xaf\x00L\xa9h\xce\xb3\x06pZ\xee\x5c\
\x80MH\xfd\x02\x96\xcc\x9dHSHZ\x0e\x9f\xc9\x1f\
\xe0\x0f1\xf9\x87\xaa\x14\x85\xff\xef\x9c\x86_2\xf6\x1b\
uN\xd2\x82\xc0u\xd4c\xf2?\x17X\xad)\x93?\
4\xa8\x00\x80\xd4\x9b\xdb\xcc\xb6\x07\xbe\x89\xefU\x9d\x9d\
X\x0c\x18\x15M\x83:\xe6\xb9\xc1\xe98\xc7\xb1C\xe8\
\xcd\xf1\xa4V\xae\x1eb3`\x07$\xadKj \xb7\
r\xe6T\xde\x01\xf63\xb3\xad\x9bv\xf7Hc^\x01\
L\xad\xe8\xe7|60_\xe6T\xc6\x02[\x98\xd9\x7f\
2\xe7Qk\x92\x1e\x03>\xea0\xf4Mf\xb6\xba\xc3\
\xb8!\xf4K\xd2U\xf8\xf4\x93\x7f\x0e\x98\xc7\x9a\xfa\xe1\
\x5c\x01I\x9f\x04.$]\xe8\x96\xd3\xf3\xa4\x1b\x1d\xaf\
\xc8\x9c\xc7\x904j\x05`Jfv=\xb0\x12\xe9\x98\
EN3\x02\xe7KZ-s\x1e\xb5%iq|&\
\x7f\x80S\x9c\xc6\x0da ^\xdf{\x1f\xa2\x1e{\x9d\
jI\xd2\x8a\xc0\x05\xe4\x9f\xfcG\x01+5u\xf2\x87\
\x06\x17\x00\x00f\xf6,\xb0!\xf0\xab\xcc\xa9\xcc\x04\xfc\
.\xae\xf5\xec\xd3\xfaN\xe3N\x00\xcet\x1a;\x84\x81\
\x9cMZ\x01\xf4\xe0\xf53\xd3\x06\xc7\x02\xb9\xbb&\x1e\
\x07|\xd2\xcc\x9e\xc8\x9c\xc7\xb04\xba\x00\x000\xb3\x89\
f\xf6\x1d`\x1b\xd2\xf1\x8b\x5cV\x06v\xca\x18\xbf\xce\
6p\x1a\xf7\xdff\xf6\xa2\xd3\xd8!\xf4\xcb\xcc^\x03\
\xfe\xe14\xbc\xd7\xcfL\xa3I\xda\x16X+c\x0ao\
\x03;\x9b\xd9\xd7\x8b\xf6\xd0\x8d\xd6\xf8\x02`23;\
\x1bX\x8dt\x0c#\x97:\xecD\xad\x95bU\xc4\xeb\
i&\x96\xffCn^\xdf\x83\xebF\xbf\x91^\xe5\xfc\
\x8c}\x18X\xcb\xccN\xce\x98C\xa9\x1a\xbb\x09\xb0/\
\x92f\x05N\x22O_\xed\x89\xc0\x5c\xc5\x93A\xe0\xdd\
\xe3\x7fw8\x0c\xfd\x120o\x1b\xaa\xf0\xd0\x5c\x92F\
\x90\xba[~\xd8a\xf8\xd5\xcc\xecf\x87q\x1bI\xd2\
L\xc0\xcb@\x8e\x0b\xda.\x04\xb63\xb3\x973\xc4v\
\xd3\x9a\x15\x80\xc9\xcc\xecu3\xdb\x1a\xd8\x8ft<\xa3\
J#\x805+\x8eYw^O\xffg\xc7\xe4\x1fr\
+:\xbdy\xedC\x89}\x00\xef\xb5\x1a\xd5O\xfe\x06\
\x1c\x0al\xde\xb6\xc9\x1fZX\x00LffG\x00\x1b\
\x91\x8e\xd4Ti\xa6\x8a\xe3\xd5\x9d\xd7\xbb\xcc\x8b\x9c\xc6\
\x0da\xb0.t\x1a7\xf6\x01\xbcW\xd5\x9f\xad/\x93\
&\xfeC\xcclR\xc5\xb1+\xd1\xda\x02\x00\xa08\x9e\
\xb1\x12pc\xee\x5c\xbaQq\x99\xd3\xba\x0eCO\x22\
\xff\xf1\xcf\x10&\xbb\x16\xf0X\x8dZG\xd2t\x0e\xe3\
\x86\x81\xdd\x06\xacbf\xff\xce\x9d\x88\xa7V\x17\x00\x00\
f\xf6$i\x12\xf2j\xdd9\xb5q\x15\xc5i\x82\x95\
\x80\xd9\x1d\xc6\xbd\xad\x8d\xcbq\xa1\x99\x8a\x0b\x82F9\
\x0c=3\x10M\xaezx\x1d\xb9\x9c\xda)\xa4\xcd~\
\x0fU\x14/\x9b\xd6\x17\x00\x00f6\xde\xcc\xbeA:\
\xa6\xf7\xb6s\xb8\xa7\x9d\xc7o\x12\x8f\xa7\x7f\x80\xcb\x9d\
\xc6\x0da\xa8.s\x1a\xd7\xebg\xa8\x89\x9er\x1e\x7f\
<\xb0\x97\x99\xeddf\xde\xf3D-tE\x010\x99\
\x99\x9dB\xda\xa4\xe7Y\xd9E\x01\xd0c\x19\xa7q\xa3\
\x00\x08u\xe3U\x00x\xfd\x0c5\xd1\x93\xcec\xafk\
f\xbfw\x8cQ;]U\x00\x00\x98\xd9\xed\xa4\xa6=\
\xd7;\x0c?\x91\xd4\x1b:$K8\x8c9\x11\xb8\xc6\
a\xdc\x10\x86c\x14\xf0\xa6\xc3\xb8\x1e?C\x8dT\xbc\
jy\xd5a\xe8\xdbI-}\xbbn\xafX\xd7\x15\x00\
\xf0\xeeu\x9ew9\x0c\xfdl[w\x8b\x0e\x91\xc7\x87\
\xd7\xcdf\x96\xb3\xe3c\x08\xefcf\x13\xf0)L\x17\
w\x18\xb3\xc9<V\x01\xee3\xb3\xaaO\x8b\xd5BW\
\x16\x00\x85\x0f:\x8c\x19\xcb\xff\x05Is\x01s9\x0c\
\x1d\xcb\xff\xa1\xae<\xbe7g\x914\xbf\xc3\xb8M\xe5\
Q\x00|\xc8a\xccF\x88\x02\xa0\x5c\xde\x9bT\x9ad\
I\xa7qos\x1a7\x84\xe1\xf2\xfa\xde\xf4\xfaYj\
\xa2(\x00J\xd4\xcd\x05\x80\xc7\x7f\xf4X\x01\xe8\xe1\xf5\
\xee\xf2>\xa7qC\x18.\xaf\xef\xcd\xd8\x07\xd0#\x0a\
\x80\x12us\x01\x10+\x00\xbe<>\xb4&\x01\x0f8\
\x8c\x1bB\x19\x1e\xc7\xe7\x98q\x14\x00=<\x0a\x809\
\xbb\xf5\xe2\xa5\xae,\x00\x8a\x0b<<\x1a\xd4\xc4\x0a@\
\x0f\x8f\x0f\xadG\xcc\xac\xaaf !\x0c\x8a\xa5\x9b\xd5\
<\x0a\xd4(\x00zx\x14\x00\xd3\xe0\xb3_\xa9\xf6\xba\
\xb2\x00\x00\xe6\x06\xe40n\xac\x00\xf4\xf0xo\x19\xcb\
\xff\xa1\xee<\xbeGc\x0f@\x0f\xaf^\x00]\xf9\x1a\
\xa0[\x0b\x00\xaf\xff\xd8\xb1\x02\xc0\xbb+,\x8b8\x0c\
=\xc6a\xcc\x10\xca\xe4Q\x00,P\x5c\x85\x1b\xd25\
\xe0\x1e\xa2\x00\xe8\x22\x1e\xef\xff\x01\x9eq\x1a\xb7i\xe6\
\x01<.1\x89\x02 \xd4\x9dG\x01  \x8e\x02&\
o9\x8d\x1b\x05@\x17\xf1*\x00\xa2AM2\x9b\xd3\
\xb8Q\x00\x84\xba\xbb\xdfi\x5c\xaf\x9f\xa9\xa6\xf1\xe8\xb6\
\x080\xab\xd3\xb8\xb5\xd6\xad\x05\x80\xd7\x7fl\xaf\xea\xb4\
i\xbc\xfe~\x1fq\x1a7\x84\xb2<\xe24nWN\
P\xbd\xf0\xfa\x8c\xed\xcaW,\xddZ\x00\xcc\xe80\xe6\
\x043\x9b\xe80n\x13y}X\xbd\xe64n\x08e\
\xf1\xfa\x1e\x8d\x02\x00(Z\xad{\x9c\x04\x8a\x02\xa0\x8b\
\xcc\xe00f<\xfd\xf7\xf0\xfa\xb0z\xddi\xdc\x10J\
Q\x1cS\xf5x\x10\x88\x02\xa0\x87\xc7k\x00\x8f\x87\xc2\
\xda\xeb\xd6\x02\xc0\xe3?v\x14\x00=<\xdeW\xbem\
f\xef8\x8c\x1bB\xd9<\x0a\xd5\xd8\x03\xd0\xc3\xe3\xb3\
6V\x00\xbaH\x14\x00\xbe<\x9eV\xe2\xe9?4\x85\
\xc7\xf7j\xac\x00\xf4\xf0X\x01\x88\x02\xa0\x8bD\x01\xe0\
+\x0a\x80\xd0\xcd\xa2\x00\xf0\xe5\xf1Y\x1b\xaf\x00\xbaH\
\x14\x00\xbe<>\xac\xe2\x88eh\x0a\x8f\xef\xd5(\x00\
z\xc4\x0a@I\xa2\x00(O\x14\x00=<\xdeW\xc6\
\x0a@h\x8a\xd8\x03\xe0+\x0a\x80\x92D\x01P\x9e(\
\x00z\xc4+\x80\xd0\xcd\xe2\x15\x80\xafx\x05P\x92n\
-\x00\xe2\xbc~\x08!\x84\xae\xd6\xad\x05\x80G\xb3\x8e\
\x91\x0ec6U<\x01\x85n\x16+`\xbe<>k\
\xbb\xf2\x9a\xf1(\x00\xca\x13\x05@\x0f\x8f\xbf\xdf(\x00\
BSx|\xafF\x17\xcc\x1e3;\x8c\xf9\xb6\xc3\x98\
\xb5\x17\x05@y\xa2\x00\xe8\xe1\xf1\xb42\x8b\xc3\x98!\
x\xf0\xf8^\x8d\x15\x80\x1eQ\x00\x94$\x0a\x80\xf2D\
\x01\xd0#^\x01\x84n\x16\xaf\x00|\xc5+\x80\x92D\
\x01P\x9e(\x00zD\x01\x10\xbaY\x14\x00\xbeb\x05\
\xa0$Q\x00\x94'\x0a\x80\x1e\x1e\x7f\xbf3I\x9a\xd6\
a\xdc\x10\xca\x16{\x00|y|\xd6F\x01\xd0E\xa2\
\x00\xf0\xe5\xf5\xb4\x12\xab\x00\xa1\xd6$\xcd\x08\x8cp\x18\
:V\x00zx\xac\x00\xc4+\x80.\xe2Q\x00L'\
\xc9\xe3\x07\xbf\x89\xbc>\xac\xa2\x1bZ\xa8;\xaf\xef\xd1\
(\x00\x00I\xd3\xe0\xd3\xb4'V\x00\xba\x88\xd7rZ\
\xac\x02$^\x1fV\x0b9\x8d\x1bBY\x16r\x1a7\
\x0a\x80\xc4\xeb36\x0a\x80.\xe2U\x00\xc4Q\xb5\xc4\
\xeb\xefwI\xa7qC(\xcb\xe2N\xe3\xc6\x1e\x80\xc4\
c\xf9\x1f\xba\xb4\xc0\x8a\x02\xa0\x5c\xf38\x8d\xdb4\xcf\
\x00\x13\x1c\xc6\x8d\x02 \xd4\xdd\x12\x0ec\x1a\xf0\xa4\xc3\
\xb8M\xe4\xb5\x02\xf0\x9c\xd3\xb8\xb5\xd6\x95\x05\x80\x99\x8d\
\x07\xc69\x0c=\xaf\xc3\x98\x8dcf\x13\x81\x87\x1c\x86\
\x8e\x02 \xd4\x9dG\x01\xf0\x98\x99u\xe5\x12u/\xe6\
t\x1a7\x0a\x80.\xe3\xb1\x0a0\x9f\xc3\x98M5\xc6\
aL\x8f\x0f\xd7\x10\xca\xe4\xf1=\xea\xf1\xb3\xd4T\xf3\
;\x8d\x1b\x05@\x97\xf1(\x00b\x05\xa0\xc7}\x0ec\
.T\x1c\xb3\x0a\xa1v$\x09X\xccah\x8f\x9f\xa5\
\xa6\xf2(\x00&\x01/:\x8c[{Q\x00\x94+V\
\x00zx|hM\x83\xcf\x07l\x08e\xf8(0\x93\
\xc3\xb8Q\x00\xf4\xf0(\x00^2\xb3w\x1c\xc6\xad\xbd\
n.\x00^u\x183V\x00zx}h\xc5k\x80\
PW^\xdf\x9bQ\x00\xf4\xf0(\x00\xbar\xf9\x1f\xba\
\xbb\x00\x88\x15\x00_^\xef-Wt\x1a7\x84\xe1\xf2\
\xfa\xde\x8c=\x00=\xa2\x00(Q\x14\x00\xe5\x8a\x15\x80\
\x82\x99\xbd\x88\xcf{\xb5\x0d\x1c\xc6\x0c\xa1\x0c\x1e\xdf\x9b\
o\x98Y\x1c\x01\xec\x11\x05@\x89\xba\xb2\x00\x904'\
\xb0\x94\xc3\xd0\x1f.ZU\x86\xc4c\xe9rUI\xd1\
p)\xd4\x8a\xa4\xe9\x80O8\x0c}\xbf\xc3\x98M\xe6\
Q\x00,!\xe9C\x0e\xe3\xd6^\xd7MV\x92V\x02\
n\x01Vv\x18~\x04\xf0A\x87q\x9b\xca\xa3\x00\x18\
\x81\xcf\x07m\x08\xc3\xb1:>]\xea\xe2\xfd\x7fA\xd2\
\xcc\xc0\x07\x1c\x86^\x01\xb8U\xd2\x1a\x0ec\xd7ZW\
\x15\x00\x92v\x01\xae\xc3\xb7\xa7|\xbc\x06\xe8q\xb7\xd3\
\xb8\xf1\x1a \xd4\xcd\xa7\x9c\xc6\xf5\xfa\x19j\x22\xaf\x1e\
\x00\x93\xc7\xbeJ\xd2^\x8e1j\xa7+\x0a\x00I3\
H:\x1e\xf8\x13>7IM)\x0a\x80\x1eW9\x8d\
\x1b\x05@\xa8\x1b\xaf\x02\xc0\xebg\xa8\x89\xbc7YO\
\x0f\x1c+\xe9dI\x1e\xc79k\xa7\xf5\x05\x80\xa4\x8f\
\x02\xd7\x00\xbbW\x14r\x86\x8a\xe24\xc1\xad\xc0+\x0e\
\xe3\xae(i\x0e\x87qC\x18\xb4bizu\x87\xa1\
\xdf\x04F9\x8c\xdbTU5\x01\xdb\x11\xb8A\xd2\x22\
\x15\xc5\xcb\xa6\xd5\x05\x80\xa4O\x91&\xa1Us\xe7\xd2\
\x8d\xccl\x12>O0\xd3\x00\xeb:\x8c\x1b\xc2P\xac\
Czz,\xdb\xb5f\xe6q\xa9V\x18\xd8\x0a\xc0h\
I\x9f\xc9\x9d\x88\xa7V\x16\x00J\xf6\x07.\x06\xe6\xae\
8\xfc[\x15\xc7\xab\xbb\xcb\x9d\xc6\xdd\xd4i\xdc\x10\x06\
\xeb\xd3N\xe3z\xfd\xec4U\xd5\x9f\xads\x00\xff\x92\
tH[Ow\xc9\xccr\xe7P*I\xb3\x01'\x03\
\x9f\xcd\x10~\x220\xa7\x99u\xe5\xdd\xd2\xbd\x91\xb4\x1c\
p\x87\xc3\xd0/\x01\xf3\x167;\x86\x90\x85\xa4\x11\xc0\
\x13\xc0\x87\x1d\x86_\xcd\xccnv\x18\xb7\x91\x8a{@\
^\xa6\xbaW\x01S\xba\x10\xd8\xce\xcc^\xce\x10\xdbM\
\xab\xaa\x1aI\xcb\x007\x93g\xf2\x07\xb81&\xff\xf7\
\xb9\x0bx\xdea\xdc9\x81\xcd\x1d\xc6\x0da06\xc6\
g\xf2\x7f\x95\xf4\xfa2\x14\xccl,pm\xa6\xf0\x9f\
\x06n\x91\xf4\xf1L\xf1]\xb4\xa6\x00\x90\xf4%\xd2\x86\
\x99\xc53\xa6\xf1\xc7\x8c\xb1k\xc9\xd2\x12\xd3\x15N\xc3\
\xef\xe84n\x08\x9d\xf2\xfa\x1e\xbc\xaa[/\xa8\x19@\
\xce\xcf\xd8\x85\x81\xeb%\xed\x941\x87R5\xbe\x00\x90\
4B\xd2Q\xc0\x99\xf84\xe2\xe8\xd4-\xa4W\x0f\xe1\
\xfd\xbc\xdee~F\xd2\x5cNc\x87\xd0\xaf\xe2u\xe3\
VN\xc3\xc7\xfb\xff^\x98\xd9\x99\xc0\xf5\x19S\x98\x11\
\xf8\xb3\xa4\xdfK\xf2\xd8\xf8Y\xa9F\x17\x00\x92\xe6!\
\xfd\xa0\xec\x9b9\x95\xb7\x81\xbd\xacm\x1b*\xca\xe3\xb5\
\x020\x1d\xb0\xad\xd3\xd8!\x0c\xe4\x8b\xf8\xbd\x8f\xf6\xfa\
\x99i\x83o\x00od\xceaO\xe0jI\x1f\xc9\x9c\
\xc7\xb04\xb6\x00\x90\xb46\xe9\x1dY\xee\xb6\xb0c\x81\
-\xcd\xec\xa6\xccy\xd4\x96\x99\xdd\x0f<\xee4|\xbc\
\x06\x08\xb9x}\xef=\x07\xdc\xe94v\xe3\x99\xd9m\
\xc0f\xe4?q\xb5:\xa9\x85pc\x1b\x935\xb2\x00\
\x90\xf4MR\x85\x9c\xbb\xeb\xde+\xc0\x16f\xf6\x9f\xcc\
y4\xc1_\x9d\xc6]M\x92\xd7=\xec!\xf4J\xd2\
B\xf8=|\x9c\x15\xab\x89\xfd3\xb3\xab\x81\xcf\xe0s\
\xe3\xe8`|\x10\xb8D\xd2~\x99\xf3\x18\x92F\x15\x00\
\x92FJ:\x0d\xf85i\xf97\xa7\xdb\x81Ub\xf2\
\xef\xd8)\x8ec\xef\xe98v\x08\xbd\xd9\x03\x90\xd3\xd8\
\x9e?+\xadafW\x91.u\xbb%s*\xd3\x02\
\x87K:W\xd2\xac\x99s\x19\x94\xc6\xf4\x01\x90\xb4(\
\xf07`\xb9\xdc\xb9\x00\xa7\x02{\x98\xd9\xdb\xb9\x13i\
\x12I\xff\x05Vt\x18\xfa-`A3{\xc1a\xec\
\x10\xdeC\xd2\xec\xc0\xa3\xc0l\x0e\xc3\x8f13\x8f\xab\
\xca[\xab\xe8\x0fp,\xf0\xd5\xdc\xb9\x90no\xfc\xbc\
\x99\xdd\x93;\x91N4b\x05@\xd2\x96\xc0h\xf2O\
\xfe\xe3\x81o\x98\xd9\x8e1\xf9\x0f\x89\xd7\x93\xcdH\xf2\
o\x04\x0d\xddco|&\x7f\x88\xa7\xffA3\xb3\xb1\
f\xf65\xd2}/\xe32\xa7\xb3\x040J\xd26\x99\
\xf3\xe8H\xadW\x00\x8a\xf6\x8b?\x02\x0e\xc4o\xb9\xad\
SO\x02[\x9b\xd9\x8d\x99\xf3h,I\x1f&uM\
\x1b\xe10\xfc\xab\xa4U\x80W\x1d\xc6\x0e\x01x\xf7\xe2\
\x9fG\x01\x8f\xe3\xa7\x93\x80\x85\xcc\xcck\xc3l\xebI\
Z\x158\x07X w.\xc0\xaf\x80\xef\x9b\xd9\xc4\xdc\
\x89\xf4\xa5\xb6+\x00\xc5\xf9\xee\x0b\x81\x83\xc8?\xf9_\
\x09\xac\x14\x93\xff\xf0\x98\xd9\xb3\xc0%N\xc3\x7f\x80\xf4\
d\x16\x82\xa7=\xf1\x99\xfc\x01\xae\x8c\xc9\x7fx\x8a\xd6\
\xc9+\x03u\xd8\x9b\xf5m\xe0?\xc5\x83O-\xd5\xb2\
\x00\x904yc\xc7\xc6\xb9s\x01\x8e\x0464\xb3\xe7\
r'\xd2\x12\x9eK\x9c\xfbJ\x1a\xe98~\xe8b\x92\
f\x00\xbe\xe3\x18\x22\x96\xffKP\xec\x05\xda\x04\xf8\x19\
\x90{\x89{]\xd2Q\xc1\xb52\xe7\xd1\xab\xda\x15\x00\
\x92\xbe\x06\x5c\x07,\x989\x95\xd7IK\xfe\xdf\x8b\x96\
\x9c\xa5\xfa\x07i\xb9\xde\xc3\xdc\xa4\xdd\xd9!x\xf8*\
~G\x8f\xdf\x04\xceu\x1a\xbb\xeb\x98\xd9$3;\x10\
\xf8<\xf0Z\xe6t\xe6\x03\xae\x94T\xbb\x15\xca\xda\x14\
\x00\x92f\x90t\x02p\x220C\xe6t\xee%\xdd\xc4\
\x15?\x90%+.\xf48\xdb1\xc4w%\xcd\xe48\
~\xe8BE\xdb\xd7\xef;\x868\xcf\xccrw\xb7k\
\x1d3\xfb;\xb0*pw\xe6T\xa6\x03~#\xe9/\
uZ\xa5\xacE\x01 i\x01\xd2-O\xbb\xe6\xce\x85\
49\xadffcr'\xd2b\x9e\x17z\xccG\xda\
4\x1aB\x99\xbe\x87\xef\xaad\x5c$\xe6\xa4\xe8D\xba\
:\xe9\xbe\x98\xdc\xb6\x03n\x90\xf4\xb1\xdc\x89@\x0dN\
\x01H\xda\x088\x9d\xb4|\x9b\xd3D`\x7f3\xfbe\
\xe6<\xba\x82\xa4+I\xef\xc7<\x8c\x07\x96+~\xf0\
C\x18\x96\xa2\xeb\xdf=\x80\xd7\xca\xd2(3[\xc3i\
\xec0\x05I\xfb\x02G\xe0s\x12i0^\x01v0\
\xb3\x7f\xe5L\x22\xdb\x0a\x80\x92\x03\x81\x8b\xc8?\xf9?\
K\xda\xe8\x17\x93\x7fu\x0es\x1c{z\xe0\xb7\x8e\xe3\
\x87\xee\xf2\x1b\xfc&\x7f\xf0\xfdY\x08S0\xb3\xa3\x81\
\x0d\x80g2\xa72;p\xbe\xa4\x1f\x17\xc7\xdd\xb3\xc8\
\xb2\x02 \xe9\x03\xa4\xabs\xbd\xae\xd2\x1c\x8c\xeb\x81/\
\x9a\xd9S\xb9\x13\xe96\x92n\x22\xbd\x9f\xf3\xb2\xad\x99\
y\xddA\x10\xba\x80\xa4\xad\x80\xbf;\x86\xb8\x03X1\
z\xffWK\xd2\xbc\xa4\xd7\xbdk\xe7\xce\x05\xb8\x18\xf8\
\x8a\x99\xbdTu\xe0\xca+\x0fI\xcb\x027S\x8f\xc9\
\xff\xb7\xc0z1\xf9g\xf3\x13\xe7\xf1\x7f\xd5\xb4\xde\xdc\
\xa1>\x8a\xcdZ\xc78\x879,&\xff\xea\x99\xd9\xd3\
\xc0\xfa\xa4{er\xdb\x04\xb8E\xd2JU\x07\xae\xb4\
\x00\x90\xf4e\xe0F`\xb1*\xe3\xf6\xe2-`{3\
\xfb\xa6\x99M\xc8\x9cK7\xfb'\xbe\xd7\x9e\xce\x07\x1c\
\xea8~h\xb7\x83\xf1\xdd\xf8w?\xa9k]\xc8\xc0\
\xcc&\x98\xd9>\xa4\x8dy\xb9\xaf\x16^\x08\xb8NR\
\xa5\xf7\x19T\xf2\x0a@\xd2\x08RC\x9d}\xdc\x83\x0d\
\xecA\xe0\x0bfvG\xeeD\x02H\xda\x168\xc31\
\xc4;\xa4[\x1bos\x8c\x11ZF\xd2\xd2\xc0m\xf8\
\xde:\xba\x8b\x99\xfd\xd9q\xfc\xd0!I\xcb\x91.\x9b\
[4w.\xc0\x1f\x80o\x99\x99\xfb\xbd\x06\xee\x05@\
\xf1\xae\xe5,`\x1d\xd7@\x9d\xf9'i\xe7e\xf4\x8b\
\xaf\x89b\x03\xcc\x18|W\x85\xc6\x90\x8a\x807\x1dc\
\x84\x96(\xfaH\x8c\xc2\xf7\xf2\xb1G\x81E\xeb\xdc'\
\xbe\xdb\x14{\xd3N\x01\xb6\xcc\x9d\x0b\xe95\xf9\xd6f\
\xf6\x98g\x10\xd7W\x00\x92\xd6\x01n%\xff\xe4?\x09\
\xf8\x7f\xc0V1\xf9\xd7\x8b\x99M\x22\xb5\xec\xf4\xb4$\
\xf0{\xe7\x18\xa1=\x8e\xc1\xff\xe6\xd1\xc3c\xf2\xaf\x97\
bn\xf8,\xe9\xd5\xcf\xa4\xcc\xe9\xacJ\xda\x17\xb0\xa1\
g\x10\xb7\x15\x00I\xfb\x90\x96\xfds\x9f\xb7|\x91\xb4\
\xc3\xd2\xeb\x12\x9a0L\x92\xa6\x03\x1e\xc0\xbf\xfd\xf3\xd7\
\xcc\xecO\xce1B\x83I\xfa\x0ap\x9as\x98\xa7\x81\
\x85\xabX\xe2\x0dC#icR\x7f\x1a\xaf\x8b\x9f:\
\xf5\x0e\xa9 9\xdcc\xb3h\xe9\x05@q]\xe6\x09\
\xc0\x97K\x1dxhn!\xbd\xef\x7f4w\x22\xa1\x7f\
\x92\xb6\xc6\xb7E0\xa4\x8d>\xab\x99Y\xee\xb6\xa0\xa1\
\x86$-N\xfa\xcc\x98\xc59\xd4\x0ef\xf6\x17\xe7\x18\
a\x98$-H\xba\x9fa\xe5\xdc\xb9\x90\x8e\xa2\xeed\
f\xa5\xdekPj\x01 i1\xd2F\x8aeK\x1b\
t\xe8\xfe\x08|#\xaa\xec\xe6\x90t\x11\xe9H\x8c\xa7\
{I\xfb\x01r\xef\xfa\x0d5\x22iF\xd2\x09\xa5\x15\
\x9cC]ef\xeb9\xc7\x08%)n\x80<\x16\xf8\
Z\xee\x5cH\xa7F>_\xe6\x03Li{\x00\x8a\x86\
\x19\xa3\xc9?\xf9\x8f\x03v3\xb3]c\xf2o\x9c\xbd\
I\xff\xfd<-\x05\xfc\xce9Fh\x9e\xa3\xf1\x9f\xfc\
'\x00{9\xc7\x08%2\xb3qf\xb6+\xb0\x1b\xfe\
\x9fM\x03Y\x1c\x18U\x9c\x9c*\xc5\xb0\x0b\x00I\xd3\
H\xfa)p\x1e0\xdb\xf0S\x1a\x96G\x81u\xcc\xec\
\xc4\xccy\x84!0\xb3\x07\x81\xc3+\x08\xb5\x93\xa4o\
T\x10'4@q\x05y\x15\xd7H\x1fef\xf7T\
\x10'\x94\xac\x98S\xd6\x01\x5cw\xe5w`f\xe0\x0c\
IG\x15\xc7\xeb\x87eX\xaf\x00$\xcdM\xda(\xb1\
\xd1p\x13)\xc1%\xa4\xcd~/\xe6N$\x0c]\xb1\
\x14{7\xb0\x88s\xa8I\xc0\x97\xcd\xec,\xe78\xa1\
\xc6$mIzm9\xads\xa8\xc7\x81\xa5\xe2(j\
\xb3I\x9a\x8b\xd4\xb7\xa4\x0es\xde5\xc06f6\xe4\
{\x0d\x86\xbc\x02 iQ\xd2Y\xc5\xdc\x7f\x11F\xba\
L\xe3\xd31\xf97\x9f\x99\x8d\x05\xbeYA\xa8i\x80\
S\xbd\x8f\xd9\x84\xfa\x92\xb46\xe9\x8aX\xef\xc9\x1f`\
\x9f\x98\xfc\x9b\xaf\x98c6\x05~J\x9a{r\xfa\x04\
0Z\xd2\x92C\x1d`H+\x00\x92\x96\x01.\x05\xe6\
\x1dj\xe0\x92\xbc\x0a\xechf\xe7g\xce#\x94L\xd2\
\xdf\x80\xcfU\x10\xea\x0d`}3\x1b]A\xacP\x13\
\xc5g\xd85\xc0\x1c\x15\x84\xbb\xd0\xcc>SA\x9cP\
\xa1b\xdf\xdb\xc9\xc0\x072\xa7\xf2<\xb0\xf1P\xba\x9d\
\x0e\xba\x00\x90\xb4\x0a\xe9\x0a\xdf\xdc\xe7#\xef$\xed\x88\
|0s\x1e\xc1\x81\xa4\x8f\x92v\xec\xcf\x5cA\xb8\xe7\
I{G\xee\xaf V\xc8L\xd2\x02\xa4[@\xe7\xaf\
 \xdcX`\x193{\xa8\x82X\xa1b5:\xf9\xf6\
\x0a\xf0\x193\xbba0\x7fhP\xaf\x00\x8a\xb6\xbe\x17\
\x92\x7f\xf2?\x0dX#&\xff\xf62\xb3\xc7\x81\x1fV\
\x14\xee\x83\xc0\xc5\x92\xe6\xab(^\xc8\xa4x\x87{1\
\xd5L\xfe\x00?\x89\xc9\xbf\xbd\xcc\xec\x01`\x0d|\xef\
3\xe9\xc4\xec\xc0\xbf\x8a\x07\xa7\x8eu\x5c\x00H\x12\xa9\
O\xf2\xdc\x83L\xacL\x13H\x97$l\x1f\xe7\xb8\xbb\
\xc2\xafH\x1f\xd6UX\x08\xb8$\x8a\x80\xf6*&\xff\
\x8bH\xad\xa1\xabp%\xf0\xf3\x8ab\x85L\xcc\xecM\
3\xfb\x0a\xb0/\x90\xb3\xbd\xf3\x9c\xc0i\x92:\xde\xd3\
2\x98\x15\x80\xef\x0297L=\x05\xacgf\xbf\xc9\
\x98C\xa8P\xd1\xfar\x07\xd2\x7f\xfb*,\x03\x5c_\
t\x84\x0b-R,\xfb_\x07\xacRQ\xc8\xe7\x81\xed\
\xcc\xec\x9d\x8a\xe2\x85\xcc\xcc\xec\x18`}`\xc8\xbb\xf2\
K\xf0\x09\xe0\x07\x9d\xfe\xe6\x8e\xf6\x00H\xfa\x18\xe9}\
\xac\xe7\xd5\x98\xfd\xb9\x9at\xdc\xe1\xd9L\xf1CF\x92\
>\x09\x5cN5\xbb\xb5\x01^ \xbdO\xbb\xb9\xa2x\
\xc1\x91\xa4eIO\xfeU-\xfb\x1b\xe9TRU\xab\
W\xa1Fjp\x03\xee$`\x053\xbbk\xa0\xdf\xd8\
\xe9\x0a\xc0\x81\xe4\x9b\xfc\x7f\x05|*&\xff\xeeef\
W3\x88\xaa\xb6\x04s\x03WH\xf2nK\x1c\x9c\x15\
7\x92^Cu\x93?\xc0\xcfc\xf2\xef^f\xf64\
i%\xe0\x98L)L\x03\x1c\xd4\xc9o\x1cp\x05@\
\xd2B\xa4\x1e\xc4U\x17\x00o\x00_53\xef\x0bb\
B\x03\x14{P.\x026\xae0\xec\x04`\x173\xf3\
\xbe\x1d.8(\x9a\xfc\x9c\x09\xccTa\xd8kI\xc7\
J\xe3\xaa\xdf\x80\xa4/\x93.\xc7\xab\xe24\xd3\x94&\
\x01K\x9b\xd9}\xfd\xfd\xa6NV\x00\xbeO\xf5\x93\xff\
}\xa4[\xdbb\xf2\x0f\xc0\xbb\xfb\x01\xb6\xa7\xba\xfd\x00\
\x90\xbe\xefO\x95\xf4\xed\x0ac\x86\x12H\xda\x95t<\
\xab\xca\xc9\xffERw\xc9\x98\xfc\x03\x00fv\x06\xe9\
\x94\xc0\x03\x15\x87\x9e\x068`\xa0\xdf\xd4\xef\x0a@\xb1\
\x9b\xf0y\xaai\x961\xd9\xb9\xa4\xa7\xae\xd7+\x8c\x19\
\x1aB\xd2\xba\xc0eT\xb7\x1f`\xb2\xd3\x81=\xcc\xec\
\x8d\x8a\xe3\x86A(ZI\xff\x9atyK\x95\x0c\xd8\
\xc2\xcc.\xa88nh\x00I\x1f 5\x0d\xda\xaa\xc2\
\xb0o\x00s\x99\xd9\xf8\xbe~\xc3@+\x00\xabR\xdd\
\xe4\xff\x0e\xb0\x9f\x99m\x1d\x93\x7f\xe8\x8b\x99]Eu\
\xfd\x01\xa6\xf4\x15R\xdb\xcd\xe52\xc4\x0e\x1d\x90\xb4\x04\
0\x8a\xea'\x7f\x80#c\xf2\x0f}1\xb3WI\x9d\
M\x0f\x22-\xcfWa\x16\xd2\xa9\x80>\x0dT\x00T\
\xb5\x09\xea9`#3;\xa2\xa2x\xa1\xc1\xcc\xec0\
\xe0\xcf\x19B/A\xba\x8e\xb3\x0ew\x83\x87)H\xda\
\x8et\x1d\xf9\xf2\x19\xc2\x9f\x0b\xec\x9f!nha\xaa\
\x9f\x03\x00\x00 \x00IDAT\x10K~J\xbaK\
\xa0\xaa{k\xfamA=P\x01P\xc5\xb9\xff\x1b\x81\
\x95\xcd\xec\x8a\x0ab\x85\xf6\xd8\x0d\xf8W\x86\xb83\x01\
'J:UR\xd5\x1b{\xc2T$\xcd$\xe9\x04\xe0\
/\xa4'\x9e\xaa]A:\xef_\xd5S]h83\
\xbb\x14X\x89T\xb0z\xebw\xd3\xf4@\x05\xc0\xc7J\
L\xa47\xbf\x07\xd65\xb3'\x9c\xe3\x84\x96)6Z\
mCj\xee\x92\xc3\xf6\xc0\xcd\x92r<q\x06@\xd2\
\xd2\xa4%\xff]3\xa5p+\xb0\x95\x99\x8d\xcb\x14?\
4\x94\x99=F\xea\x13p\xa2s\xa8~\xe7\xf0>\x0b\
\x80b\x03\xe0\x87KO'y\x1b\xd8\xc9\xcc\xf6\xeao\
\x83B\x08\xfd1\xb3\xb7\x81-\x80\xbb3\xa5\xb0\x14p\
\x8b\xa4#$\xe5x\xfa\xecJ\x92FJ\xfa)p\x1b\
\x90kO\xc6\x83\xa4f?\xb1_)\x0c\x89\x99\x8d3\
\xb3\xddH\x05\xacW\x119\x93\xa4>\xf7\xf1\xf5\xb7\x02\
0\xcf\x00\xbf>T\x0f\x03k\x9a\xd9)\x0ec\x87.\
cf/\x93\xf6\xaa<\x96)\x85\x11\xa46\xd9\xf7J\
\xda:S\x0e]\xa3\xb8\x82\xf5\x1e\xd2\x11\xa7\x5c\xcd\xc9\
\x9e&]\xbf\xfa\x5c\xa6\xf8\xa1E\xcc\xec\x8f\xa4\xd5\x00\
\xaf\xcf\xb0>\xef7\xe9o\x82\xff\x90C\x22\x00\xbb\x99\
\xd9\xedNc\x87.dfO\x92\x8a\x80\xaa6\xd6\xf4\
\xe6#\xc0\xd9\x92.\x92\xb4h\xc6<ZI\xd2B\x92\
\xfe\x09\xfc\x1dX0c*\xaf\x00\x9b\x9a\xd9\xc3\x19s\
\x08-cf\xa3\x81\x9d\x9d\x86\xefs%\xbf\xbf\x02\xc0\
\xeb\xb6\xbd\xb8\x1c#\x94\xce\xcc\xc6\x00\x9b\x01ofN\
e\x13\xe0.I\x87\x14g\xd2\xc30H\x9a^\xd2A\
\xa4\xa7\xfe\xcd3\xa73\x16\xd8\xd2\xcc\xee\xc8\x9cGh\
'\xaf\x07\x98\xb7\xfb\xfa\x85\xfe\x0a\x80\x97\x1c\x12\x01\xbf\
*'t93\x1b\x05|\x96\xfcE\xc0\x0c\xa4^\x05\
\xf7K\xfa\xa6\xa4*\xbb\xd1\xb5\x82\xa4\x19$\xedI\xea\
\x0a\xfa\x13\xaa\xed\xe8\xd7\x9b\xb7\x81/\x98\xd95\x99\xf3\
\x08\xed\xb5\xb7\xd3\xb8\xaf\xf4\xf5\x0b}v\x02\x944\x82\
\xd4\x0b\xbdl\x06\xac\x1e7\xad\x05/\x92V\x07.\x00\
\xe6\xca\x9dK\xe1Y\xe0(\xe0w\xb1i\xac\x7f\x92F\
\x02{\x90\xf6U\xf4\xf9\xee\xb2b\xaf\x90\xba\xfc]\x9b\
;\x91\xd0N\x92V!\x9dh\xf1\xd8w7_qA\
\xd1\xfb\xe3\x0e\xd0\x0a\xf8e`v\x87\x84n\x00\xd6\xb6\
N\xee\x22\x0ea\x08$-\x09\x5c\x0c,\x90;\x97)\
\xbcLjS\xfbk3\xf3Zak$I\xb3\x91\x9e\
\x80\xfe\x8ft\x1bc]<\x0dlbfw\xe6N$\
\xb4Sq\xd1\xd9\x0d\xc0\xea\x0e\xc3O\x02F\xf6uT\
u\xa0jcT\xf9\xf9\x00\xb0&\xa9\xb5j\x08.\x8a\
=\x01k\x91\xef\x88`o\xe6 \xbd\x1axT\xd2/\
$y\xf7\xd9\xa8=I\x0bH\xfa1\xf0(p\x18\xf5\
\x9a\xfc\x1f =\xa8\xc4\xe4\x1f<\xed\x8c\xcf\xe4\x0fp\
[\x7f}*\x06*\x00\xae,7\x97\xf78<:\xa9\
\x05O\xc5\xe9\x80O\x00\xd7\xe7\xcee*\xb3\x00\xdf\x03\
\x1e\x94t\x8d\xa4\xdd\x8a\xcbB\xba\x82\xa4Y%\xed,\
\xe9r\xe0\x11\xe0`|V\x1a\x87\xe3V`\x9d\xd8\xed\
\x1f<\x15?\xf7?w\x0cqU\x7f\xbf8P\x01\xd0\
\xef\x1f\x1e\xa6\xf9\x89\xfe\xd9\xc1Y\xd1'`C\xf2\xb4\
\x0d\xee\xc4:\xc0\x1f\x80g$\xfdU\xd2f\xc5\xfe\x9b\
V\x914\xad\xa4M$\x9d\x06<\x03\x9c\x04\xac\x0f(\
of\xbd\xba\x1cX/\xce\xf9\x87\x0a\x1c\x8a\xdf\x91{\
\x80\xab\xfb\xfb\xc5\x81\xf6\x00L\x07\xbc\x00\xccVrR\
\x93\x8d\x05\x962\xb3G\x9c\xc6\x0f\x01xwS\xeb\x09\
4\xe3\x14\xca\xb3\xc0\x99\xc0E\xc0\xb5M\xbd\x82\xb8X\
\xe1[\x9bt4\xf2\xcb\xc0\xbcy3\xea\xc89\xc0\xf6\
\xd1\xde7x\x93\xb4,\xf0_R31\x0f\x13\x80y\
\xfa\xdbo\xd4o\x01\x00 \xe9h`\x9f\x92\x13\x9b\xd2\
9f\xf6E\xc7\xf1Cx\x97\xa4\x83\x81C\x80i3\
\xa7\xd2\xa9\x89\xc0M\xa4Kg.\x07\xae7\xb3\xb1y\
S\xea\x9d\xa4\x19H\xfb{6 =\xdd\xafN\xben\
}\x83e\xc0\x11\xc0\x01q\xb1O\xa8\x82\xa4+\x80\xf5\
\x1cC\x9cff\xdb\xf7\x9bC\x07\x05\xc0\x22\xa4\xcd0\
\x1e\xc7\x13&[\xaf\xb8\xe7=\x04w\x92\xd6\x03N\xa7\
\x19O\xa4S\x1bG\xda1|\x05\xe9\xe9\xe1>\xe0\xa1\
\xe2r\xa4\xca\x14w\x85,B\xba\x22yE\xd2\x84\xbf\
\x16\xd0\xc4\xe6G/\x02;\x9a\xd9\xbfs'\x12\xba\x83\
\xa4m\x813\x9c\xc3\xac6\xd0q\xfb\x01\x0b\x00\x00I\
\xe7\x91\x1a\xacx\xb9\x1dX)*\xefP\x15I\x1f\x22\
]!\xbbQ\xee\x5cJ0\x81t9\xcd}\xc0\x98\xe2\
\xeb>\xe0!\xe0\xb5\xa1\xae\x18\x14\x9d\x0cg\x03\x16\x02\
\x96\x9c\xe2k\x09`Q`\xfa\xe1&^\x03\xd7\x01\xdb\
\xc6\x8d\xa4\xa1*\xc5\xab\xb1\xfbH\xfb\xe0\xbc\x5cof\
k\x0f\x98K\x87\x05\xc0\xda\x80w\x13\x8c=\xcd\xecx\
\xe7\x18!\xbcK\xd24\xc0\x814\xeb\x95\xc0PL\x04\
\xde\x00^\xef\xe5\x0b\xd2\xa9\x84Y{\xf9j\xddf\xc4\
)\x18\xf0\x0b\xe0\xe0\xaaWOBw\x93\xf43\xfc7\
\xc0oef\xe7\x0f\x98K\xa7\xbdx$\x9d\x0b|~\
\xb8Y\xf5\xe3\x05`13\xeb\xb3ma\x08\x1e$\xad\
KZ\x8ek\xe2+\x810x\xb1\xe4\x1f\xb2\x90\xb4\x18\
p\x17\xbe\xabg\x97\x99\xd9\x86\x9d\xfc\xc6\xc1\xbc\xd7\xff\
.~w\x16Cj\x00\xf2C\xc7\xf1C\xe8U\xb1\xff\
dE\xe0\xd2\xdc\xb9\x04w\xd7\x01+\xc6\xe4\x1f2\xf9\
5\xbe\x93\xff;\xc0\xbe\x9d\xfe\xe6\x8e\x0b\x80\xa2!\xc6\
/\x87\x92\xd1 |\xa3h\xe1\x1aB\xa5\x8a3\xdf\x9b\
\x02\xdf\xc7\xef&\xcc\x90\xcf8\xd2\x99\xeb\xf5\xe2}\x7f\
\xc8A\xd2\x96\xa4\xcf\x18O\xc7\x99\xd9]\x9d\xfe\xe6\x8e\
_\x01\xc0\xbb\x9b\x17\xee\xc7\xf7\x92\x8e\x8b\xcc\xec\xd3\x8e\
\xe3\x87\xd0/I\x0b\x92*\xf5-s\xe7\x12Jq\x09\
\xb0\xb7\x99=\x90;\x91\xd0\x9d\x8a\x0d\xb5\xf7\x00\x0b;\
\x86y\x89\xf4\x1a\xbd\xe3{F\x06u\xb4\xcf\xcc\xde\xc4\
\x7f\xf3\xc2\xa6\x926s\x8e\x11B\x9f\xcc\xecQ3\xdb\
\x8aT\x00<\x929\x9d0tO\x00\xdb\x98\xd9&1\
\xf9\x87\xcc\xf6\xc3w\xf2\x07\xf8\xe1`/\x19\x1b\xd4\x0a\
\x00\xb8\xdf\x5c4\xd9\xfd\xc0\xb2f\xe6q\x1dq\x08\x1d\
\x934\x13p\x10\xa9w\x7f\x1b\x8e\xbdu\x83\x89\xc0\xd1\
\xc0\xa1M\xed\xa2\x18\xda\xa3XQ\xbc\x17\x98\xc91\xcc\
\xdd\xa4\xbd-\x83:\xd12\xe8\xe6>\xc5\x15\xbe\xfb\x90\
\x8e\xd1xY\x1c\xf8\xff\xed\xddy\xd4\x9eeu\xef\xf1\
\xef\x16d\x12\x10d\x1eT\x86B\x98A\x10\xb4 P\
\xf0\xd4\xc3\xc2Z\xc1\x09A\xc0\x1a\x11\x14*\x08\x96\xe1\
P\xaa\xe09\x9eV\xa0(\x22*\x08\x94Af{\x1c\
O)E\x0b\x82@\x18\xc2\xac\x0c)\x08\x0a\x08\x04\x84\
0\x05\x02\xe1\xd7?\xae;\x09\x86\x84\xbc\xc3\xb3\xef\xe9\
\xf9}\xd6zV\xd6\xd2\xf7\xbd\xf6\x0ey\xdf\xe7\xda\xcf\
\xbe\xaf\xe1\xc0\xc4\xf1\xcdFD\xd2tIG\x01\x9b\x00\
?o:\x1f[\xa0+)o\x84\x87z\xf2\xb7\x968\
\x81\xdc\xc9\x1f\xe0\x0bc\xd9\xce:\xea\x0e\xc0\xeco\x8c\
8\x0b\xd8{L\xdf<2\xd3\x80u}!\x87\xb5I\
u\x82\xd7q\xc0\xeaM\xe7b\x7f\xe2\x0f\xc0\xe1\x92\xce\
i:\x11\xb3Y\x22\xe2/)kP2\xfdX\xd2\x98\
\x0e\xea\x1bO\x01\xb0*\xe54\xa3%\xc74\xc0\xc8\x9c\
&\xe93\x89\xe3\x9b\x8dZD,B\xb9T\xe8\x08\xf2\
\x9f\xeb\xd9\xeb{\x80r\xa0\xcf\x19m\xbd#\xc1\x86S\
u\x99\xdem\x94\xd33\xb3\xbc\x08l(\xe9\xde\xb1|\
\xf3\x98\xcf\xf7\x97\xf40\xf0\x7f\xc7\xfa\xfd#41\x22\
\xde\x91\x1c\xc3lT$\xcd\x90t*\xe5Q\xd5\xde\x94\
\xa3w\xad^S\x80\x89\x94U\xcf\xdf\xf6\xe4o-\xf4\
\x05r'\x7f\x80o\x8cu\xf2\x87qt\x00`\xf6\xed\
_w\x92\xfb)\xe8*I\xdb%\x8eo6.\xd5\x91\
\xc2\x1f\xa6,\x16\xdc\xb4\xe1t\xfa\xee\x0e\xca\x07\x8f\x8b\
$\xcdl:\x19\xb3y\x89\x88U(\x1d\xf2\xa5\x12\xc3\
<ByL\xfe\xcc\x02\xbfr>\xc6u\xc3_ug\
\xf6\xdf\x8dg\x8c\x11\xd86\x22vK\x8ea6f\x92\
^\x91t\xb1\xa4\xcd\x80\x0f\x00\xd75\x9dS\x0f\xdd\x08\
\xec\x0al\x22\xe9|O\xfe\xd6r\xc7\x91;\xf9\x03\x1c\
1\x9e\xc9\x1f\xc6\xd9\x01\x98=H\xc4/(w\x80g\
\xf9\x1d\xb0\x9e\xa4\xe9\x891\xcc\x06\xa6\xbarx\x22\xe5\
\xfe\x8c75\x9bMgM\x07~Dy\xbe\xef\x1d\x18\
\xd6\x09\x11\xb1-e7J\xa6\x1b\x80wi\x9c\x13\xf8\
\xa0\x0a\x80\x8d)w\x93g\xde\xa8v\xb4\xa4c\x12\xc7\
7\x1b\xb8\x88X\x92R\x04\xec\x0d\xec\xc08\xbbnC\
@\x947\xcf\xb3\x81\x8b\xc7\xfb\x09\xc7\xacN\x11\xb1\x10\
0\x99\xdcG\x81\x02\xb6\x964i\xbc\x03\x0d\xa4\x00\x00\
\x88\x88o\x03\x9f\x1b\xc8`\xf3\xf6<\xa5\x0b\xf0\xfb\xc4\
\x18fi\x22bu\xe0\x13\x94b`\x83\x86\xd3i\x9b\
{\x80s\x80s$=\xd0t2fc\x11\x11\x07\x00\
\xdfJ\x0e\xf3}I{\x0db\xa0A\x16\x00\xcbQV\
\xe6.;\x90\x01\xe7\xed\x02I\xbb'\x8eoV\x8b\x88\
\xd8\x02\xd8\x0b\xd8\x0dX\xb9\xe1t\x9a\xf28p1p\
\xf6 >\xcd\x985)\x22\x96\xa7\x14\xb2\x99s\xe0s\
\xc0\x04I\x0f\x0db\xb0\x81\x15\x00\x00\x11q p\xe2\
\xc0\x06\x9c\xb7\xf7H\xba:9\x86Ym\x22b#\xca\
\xe3\x81\x1d\x81\xed\xc9}\x03i\xd2\xd3\x94\xf6\xfe\x7f\x02\
\x97\x03\xb7\x8e\xf7\x19\xa6Y[D\xc4\xf7\x80}\x92\xc3\
\x1c%\xe9\xab\x83\x1al\xd0\x05\xc0\xc2\xc0\xad\xe4\xb67\
'\x03[Iz%1\x86Y#\xaa-\x85\xef`N\
A\xb0-\xb9\x87mez\x1e\xb8\x9a9\x13\xfe\x8d^\
\xbdo}\x14\x11[\x02\x93\xc8]\xe3s?\xb0\xfe \
\xcf\xbc\x18h\x01\x00\x10\x11\xef\x03.\x1d\xe8\xa0\xaf\xb5\
\x8f\xa4\xd3\x93c\x985\xae*\xaa\xb7\xa2t\x066\xa4\
\x1c,2\x81\xf6\x15\x05\xcfQ\xda\x9fwS.&\xb9\
\x12\x98$iF\xa3Y\x99%\xab.\xc8\x9bD\xf9=\
\xcd\xf4\x11I\xff:\xc8\x01\x07^\x00\x00D\xc4O(\
\xfb\xa1\xb3<J9\x00\xe1\xe9\xc4\x18f\xad\x15\x11\xab\
Q\x0a\x81\x09\xcc)\x0a&\x00o\x07\x22)\xac\x80\xdf\
S&\xf9\xbb\xaa?g\xbd\x1et;\xdf\x86QDL\
\x04\xb2?\x90^!i\x87A\x0f\x9aU\x00\xacC9\
\xb1+\xf3\xfa\xd4\xe3%\x1d\x9a8\xbeY\xe7T\xd7\x17\
\xafF9\x84d\xc9y\xfc9\xf7\xff\x16\xc03\xc0\xb3\
\x0b\xf8\xf3\x19\xe0aI\xcf\xd7\xf8\xd71k\xb5\x88X\
\x86\xd2\xf9Z!1\xccL`sI\xb7\x0dz\xe0\x94\
\x02\x00 \x22\x8e\xa5\xdc\xa1\x9ee\x06\xb0\x91\xa4)\x89\
1\xcc\xcc\xcc\xe6)\x22\xbe\x09|>9\xccw%\xa5\
l\xb1\xcf,\x00\x96\xa6TF+\xa5\x04(~&)\
\xf3Q\x83\x99\x99\xd9k\xd4t\x00\xdeS\x94\x0b\xaf\x1e\
\xcf\x18<m\xc5b\xf5|\xfe\xc8\xac\xf1+\x7f\x15\x11\
\xff39\x86\x99\x99\xd9\xdc\xbeE\xee\xe4\x0f\xe5\x04\xdc\
\x94\xc9\x1f\x12;\x000{K\xd3\xf5\xc0\x16iA\xca\
m\x84\x9bHz91\x86\x99\x99\x19\x00\x11\xb1;p\
^r\x98\xf4\xb9-\xf5\x5c\xf2j\xaf\xfeA\x991\x80\
\xf5\x81\x03\x92c\x98\x99\x99\xcd\xba\xdf\xe3\xb8\x1aB\x1d\
\x9c\xfd\xc16\xfdb\x92\xea\xd4\xbe\x0b\x92\xc3|\xb9:\
\x86\xd1\xcc\xcc,\xd3Q\x94\x9d6\x99~*)\xfb<\
\x9d\xdcG\x00\xb3\x83D\xbc\x95\xb2ox\x89\xc40\xdf\
\x91\xb4\x7f\xe2\xf8ff6\xc4\x22b]\xe0vr\xb7\
\xb8\xd7\xb6\xc3\xad\x96\xabI\xab\x1b\xfc\x8eM\x0e\xb3o\
Dl\x92\x1c\xc3\xcc\xcc\x86\xd77\xc9\x9d\xfc\x01N\xac\
k{{-\x1d\x00\x98}@\xc9]\xc0\xdb\x12\xc3\x5c\
.i\xc7\xc4\xf1\xcd\xccl\x08E\xc4.\xc0\x0f\x93\xc3\
\xd4z\xcam-\x1d\x00\x00I\xd3\x81\xc3\x92\xc3\xec\x10\
\x11\x1fJ\x8eaffC$\x22\x16\x03\xbe^C\xa8\
#\xeb<\xe2\xbe\xb6\x02\x00@\xd2\x85\xc0U\xc9a\x8e\
\xaf\xfe\xb1\xcc\xcc\xcc\x06\xe1p`\x8d\xe4\x18\x93\x813\
\x93c\xfc\x89Z\x0b\x80\xcaA@\xe6U\xbek\x02\x87\
$\x8eoffC\x22\x22\xd6\xa0\x14\x00\xd9\x0e\xaa\xfb\
\x9a\xfb\xda\x0b\x00I7\x03g$\x8792\x22VM\
\x8eaff\xfd\xf7u`\xf1\xe4\x18\xe7W[\xe6k\
U\xdb\x22\xc0?\x09\x1a\xb1\x220\x05X:1\xcc9\
\x92\xf6N\x1c\xdf\xcc\xccz\xac:j\xfe\xdf\x93\xc3<\
\x0fL\x90\xf4`r\x9c\xd7h\xe2\x11\x00\x92\x1e\x03\xbe\
\x92\x1cf\xcf\x88xwr\x0c33\xeb\xa1\x88x#\
pb\x0d\xa1\xbe\xd6\xc4\xe4\x0f\x0du\x00`\xf6\x7f\xdc\
;\x80u\x13\xc3\x5c\x0f\xbc[M\xfd%\xcd\xcc\xac\x93\
\x22\xe20\xe0k\xc9a\x1e\x00\xd6\xafv\xc9\xd5\xae\x91\
\x0e\x00\x80\xa4\x97\xc8_\xac\xb7\x15\xb0Wr\x0c33\
\xeb\x91j\x0d\xd9?\xd4\x10\xea\xb0\xa6&\x7fh\xb0\x03\
0;\x81\x88K\x80\x9d\x12C\xfc\x81r\xb0\xc2\xb3\x89\
1\xcc\xcc\xac'\x22\xe2\x5c`\x8f\xe40WJ\xda>\
9\xc6\xebj\xac\x03\xf0*\x07\x03\x997\x1e\xad\x02\x1c\
\x998\xbe\x99\x99\xf5DDlG\xfe\xe4_\xc7M\xb9\
\x0b\xd4x\x01 \xe9.\xe0\xe4\xe40\x87D\xc4Z\xc9\
1\xcc\xcc\xac\xc3\x22b!\xe0\xa4\x1aB\x9d&\xe9\x96\
\x1a\xe2\xbc\xae\xc6\x1f\x01\x00D\xc42\x94m\x81\x99W\
\xfa\xfeP\x92\x8f\x0963\xb3y\x8a\x88\xcfS.\xfc\
\xc94\x0dXG\xd2\xd4\xe48\x0b\xd4x\x07\x00@\xd2\
S\xe4/\xb8\xd85\x22|Q\x90\x99\x99\xbdFD\xac\
@\xfe\xf6t\x80c\xda0\xf9CK:\x000\xbb\xf5\
r\x13\x90y\xa5\xef\x1d\xc0f\x92f&\xc603\xb3\
\x8e\x89\x88\xd3\x80O'\x87\xb9\x1b\xd8\xb8\xda\x05\xd7\xb8\
Vt\x00\x00\xaaI9{Q\xc4F\xc0~\xc91\xcc\
\xcc\xacC\x22b+`b\x0d\xa1\x0en\xcb\xe4\x0f-\
\xea\x00\xcc\x12\x11?\x00>\x9c\x18\xe2\x09\xca\xf3\x97'\
\x13c\x98\x99Y\x07DD\x00\xd7\x01[&\x87\xfa7\
I\xefO\x8e1*\xad\xe9\x00\xbc\xca\xdf\x01/$\x8e\
\xbf\x1cpL\xe2\xf8ff\xd6\x1d\x13\xc9\x9f\xfc\xeb8\
\xf8n\xd4ZW\x00H\xba\x1f\xf8\xe7\xe40\x9f\x8b\x88\
\x0d\x92c\x98\x99Y\x8bU;\xd0\xfe\xb1\x86P'I\
\xba\xbb\x868\xa3\xd2\xbaG\x00\x00\x11\xf1&\xcab\x89\
\xd5\x12\xc3\x5c&\xe9}\x89\xe3\x9b\x99Y\x8bE\xc4I\
\xc0\xdf&\x87\x99Jy\xec<-9\xce\xa8\xb5\xb2\x00\
\x00\x88\x88=\x81s\x92\xc3|P\xd2O\x92c\xf4J\
\xb5[c=`\xf3\xea\xb5,p'\xf0k\xe0\x96\xa6\
n\xb52\x1b\x06\x11\xb1\x1c\xb0\x03\xb0\x0ds\xee\xa8\x7f\
\x0c\xb8\x1c\xb8F\xd2\x8bM\xe5\xd65\x11\xb1\x09e\xe7\
\xd9B\xc9\xa1\xf6\x95\xf4\xbd\xe4\x18c\xd2\xe6\x02 \x80\
k\x80\xcc+}\xff\x0b\xd8P\xd2\x8c\xc4\x18\x9d\x17\x11\
o\x00\xde\x07\xfc\x0d\xf0\x01`\x89\xf9|\xe9+\xc0\xd9\
\xc0\x97%\xfd\xae\x9e\xec\xcc\xfa/\x22\xd6\x05\x8e\xa3\xfc\
\xfe\xc5|\xbel:\xf0\xff\x80S$]UWn]\
\x15\x11W\x02\xdb&\x87\xb9\x19x\xa7\xa4W\x92\xe3\x8c\
Ik\x0b\x00\x98\xbd5c\x12\xf3\xff\x81\x1f\x84\xc3%\
\x1d\x9b8~gUo:\x9f\xa2\xdc\xa88\x9a\xc71\
/RN\xd3\xfa\x92\xa4\xcc\x05\x9df\xbd\x16\x11\x8b\x02\
\xff\x87\xb2E\xfa\x8d\xa3\xf8\xd6;\x81S\x81\xb3\xbc\xe3\
\xe9\xb5\x22b\x0f\xe0\xdc\x1aBm\xd7\xe6b\xac\xd5\x05\
\x00@D\x9c\x09|21\xc43\x94\xdb\x02\x1fI\x8c\
\xd1\x19\x11\xb14\xb0\x1b\xe5\xd3\xfe\xd6\xe3\x1c\xee\x0e`\
wIw\x8c7/\xb3a\x13\x11\x1bS&\xa9\x8d\xc7\
1\xcc\x0b\xc0\xc5\x94\xae\xc0\xd5\x03I\xac\xe3\x22bI\
\xca\x1a\xb3U\x93C]$i\xb7\xe4\x18\xe3\xd2\x85\x02\
`\x15\xe0\x1e`\xc9\xc40\xff\x22\xa9\x8eC Z\xa9\
z\xdc\xb2#\xe5\xd3\xfe\x87\x98\xf3lq\x10^\x00\x0e\
\x95\xf4\xad\x01\x8ei\xd6[\xd5\xef\xe3A\xc0?\x01\x8b\
\x0ep\xe8_S\xba\x02gW\xc7\xaf\x0f\xa5\x888\x16\
849\xcct`\xbd\xb6?\x0am}\x01\x00\x10\x11\
G\x90\xbbUC\xc0V\x92nL\x8c\xd1:\x11\xb16\
\xa5\xbb\xf2I\xe0m\xc9\xe1~\x06Ll\xcb\x19\xd8f\
mT}\xe09\x93\xb2\xe6&\xcbt\xe0\x22JW\xe0\
\xda\xc48\xad\x13\x11\x13\x80\xdb\x19\xdd\xe3\x94\xb18F\
\xd2\xd1\xc91\xc6\xad+\x05\xc0\xa2\xc0o\x80\xcc+}\
\xaf\x91\xb4M\xe2\xf8\xadP\xb5\xbf>Ji\xf1oK\
\xee\xfa\x8a\xb9=\x02\xec-\xe9\xb2\x1ac\x9auBD\
\xec\x02\x9cF9\xac\xac.\xb7S\xba\x02\xe7\xb4q\x9b\
\xda\xa0E\xc4\xa5\xe4\x16W\x00\xbf\xa7|\xfa\x7f>9\
\xce\xb8u\xa2\x00\x00\x88\x88])+\x5c3}B\xd2\
y\xc91jW\xb5\x14\xb7\xa3L\xfa\x1f\x05\xde\xd4`\
:\x02N\x00\x8e\xf4\xee\x0b\xb3\xd9\xe7\x9e|\x03\xd8\xa7\
\xc14\x9e\x07.\xa4t\x05\xaek0\x8f45\xcd!\
P\xd6=]PC\x9cq\xebL\x01\x00\x10\x11\xbf\xa0\
<\xab\xce\xf2 0\xa1\x0b\x95\xdbHD\xc4\xdb\x99\xd3\
\xe2\xcf\xec\x9e\x8c\xc5M\xc0\x1em<\x1d\xcb\xac.\x11\
\xb1%e\xa1\xdf:M\xe7\xf2*\xb7R\xba\x02\xdf\x97\
\xf4t\xd3\xc9\x0cBD,N\xe9\x22\xaf\x91\x1c\xeaW\
\x92\xb2\xb7\x16\x0eL\xeb\x8e\x02^\x80\x83\x80\xcc\xab|\
W\x07\x8eH\x1c?]D,\x11\x11{V\xc5\xd2o\
)\xf7\x1e\xb4m\xf2\x87r\x88\xd0\xe4\x88\xf8Bu\xb8\
\x90\xd9\xd0\x88\x88E\x22\xe2h\xcaY'm\x9a\xfc\x01\
6\x05N\x06\x1e\x8e\x88\xd3\xaa\x22\xa5\xeb\x0e'\x7f\xf2\
\x7f\x85\xfc\x1bm\x07\xaaS\x1d\x00\x80\x888\x19\xd8?\
1\xc4\x0b\x94\xe77\x0f$\xc6\x18\xb8\x88\xd8\x86\xd2\xe2\
\xff\x18\xb0t\xb3\xd9\x8c\xdad`?I\x93\x9bN\xc4\
,[Dl\x0f\x9c\x02Lh:\x97Q\xb8\x85\x92\xf3\
\xb9\x92\x9ei:\x99\xd1\x88\x885)\x9f\xfe\x17K\x0e\
u\xba\xa4&\x1f\xe3\x8cZ\x17\x0b\x80\xe5\x80)\x94#\
h\xb3\x5c,\xe9c\x89\xe3\x0fDD\xac\x0e\xecMi\
\xf1\xaf\xdbp:\xe35\x13\xf8\x16p\x94\xa4g\x9bN\
\xc6l\xd0\xaa\xf7\xae\xe3(\xdbm\xbb\xeaY\xe0|\xca\
Z\x81N\x14\xec\x11\xf1#\xe0\x83\xc9a\x9e\xa6\x9c\xf7\
\xffXr\x9c\x81\xea\x5c\x01\x00\x10\x11\x9f\xa7\x9c4\x97\
i{IW&\xc7\x18\xb5\x88X\x0c\xd8\x85\xf2i\xff\
/\xe9\xdec\x9c\x05y\x10\xf8\xbc\xa4\x1f5\x9d\x88\xd9\
\xa0D\xc4'\x81\xe3\x81\xe5\x9b\xcee\x80n\xa2t\x05\
\xcekk\xd1\x1e\x11;\x01\x97\xd4\x10\xeaPI\xc7\xd7\
\x10g\xa0\xbaZ\x00,LY\xa8\x92y\xa5\xef-\xc0\
\x16m9\xc3\xb9:\x16\xf9S\xc0\xc7\x81e\x1aN\xa7\
\x0e?\xa6\x14\x02\xbfo:\x11\xb3\xb1\xaa\x8e\xd3\xfe.\
\xe5\x02\x9f\xbez\x068\x8f\xd2\x15\xb8\xb9\xe9df\x89\
\x88E(\xdb\x1c\xb3\xbb\xa3S\x80\x8d\xba\xb8\xab\xa9\x93\
\x9f\x1e%\xbd\x0c|!9\xccf4\xbb-\x87\x88X\
9\x22\x0e\x8d\x88\xdf\x00\xd7\x01\x9fe8&\x7f(-\
\xbb\xdfx\x91\xa0uQ\xb5\xc8\xef\xcb\xc0m\xf4{\xf2\
\x07X\x0a\xd8\x0f\xb8)\x22n\x88\x88}\xaa\xad\x8dM\
;\x98z\x1e\x8d\x1e\xd2\xc5\xc9\x1f:\xda\x01\x98%\x22\
~\x0c\xfcub\x88\xda\xefq\xae\xaa\xd6\xbf\xa6\xb4\xf8\
w\x22\xff\xaa\xca.\xb8\x198L\xd2\xcf\x9bN\xc4l\
A\xaa\xb6\xf37\xe8\xd6\x22\xbfA{\x9a\xb2\xbd\xf1T\
I\xb7\xd4\x1d<\x22V\x03\xee\x22\xf7\x08y\x80K%\
\xed\x94\x1c#M\xd7\x0b\x80?\xa3\x9co\xbdHb\x98\
\xafK:$q|\x00\x22bs\xca\xa4\xbf\x07\xf5\x9e\
\x04\xd6%\x97\x01GH\xba\xa9\xe9D\xcc\xe6Vm\x97\
\xfb\x1a\xfd\xff\xc4?Z\xd7S\xd6\x0a\x5cP\xd7\x19+\
\x11q>\xe5qi\xa6\x97\x81\x8d%\xdd\x95\x1c'M\
\xa7\x0b\x00\x80\x88\xf8\x1apXb\x88\x97(\xff\xc8\x03\
?\xb0&\x22V\x00\xf6\xa4L\xfc\x9b\x0cz\xfc\x9e\x12\
\xe5\x1c\xf3\xa3$\xfdW\xd3\xc9\x98E\xc4:\xc0W\x81\
\x8fP\xef\xd1\xda]3\x0d\xf8>\xa5+p[V\x90\
j\x9b\xe5\x15Y\xe3\xbf\xca\x89\x92\xb2\x1fE\xa7\xeaC\
\x01\xb0\x14e\x11\xc6J\x89a.\x91\xb4\xf3 \x06\x8a\
\x887\x02;S\x16\xf4\xedL\xfe\xa5\x14}\xf5\x12\xf0\
=\xe0+\x92\x1em:\x19\x1b>\x11\xb12\xf0%\xe0\
3\xc0\xc2\x0d\xa7\xd35\x93(]\x81\x0b%M\x1f\xd4\
\xa0\xd5z\xa1\x9b\x19\xdf\x15\xca#\xf18\xe5\xf1p\xa7\
oU\xec|\x01\x00\x10\x11\x9f\x02\xceH\x0e\xf3~I\
\xff6\xd6o\x8e\x88M(\x9f\xf4\xf7\x04V\x18TR\
\xc6s\xc0\xd7\x81\xe3\xfarl\xa9\xb5[D,M\xb9\
N\xf6`\x9a\xbdW\xa3\x0f\x9e\x02\xce\xa1t\x05\xee\x18\
\xef`\x11q p\xe2\xb8\xb3Z\xb0\xcfJ:\xa5\x86\
8\xa9\xfaR\x00\x04p\x03\xb0Eb\x98\xbb)\x8f\x02\
^\x1a\xe97T\x07\x7f\xecA\x99\xf87O\xca\xcb\x8a\
\xc7)WF\x9f\xda\xd6=\xc9\xd6m\xd5y\xf2\xfb\x02\
G\xd1\xaf\xfd\xfcmq\x0d\xa5+p\xf1X\xba\x02\x11\
\xb1\x22p\x0f\xf0\xe6A'6\x97[)[\xc43\x8f\
\xa5\xafE/\x0a\x00\x80\x88\xd8\x1a\xb8:9\xcc\x17%\
\x9d\xb0\x80<\x16\xa2\xac\xde\xff\x1b\xcaj\xfe\xcc\x05\x8a\
\xf6ZOQ\xdeD\xbe)\xe9\xe1\xa6\x93\xb1\xee\xab&\
\x96\xfd\x81\x03\xf0\xc4_\x87'\x81\xb3)\xc5\xfcoF\
\xfaM\x11q\x06\xf5\x9c\xb2\xb8\x83\xa4+j\x88\x93\xae\
7\x05\x00@D\x9c\x07\xec\x9e\x18b\x1a\xe5\xb9\xcf\xd4\
y\xc4\xde\x802\xe9\xef\x05\xac\x9c\x98\x83\x8d\xccK\x94\
#K\xff9s\xc1\x91\xf5WD\xac\x07\x1cB\xf9\x9d\
\xce>G\xde\xe6\xedW\x94\x82\xfe\x07\x92^\x98\xdf\x17\
E\xc4\xbb\x80k\xc9_\x84\xf9\x03I\x1fM\x8eQ\x9b\
\xbe\x15\x00\xabSZ\xf5K$\x86\xf9\x9e\xa4}\xabx\
\xcbP\xb6\x9a|\x0a\xd8*1f\x9b<\x01\x9c\x05\xfc\
\x14\xf8{\xe0\x7f4\x9b\xce\x88\xfc\x1c8^\xd2\xa5M\
'b\xed\x17\x11\x7f\x01|\x11x?\xed_\xd5\xff3\
\xca\x0e\x84\x0f\x00\x13\xe9\xef\x87\x8f?R\xdewN\x9d\
{\xdb]D\xbc\x81rP\xda;\x93sx\x01X_\
\xd2\xfd\xc9q\xea#\xa9W/\xca\xaa\x5c%\xbefR\
\x9e\x03\x9e\x0fLO\x8e\xd5\xa6\xd7/)\xeb\x19\x16\x9d\
\xeb\xbf\xf7DJ\xcb\xae\xe9\xfcF\xf2\xba\x9d\xd2\xa5Y\
\xa4\xe9\x9fS\xbf\xda\xf5\xa2\xac\xe2\xdf\x1d\xb8\xb1\x05?\
\xa7#yM\x05v\x9f\xc7\xdf\xe1\xc3\xc0\x7fP\xae\xa6\
m:\xc7\xac\xd7\x9f\xbc\x17Qva\xd4\x11\xf7\x7f7\
\xfds:\xe8W\xaf:\x000{\xa1\xce]\xc0\xdb\x9a\
\xce\xa5\x07\xe6[u\xbfZD\xacB\xb9?|\xd7\xba\
\x12\x1b\xa7\x87\x81\xff\x05\x9c\xa3\xbe\xfd\x02\xd8\xa8E\xc4\
\xc7)\x0bH\xd7h8\x95\x91:\x0f8H\xd2\xe3\xf3\
\xfb\x82\x88X\x8b21N\x04V\xac+\xb1\x9a=A\
Y+\xb0\x17\xf9k3\x1e\x02&Hz.9N\xad\
zW\x00\x00D\xc4\xc7\x80\x0b\x9b\xce\xa3\xc3\xae\x02N\
e\x01\xcf\xdd\xe6\x16\x11\x1f\xa1\x5c\xe9\x9by&\xc3 \
M\x02\xf6\x92\x0f\x14\x1aJ\x11\xb1\x06\xe5`\x9am\x9a\
\xcdd\xc4\x1e\xa4l?\xfb\xff#\xfd\x86\xea\xdc\x91]\
(g\xf5\xefH\xfb\x1fi\xb4\xd5\x9e\x92\xcem:\x89\
A\xebe\x01\x00\x10\x11\xbf\x04\xb6k:\x8f\x0e\x19\xd3\
\xca\xdb\xb9E\xc4[(\xfb\xf2\xf7\x1eTb\xc9\x1e\xa6\
\xac\xea\xbd\xa7\xe9D\xac>\xd5'\xe4\xcb\xe9F\xa7P\
\x94\x85p\x87k\x1cg]TG\xa7\xefKy\x0c\xe6\
\xb3HF\xeeZ`\x9b>v\x0b\xfb\x5c\x00\xbc\x83\xf2\
<\xaf\x937\x1e\xd6\xe8j\xe6\xec\xbd\x1d\xf1\xa7\xfd\x05\
\xa9.D9\x85n\xbc\xc1>\x02l.\xe9\x0fM'\
b\xf9\xaa#\xb8o\x02Vo:\x97\x11\x98\x02|F\
\xd2/\x075`u\xe1\xd8\x87(]\x81\xbf\x18\xd4\xb8\
=%\xe0]\x92nh:\x91\x0c\xbd\x9d\x1cU\xee\xa5\
>\xbd\xe9<Z\xea)\xe0\x9b\x94;\xac\xdf#\xe9\x9c\
AN\xfe\x00\x92\xfe\x1d\xd8\x90\xb26\xa0\xedU\xe6\xca\
\xc0qM'a\xb5\xf9*\xed\x9f\xfcg\x02\xc7\x02\x9b\
\x0er\xf2\x07\x904C\xd2\x05\x92v\x00\xd6\x03N\xa0\
<O\xb7\xd7:\xab\xaf\x93?\xf4\xb8\x03\x00\xb3+\xfd\
)\xe4\x9f\x0c\xd5\x15\xd7R>\x95_\xa4\x01\x9e\xbf\xbd\
 \x11\xf1\x1e\xe04\xda\x7f=\xea{$e\x1f&e\
\x0d\xeaHg\xf0V\xe0\xd3\x92&\xd7\x150\x22\x16\xa5\
\xec \xd8\x0f?:\x9d\xe5\x19`]I\x8f4\x9dH\
\x966\xff\x12\x8c\x9b\xca\x81=_i:\x8f\x86M\xa3\
,\xcc\xdbX\xd2\xd6\x92\xce\xaas\xf2\x07\x90\xf4+`\
3\xcaJ\xeb\x97\xeb\x8c=J\x9fn:\x01K7\x91\
\xf6\xbe\xef\xbdH9fx\xcb:'\x7f\x00I/J\
:O\xd2\xf6\xc0\x06\xc07(\xeb\x82\x86\xd9W\xfb<\
\xf9C\xcf;\x000{\x15\xec\x1d\xc0\xbaM\xe7R\xb3\
Y\xb7m]\xa4\x9a\xee\xe0\x1e\x89\xea\x13\xd8\xe9\xc0;\
\x9a\xcee\x1e\x1e\x96\xb4Z\xd3IX\x9e\x88\xb8\x17X\
\xab\xe9<\xe6\xe1\x1a`\x1fIw6\x9d\xc8,\x11\xb1\
\x18\xf0QJW\xa0+;%\x06\xe5^`\x03I3\
\x9aN$S\xef\x0b\x00\x80\x88\xd8\x19\x18\xf1\xd6\x99\x0e\
\x9b\x06\x9c\x0b\x9c\xa2\x16\x1f\x7f\x1b\x11\x0bSnS\xfb\
{\xdaw\x9b\xda\x06mz\x13\xb6\xc1\x89\x88\xb5\x81\xb6\
m\xf9|\x168\x128Y\xd2+M'3?\x11\xb1\
!\xa5\x10\xd8\x0bX\xa6\xe1t\xea\xf0AI?i:\
\x89lmm\x85\x0d\x94\xca5\xbe\x974\x9dG\xa2\xeb\
)\xed\xebU%\x1d\xd0\xe6\xc9\x1f@\xd2\xcb\x92\xfe\x11\
X\x93\xb2\x00i\xa0\x0b\x10\xc7i\x83\xa6\x13\xb04\x9b\
4\x9d\xc0\xab\xbc@\xf9\xd9_K\xd2Im\x9e\xfc\x01\
$\xfdZ\xd2\x81\xc0\xaa\x94\xa3\xcf'5\x9cR\xa6\xcb\
\x86a\xf2\x87!)\x00*\x07Q\x8e\xee\xed\x8b\xa7\x81\
\xef\x00\x9bIz\x97\xa43\xda\xd4\xea\x1f\x09IS%\
}\x11X\x9b\xb2[\xa0\x0d\xed\xb6u\x9aN\xc0\xd2\xb4\
\xa1\xb8\x9b\x01|\x1bX[\xd2\x175\x8f\x8b\xc5\xdaL\
\xd2tIgJ\xfas`S\xca\xef\xed\xb4\x86\xd3\x1a\
\xa4\x19\x94\xb9b(\x0cM\x01 i\x0a\xe5\xf8\xd7\xae\
\xbb\x81r\xc4\xe7\xaa\x92\xf6\x97tk\xd3\x09\x8d\x97\xa4\
\x87%\xfd-e\xf2=\x8df\x17\x0a\xba\x00\xe8\xaf\xf5\
\x1b\x8c=\x138\x83\xb2\xaa\xfc\x00\xf5\xe0\xaajI\xb7\
U\xbf\xb7\xabR:\x90\xd77\x9c\xd2 \x1c=L\x8f\
\x00\x87b\x0d\xc0,\x11\x11\x94\xd3\xbf\xb6o:\x97Q\
z\x86r\xfe\xf7)\xd5\xf9\x06\xbdV=\xab\xfd2\xf0\
\x09\xea/R\xaf\x92\xe4mP=\x14\x117Q\xff\xe2\
\xd3W\x80\x0b(\x13\xcb\x94\x9ac\xd7.\x226\xa3\xac\
\x15\xf8\x04\xb0T\xc3\xe9\x8c\xd6\x0d\xc0\x9fK\x9a\xd9t\
\x22u\x19\xaa\x02\x00 \x22\xd6\x04&\x03\xcb6\x9d\xcb\
\x08L\xa6\xac\xe4?_\xd2\xb3M'S\xb7\x88X\x1f\
8\x9a\xb2\x12\xb9\xae3\xcc\xff i\xd5\x9abYM\
\xaa\xe2\xff9`\xf1\x1a\xc3\xfe\x10\xf8\x92\xa4;j\x8c\
\xd9\x0a\x11\xb1$\xe5v\xc5\xfd\x80-\x1aNg$^\
\x00\xb6\x18\xcf1\xe8]4t\x05\x00@D\xbc\x93r\
G|\x1b\x0f\x08z\x96\xf2i\xff\xd4\xba\xf7\x02\xb7U\
Dl\x0a\x1c\x03|\xb0\xa6\x90K\x0dc\xc1\xd5gU\
\xe1\x7f_M\xe1.\x01\xfe\xc1\xbf\xbfEDlA)\
\x04v\x07\x96l8\x9dyy\x11\xd8UR\x9f\x17\x8a\
\xcf\xd3\xd0\xac\x01x5I7\x02;QZ\xebmq\
\x13\xf0Y\xca\xb3\xfd\xfd\xfc\xe61\x87\xa4[%\xed\x02\
l\x05\x5cZC\xc8?\xab!\x86\xd5\xab\x8e\x05\x80\x97\
S.\x8d\xd9\xd9\xbf\xbfsH\x9a,i_\xcaZ\x81\
\xcf\x02mz\x8c9\x03\xf8\xf00N\xfe0\xa4\x05\x00\
\x80\xa4I\x94\x22\xa0\xc9\x0b`\x9e\xa3,z\xdbR\xd2\
\x16\x92N\x91\xd4\xa6\xa2\xa4U$\xdd i'\xe0=\
\xc0\x15\x89\xa1\xbc\x10\xb0\x7f2\x17\x00^\x0b\xbcW\xd2\
\x8e\x92\xaeI\x8c\xd3i\x92\x9e\xa9\xde\xe36\xa7\x14\xf3\
\xa7S\xde\x03\x9b\xf2<\xf0\x91\xd1\x5c\xaf\xdc7C[\
\x00\x00T\xbf\xac\x1b\x03\xffZs\xe8[\x80\xcf\x01\xab\
H\xfaL\xd5\x91\xb0\x11\x92tuu\x91\xc9\xceI!\
\x5c\x00\xf4OV\x07`\x8f\xea\x88\xed\xffL\x1a\xbf\x97\
\xaab~\x1fJW\xe0\x00\xa0\xee\xb3K&Q\xb6P\
\xff\xb4\xe6\xb8\xad2\x94k\x00\xe6%\x22\xf6\xa6\x1c\xcc\
\xb1\x5cR\x88\xe7(\xab\x81O\x95\xd4\x87\xed2\xad\x10\
\x11\xd3\x80\xa5\x07<\xec\xbfH\x9a8\xe01\xadA\x11\
q-\xf0\xee\x01\x0f;\x13X\x5c\xd2K\x03\x1ew(\
E\xc4\xbb)k\x05v#o\xb1\xe6K\x94\xf5D\xff\
4L\xab\xfd\xe7\xc7\x05\xc0\xabD\xc4\x9b\x80}\x80C\
\x18\xdc=\xf6\xb7QV\xf2\x7f_\xd2\xd3\x03\x1a\xd3*\
\x111\x19\xd8|\xc0\xc3\xfeJ\xd2\xb6\x03\x1e\xd3\x1a\x94\
T(\xde'i\xed\x01\x8f9\xf4\x22b\x19\xca\x91\xc3\
\xfb\x02\x1b\x0dh\xd8\xe7(\xe70\x9c \xe9\xfe\x01\x8d\
\xd9y.\x00\xe6\xa1:\xab~7`W`\x07\xe0-\
\xa3\xf8v\x01\xb7\x03\x97\x01\x17K\xban\xf0\x19\xda,\
\x11q\x01\xe5\xdfj\x90\x1e\x95\xb4\xf2\x80\xc7\xb4\x86D\
\xc4j\xc0\x83\x09C_Z\xadI\xb1$\x11\xb15\xe5\
L\x81\x9d\x815\xc60\xc4\xed\xc0\x85\xc0w$\xfdq\
\x80\xa9\xf5\xc2\xc2M'\xd0F\x92^\xa6\x5c\xaasn\
D\xbc\x81rx\xc8\x0e\x94\x1f\xc0\x95\x81\x95\x80\x15)\
U\xe5\xd4\xea\xf5\x18\xe5\x9e\xf1_Hz\xb4\x81\xb4\x87\
U\xc6\xe5.+E\xc4R^\x90\xd9\x1bY\x0b\x00\xdb\
v\xb1P\xefT\xeb\xb4\xae\x01\x88\x88\xf5(\x85\xc0V\
\xccy\x1f^\x19X\x02x\x02x\xbcz\xfd\x16\xf8\x05\
~/^ \x17\x00\x0bP]\xd21\xb9zY\xfbd\
\x9d\xae\xb6\x0eek\xa6u_\xd6\x02\xc0\xde\x9f\xec\xd7\
&\x92\xee\x02\xeej:\x8f>\x19\xea]\x00\xd6\x0bY\
o\xc2>\x0b\xa0?\xb2:\x00.\x00\xac\xd3\x5c\x00X\
\xd7e\xb5a\xbd\x15\xb0?\xb2:\x00~\x04`\x9d\xe6\
\x02\xc0:M\xd2c\x94\xab\x91\x07\xcd\x05@\x7fd\x14\
\x003)\xcf\x9a\xcd:\xcb\x05\x80\xf5AF+\xd6\x05\
@\x0fD\xc4\xf2\xc0\xf2\x09C\xdf\xef\xfd\xff\xd6u.\
\x00\xac\x0f\x5c\x00\xd8\xfcx\x01\xa0\xd9|\xb8\x00\xb0>\
\xc8x\x16\xbbBD\xb4\xf1\xb6H\x1b\x1do\x014\x9b\
\x0f\x17\x00\xd6\x07\xde\x09`\xf3\xe3\x0e\x80\xd9|\xb8\x00\
\xb0>\xc8<\x0b\xc0\xba\xcd\x05\x80\xd9|\xb8\x00\xb0>\
\xf0V@\x9b\x1f?\x020\x9b\x0f\x17\x00\xd6y\x92\xa6\
\x02\xd3\x12\x86v\x01\xd0a\x11\xb14\xb0Z\xc2\xd0/\
\xe3-\x80\xd6\x03.\x00\xac/2Z\xb2^\x03\xd0m\
Y\x9f\xfe\xef\xaf\xee\x0b1\xeb4\x17\x00\xd6\x17\x19-\
Yw\x00\xba\xcd'\x00\x9a\xbd\x0e\x17\x00\xd6\x17\x19\x1d\
\x80\xe5\xab\xbb\xc9\xad\x9b\xbc\x00\xd0\xecu\xb8\x00\xb0\xbe\
\xf0N\x00\x9b\x9b/\x012{\x1d.\x00\xac/\xbc\x13\
\xc0\xe6\xe6G\x00f\xaf\xc3\x05\x80\xf5\x85\x0f\x03\xb2\xd9\
\x22bq`\x8d\xa4\xe1\xdd\x01\xb0^p\x01`\xbd \
\xe9q\xe0\xa9\x84\xa1\xdd\x01\xe8\xa6\xf5\x80H\x18\xf7e\
\xe0\xfe\x84q\xcdj\xe7\x02\xc0\xfa\xc4;\x01l\x96\xac\
\xf6\xbf\xb7\x00Zo\xb8\x00\xb0>\xf1\xad\x806\x8b\x17\
\x00\x9a-\x80\x0b\x00\xeb\x93\x8c7\xe7\xb7D\xc4[\x12\
\xc6\xb5\x5c\xde\x02h\xb6\x00.\x00\xacO\xbc\x10\xd0f\
q\x07\xc0l\x01\x5c\x00X\x9fx+\xa0\x11\x11\x8b\x90\
W\xb4y\x0b\xa0\xf5\x86\x0b\x00\xeb\x13\x1f\x06dP\xfe\
\xbd\x16N\x1a\xdb\x1d\x00\xeb\x0d\x17\x00\xd6\x1b\x92\x9e\x00\
\x9eL\x18\xda\x05@\xb7d\xb5\xff_\x02\x1eH\x1a\xdb\
\xacv.\x00\xaco\xbc\x15\xd0\xbc\x05\xd0l\x04\x5c\x00\
X\xdf\xf8Z`\xf3\x02@\xb3\x11p\x01`}\x93\xf1\
&\xbdlD,\x970\xae\xe5\xf0\x16@\xb3\x11p\x01\
`}\xe3\x9d\x00C,\x22\x16\x02&$\x0d\xef\x1d\x00\
\xd6+.\x00\xaco\xbc\x13`\xb8\xad\x09,\x9a4\xb6\
;\x00\xd6+.\x00\xaco\x5c\x00\x0c\xb7\xac\xf6?\xb8\
\x00\xb0\x9eq\x01`\xbd\x22\xe9\x8f\xe4l\x05\xf4B\xc0\
n\xf0\x16@\xb3\x11r\x01`}\xe4K\x81\x86WV\
\x07\xe0\xb7\x92f&\x8dm\xd6\x08\x17\x00\xd6G.\x00\
\x86\x97w\x00\x98\x8d\x90\x0b\x00\xeb\xa3\x8c\xd5\xdao\x8e\
\x88\x15\x12\xc6\xb5\x01\x89\x88\x00\xd6K\x1a\xde;\x00\xac\
w\x5c\x00X\x1fy!\xe0pz+\xb0d\xd2\xd8\xee\
\x00X\xef\xb8\x00\xb0>\xf2\xb5\xc0\xc3)k\x01 \xb8\
\x00\xb0\x1er\x01`}\xe4\x0e\xc0p\xf2\x16@\xb3Q\
p\x01`\xbd#\xe9I\xe0\x8f\x09C\xbb\x00h\xb7\xac\
\x02`\x06\xf0\xbb\xa4\xb1\xcd\x1a\xe3\x02\xc0\xfa\xca;\x01\
\x86O\xd6#\x00o\x01\xb4^r\x01`}\xe5[\x01\
\x87\x8f\xb7\x00\x9a\x8d\x82\x0b\x00\xeb\xab\x8cm[KG\
\xc4\x8a\x09\xe3\xda8E\xc4J\xc0\xb2I\xc3{\x0b\xa0\
\xf5\x92\x0b\x00\xeb+/\x04\x1c.^\x00h6J.\
\x00\xac\xaf\x5c\x00\x0c\x17\x17\x00f\xa3\xe4\x02\xc0\xfa*\
\xabm\xeb\x02\xa0\x9d2\xcf\x00\xf0#\x00\xeb%\x17\x00\
\xd6K\xd5V\xc0'\x12\x86v\x01\xd0N\x99[\x00}\
\x0b\xa0\xf5\x92\x0b\x00\xeb3\xef\x04\x18\x1eY\x1d\x80\xfb\
$\xbd\x924\xb6Y\xa3\x5c\x00X\x9fe\xb4n\xdd\x01\
h\x99\x88X\x16X9ix\xb7!\xb9\xaa\x19\x00\x00\
\x02mIDAT\xff\xad\xb7\x5c\x00X\x9fet\x00\
\x96\x8c\x88\xac\xc9\xc6\xc6\xc6\x0b\x00\xcd\xc6\xc0\x05\x80\xf5\
\x99w\x02\x0c\x07_\x02d6\x06.\x00\xac\xcf\xbc\x13\
`8dv\x00\xfc\x08\xc0zk\xe1\xa6\x130K\x94\
\xf5\xe9\xed\xe3\x11\xb1\x1c0\xf3u^\xaf,\xe0\xff\x1f\
\xe9\xd7\x8cy,IJ\xfa\xfb\xb7\x8d;\x00fc\x10\
\xc3\xf3\x1ea\xc3(\x22\xa6\x02\xcb7\x9dGCD\x8d\
\x05G\xe2\xd7,\xe8\xebN g\x11\xe0\x8b\xc0\x12\xde\
\x05`}\xe5\x0e\x80\xf5\xdd\x14\x86\xb7\x00\x08\xca\xef\xb8\
\x7f\xcf\xc7\xc6[\x00\xad\xd7\xbc\x06\xc0\xfa\xee\xce\xa6\x13\
\xb0\xce\xba\xa7\xe9\x04\xcc2\xb9\x00\xb0\xbe\x9b\xd4t\x02\
\xd6Y\xd75\x9d\x80Y&\x17\x00\xd6w\xd76\x9d\x80\
u\xd65M'`\x96\xc9\x8b\x00\xad\xd7\x22\xe2\x0d\xc0\
\x93\xc0\xd2M\xe7b\x9d\xf22\xf0fI\xcf7\x9d\x88\
Y\x16w\x00\xac\xd7\xaaE\x5cW4\x9d\x87u\xce\x0d\
\x9e\xfc\xad\xef\x5c\x00\xd80\xf8N\xd3\x09X\xe7\x9c\xda\
t\x02f\xd9\xfc\x08\xc0z/\x22\x02\xb8\x1b\x9f\xe0g\
#3\x15x\xab\xa4\x17\x9bN\xc4,\x93;\x00\xd6{\
\xd5\x89x'7\x9d\x87u\xc6w=\xf9\xdb0p\x07\
\xc0\x86BD,\x09\xdc\x01\xbc\xbd\xe9\x5c\xac\xd5\x9e\x00\
6\x90\xf4X\xd3\x89\x98es\x07\xc0\x86\x82\xa4g\x81\
}\x9a\xce\xc3Z\xef\x00O\xfe6,\x5c\x00\xd8\xd0\x90\
\xf4s\xbc\xb8\xcb\xe6\xefbI\x176\x9d\x84Y]\xfc\
\x08\xc0\x86JD,\x05\xdc\x00Lh:\x17k\x95\x07\
\x80wJz\xbc\xe9D\xcc\xea\xe2\x0e\x80\x0d\x15I\xcf\
\x00\xef\x05\xeek:\x17k\x8d\x87\x80\xf7z\xf2\xb7a\
\xe3\x02\xc0\x86\x8e\xa4\x87\x80\x1d\x81\xdf5\x9d\x8b5\xee\
Q\xca\xe4\x7fo\xd3\x89\x98\xd5\xcd\x05\x80\x0d%I\x0f\
\x00;\x00\xb75\x9d\x8b5f\x0ae\xf2\xbf\xbb\xe9D\
\xcc\x9a\xe0\x02\xc0\x86\x96\xa4\xfb\x80\xad\x80\x93\x9a\xce\xc5\
jw&\xb0\xb9\xa4_7\x9d\x88YS\xbc\x08\xd0\x0c\
\x88\x88\xbf\x02N\x01Vm:\x17K5\x158P\xd2\
\x05M'b\xd64w\x00\xcc\x00I?\x03\xd6\x02\xf6\
\xa7\xac\x08\xb7~y\x088\x18X\xc3\x93\xbfY\xe1\x0e\
\x80\xd9\x5c\x22\xe2\x8d\xc0\x1e\xc0n\xc0\xf6\xc0\x12\xcdf\
dc\xf4\x02\xf0K\xe0b\xe0\x1cI3\x1a\xce\xc7\xac\
U\x5c\x00\x98\xbd\x8e\x88X\x0c\xd8\x0ex\x1f\xe52\xa1\
\x95\xaa\xd7\x8a\xb80h\x8b\xe9\xc0c\x94\x15\xfd\x8f\x02\
\xf7\x02\xff\x01\x5c!iz\x93\x89\x99\xb5\xd9\x7f\x03\x8d\
iA\x1c4\xde\x06\xce\x00\x00\x00\x00IEND\xae\
B`\x82\
\x00\x00-\x95\
\x00\
\x02\x87\x1ex\xda\xed\x9d\x07x\x16\xc7\x9d\xff\x17\x5cp\
\x12\xc7\xd8\x89\xe3\xd8\xc6\xf4\xde\xce\xa2#!\xd4\x0b \
\x1c;9\x9f\xe3`\xc7\x95\xde\xd5\xe8 \x01\xa6\x83\x1a\
 TP\xef\x80\xa8\xa686F6\xdd`\x8c\x9dr\
I\xee\xf2\x7f\xb8\xc7\xf7\xf7s\xc9\xc5\x09\xf1?\xb1\x89\
-4\xff\xdf\xcc\xee\xec\xce\xec\xce\xee\xfb\xbe\x92\x90^\
\xbd;\xb9\xe7{\x12\xfc\x92\x07i\xe6\xfd\xec\xaf\xce\xac\
\xa2t\x82\xff\xbbtI\x81\xff\xdfK\xb9oSg\xe5\
\x11EQ\x06\x81\xe0\xaf\x94\xacN\xea\xdf\x93\xff$v\
V\xcc\xffA\x08)5G\x13\x94j\x91\x8e\xa8\xaa:\
2U\xd3\x14\xa5\xea0\xe8P\x82\xaeJNS,\xaa\
0\xeb\xe0\x14\xa5\xbc~\x92Rv\x00\xb4?N)\xd9\
\x17\xab\x14\xd7\xc6*E\xa0\xbd\xd51\xa0h\xa5\xa02\
\x06\x14\xad\xe4UD){\xca#\x95=e\x91\xca\xee\
\xd2HeWI\x84\xb2\xab8B\xd9Y\x14\xaed\x17\
\x86)\xd9\x05\x13\x95,PF\xde\x04\xa2\x1d\xb9!\xca\
\xf6\xdc`e\xeb\xee\xf1\xca\x96]\xe3\x95\xcd9\xe3\x94\
MYc\x95\x8d\x99c\x94u\xdbF(\xc55S\x95\
\x8b\x1f\xa5(\xef]^(\xd4\xf9\x0f\x93\x95C\xa7\x9e\
#\xebQsl\xaaUG\xb1\x9eb\x94\xa0\xab\xda\xc3\
\x1a\xf2\xeb\x88\x95\xe0a=\xd9\xf5KP*\xeaA\x07\
'+\xe5\xb0nf\xe1\xb5,%k\x09\xaaS\xd7\x92\
\xaeg!]\xd3*uM\xb1\xf2+\xa2\xf5u\xcd\xc5\
\x82\xb5\xdd]\xa2\xae/^\xdb\x1c\xac\xbdx}\x8d5\
\xce$k\x1c\xa2d\xec\x99@\xd6x;\xac\xf56\xbc\
\xd6\xb0\xce[v\x8e#\xda\x9c3\x16\xd6{\x0cY\xef\
\x0d\x19\xa3\xc9\x9a\xaf\xdd\x16\xa4\x9c\xb98\xdfv\xcd\xdb\
Q\xdf\x01e\x82v\xe0?_\xf9\xe5R\xe5\xcdw^\
Sf\xcc\x7f\x5cy}\xeec\xca\xcc\x05\xdd\x88$\x1f\
\x92\x0f\x97\xf1q\x0fh)\xe8\x7f@\x08tX\xf2!\
\xf9p9\x1f\xf7\x82BA+@\xff\xaeqA\x95'\
\xf9\x90|\xb8\x98\x8f(\xd0\x1fML\xb0\xca\x97|H\
>\x5c\xc8\xc7\xfd\x9a\xbf\xf8\xbb\x03\x1b\x92\x0f\xc9\x87\xdb\
\xf8\xc0\x5c\xac\xf4\xe03X\x15H>$\x1f\x01\xceG\
\x17P\x18h\xaf\x17\xfeB\xf2!\xf9p\x0b\x1f8\xef\
^\x05\xfa_\x1f\x99\x90|H>\x02\x9d\x8f\xae\xa0c\
-\xe0\x82\xaaP\xf2!\xf9\x08 >\xbaj>\xe3\xf3\
V`C\xf2!\xf9\x08$>\xe2Z\x91\x0b\xc9\x87\xe4\
\xa3\xa3\xf3q\x1f(\x1c\x94\x06z\x17\xf4u+\xb3!\
\xf9\x90|tT>\xe2\xef\x80\xaf\x90|H>::\
\x1f\x0f\x81\xd2A_\xb6\x01\x1bH\xab\x09K>$\x1f\
\xfe\xce\xc7\xb7@kA\x7fi#.$\x1f\x92\x0f\x7f\
\xe7\x033\x11\xa9\xf9\x8b\xffhc.$\x1f\x92\x0f\x7f\
\xe5\xe3\xdb\xa0u\xa0\xbf\xb6\x13\x13\x92\x0f\xc9\x87\xbf\xf2\
\xf1\x18\xe8-?\xe0B\xf2!\xf9\xf0G>N\xfa\x11\
\x1b\x92\x0f\xc9\x87\xbf\xf1\xd1\xe0g|\x14I>$\x1f\
~\xc4\xc7\x09\xc9\x87\xe4C\xf2!\xf9\x90|H>$\
\x1f\x92\x0f\xc9\x87\xe4C\xf2!\xf9p)\x1f\xc5\x92\x0f\
\xc9\x87\xe4C\xf2!\xf9\x90|H>$\x1f\x92\x0f\xc9\
\x87\xe4C\xf2!\xf9\x90|H>\xda]%\x92\x0f\xc9\
\x87\xe4C\xf2!\xf9\x90|H>$\x1f\x92\x8fVU\
\xa9\xe4C\xf2!\xf9\x90|H>$\x1f\x92\x0f\xc9\x87\
\xe4C\xf2!\xf9\x90|H>$\x1f\x92\x0f\xc9\x87\xe4\
C\xf2\xe1\xc7|\x94I>$\x1f\x92\x0f\xc9\x87\xe4C\
\xf2!\xf9\x90|H>$\x1f\x92\x0f\xc9\x87\xe4C\xf2\
!\xf9hw\x95K>$\x1f\x92\x0f\xc9\x87\xe4C\xf2\
!\xf9\x08H>\xbe\x0b\x0a\x07-\x83u,\x02U\xc1\
\xdaU\x80\xf6\xc0\x9a\xcd\x02>\x06J>$\x1f.\xe4\
\xe3\xbb\xb0\x9e\x19\xb0\x8e_\x81P%\xd1\x14N\x15X\
\x07\x13\x10\xf0\xf1>\xf01B\xf2\xd1\xea\xaa\x90|\xf8\
%\x1fOT\x1d\x9e\xfc\x1e\xe6\x82\xca\xc2\x05a\x03T\
\x8f\xbfN\x02MF\xc0C\x90\xe4C\xf2\x11\xc0|<\
\x01l\xec\x80\xb5\xfcg\x15|\xfe\x0d6\x12\xacl\x1c\
\xa2l\xc4\xa3r\xe0\xa3\x5c\xe5\xe3\xb0\xe4C\xf2\x11\xa0\
|<\x0bl\xdc\x82uDU\x87Y.\xec\xd8\x98\x0a\
\xd2\xb8P\xd9 *\xab\x9f4\xbc\x0c\xaf!\x95\xe4C\
\xf2\xd11\xf9x\x00\xd6/\x0e\xb4\x0d\xb8\xb8\x00\xebw\
\x1b\xd6O\xe83*\xb9x*A\xf5\x1b\xf5\xc0D\xfd\
$\x9d\x0b\xc2\x86\xca\xc7\xe7e\x07\xe2\x87\x82\x14*\xc9\
\x87\xe4\xa3\x83\xf1\xf1,\xac\xdd\xd7\xd5G\xa6\xa2*\x22\
\xcc\x85\x97l\x90\x5cc\x12\xef3T.T\x1d\x88\xc7\
\xfa\x9d\xe4\xa3UT)\xf9hS>\xba\x832`\xdd\
\x1a96\x0e{\x93k\xd8\xb0Qoa\x83\xa8t\x7f\
|4HQ%\xf9\x90|\xf85\x1f\x0f\x802A\xff\
\x04\x01\x13\x09\xbe\xb3\x01\xf1\x94\x17~\x03s\x81J\xf7\
\xc5\x81b/\x83\x14*\xc9\x87\xe4\xc3\xcf\xf8x\x00\x14\
\x0fk\xb5\x0d\xf4_\xb0V\xa8\xfa\x08e\xc3\x9e\x0ba\
\xfd\x16\xe7\x19\xf5\xa6<\xe3\x80\xc0g\xa8\x5c\x10\xc1\xda\
\xa1\xe2}q\xa9 \x05K\xf2!\xf9\xf0\x13>\xba\xc2\
\xf7Y5\x9a\xaf \xd2\xd9\x98\xaa\xf2a\xc95\x04~\
\xc3\xc6g\x94\x1f\xb0\x8d\xa7\xccl\xa0\x92:\xac\xd8\x87\
0\x17T\x92\x0f\xc9G;\xf2\xd1\x03\xbe\x9e\xaf\xa1\x5c\
h\xf29\x9e:hb\xa3\xde>\xd7(\xe5c*\xc2\
\x05\xc3\x06(\xe6' \x85J\xf2!\xf9h\x07>z\
\xa8>\xe3\xa9o\xcclT\x0b\xd8\xa8t\x8c\xa9\xc8\xbc\
\x88\xd1\xf3\xabw\xc85\x9c\xfd\x06f\x03\x15\xd7\xc5l\
-\x06\xbfA%\xf9\xf0IU\x92\x8f\x16\xf3\xf1\x5c\xcd\
1\xcc\xc5S\xc8\x9e\x8d\x04\xef\xf2\x0d\xda\xdb lL\
\xf2\x1cS\x99\xf3\x8d:\xcaF\x8c\xae\xa2\xba\xd8KE\
\xb5q\x0aU\xb1\xe4C\xf2q\x87\xf8\xa8?\xf1\xaf\xf0\
;N\xee\x0aL\xc4\xd7\xbd\xf9\xa3\x1d\xfb\x8e?}\xb1\
\xee\xcd\xa7\x9b\xc0w\xc0\xe7\x7f\x12\xaa<\x1c\x0fLL\
a\xf2\xf0\x04\xae\xb7Q\xe9iV\xa4^\xe3\xa2^P\
\xa3\xb2\xe4\x1aq\x8c\xcfP\xd9(f\xb8\xc0\xdf\xc3\xda\
\x81\xe2\x9a`\xfdb\xa8\xdf(\xaa\x8d\x91|H>Z\
\x9d\x8fsW\x13\x95\x13g^~\xfe\xf4\xf99\xdf\xbc\
\xff\xc1\x22t\xfej2\xd1\xb9\xabIx\x1d\x9b~q\
vF\xd3\xe1\xb7\x9f\xbf]~0\xae\x89\xf8\x8c\xa3\x09\
>\xe4\x1a\x09\xc6\xac\x88\xc6F\x99c\x1e\x1eg\x1bO\
\xa9l\x10.\x88`\xed\xc0\x87\xc4\xfc\x0d\xb8\xe8\xac\xb2\
\xa1\xf1Q#\xf9\x90|\xb4\x1e\x1f\x0d\x97\x16\xac:w\
%\xb1\x113\x81\xf9`\xd7\xf1\xec\x95\xc5\xe8\xc2\x87)\
\xe8\xe2\xb5\xd4\xa67O\xbf\xf4u\xc9\x81\xe8\xa6\xca\xc3\
\x93\xbd\xa8\xdf&\xe8}?\xd5o\xd8\xc7S\xe6<\xbc\
T\x9ckpl\x10>p\x8c\x85\x19\xa9\x8d\x9dc\xf8\
\x10\xc9\x87\xe4\xa3\xd5\xf8\xe8\x0c:\xe5\xed\x9a\x02'\xb7\
\x0f\xbd\xf5\xd3/\xe1\xf3z\xbb\xf2\xe0\x14\x87\xd9t\xef\
\xd90\xd7o\xf5:\x95\xc5o\xc4\x08\xd8\xd0\xf9\xf8L\
\xf2\xe1\xb3\xaa%\x1f\x8e|\x0c\x04}\xea\xeb\xba\x9e\x07\
F~\xf1\xfe\xcc\xaf\x80\x8f\x7f\xe2\xcf\xb6s\xae1\xc9\
\xb9F\x85\xb9\xd8/\xca5b\x05\xb9\x86*\x95\x09\x86\
\x8d\x9aX\x04< X\xc3\x5cu\x1dYI>$\x1f\
\xcd\xe6\xa3\xa89\xeb\x0a\xb1\x18\xbap-\x15A\xae\xf2\
e\xd9\x81\xb8\xafq^\xc1\xd7\xa8\xf8\x5c\xc3\x8bY\x11\
_r\x0d\xea/\x0c6\xaacX\xf5\x96|H>Z\
\x89\x8f\xcfZ\xb2\xbe\x17\xaf-\xb9}\xf0\xd4s\xb7J\
\xeb\xe3\x98<|\xb2\xb5FU\xef\xccF\xa9-\x1b1\
v\xb9\x86.\x13\x1b\x08b\xaa\xe9\x85Z\xedJ\xc6W\
\x1eU#\xf9\xb0\xe5chK\xd7\xf7\xfc\x87\xc9\xe8\x9d\
s\xb3\xbf\x81\xcf\xfbmn\xfe\xd6S\xaea\xe9m\xd8\
\xe5\x1a\xb1v\xb9\x86\xcaF\x8d\x89\x8d\x1a\xccGt\x1e\
^GV\x92\x0f\xc9G3\xf8\xc8n\x8d5\xbep-\
\xa5\xa9\xf6\xe83\x8d\xe6<\xbc\xcc\x8b\x1aU\x89\x9ek\
\xc4\xf1\x5c\xd4\xb1\xb9F\xac\x85\x0d\x0b\x17D\xd1D\xb0\
\x86\x9f\x17VE?\x04R\xa8$\x1f\x92\x8ff\xf0\xf1\
~k\xac1\xae\x05\x9flx\xb5qo]\xb4s\xae\
q\xc0\x1cOY\xfb\xe1\x96\xdam\xad\xc7\x5c\x83\xb0\xb1\
W\xe5\x82\x083RP\x15[UP\x15\xa7\x18\x92|\
H>|\xe6\xe3B\xeb\xac\xf1\x02\x04\x9f\x81\xdb{\xab\
#\x9b\xca\xf7{;+\xe2M\xed6\xd6\x1aOU\x0b\
\xe3)\x8e\x0f`\x01\x14\x87\xbf>B\xb8 \x8a\x96|\
\x88U+\xf9\xb0\xe5\xe3\x5ck\xad\xf3\xd9+\x89M5\
\x87\x7f\xd4XT\x1b\xa5\xb1\x11\xef0\x9bN\xe7oc\
\xb99*K\xaeQ\xe7E\xaeQc\xf2\x1d\x84\x8dX\
\xf8\x8a\xbf\x8f\xca*\xa8\x8aRtI>$\x1f\xed\xc4\
\xc7\xb9+I\xe8\xf8\x99\x97\x1b\x0bj\x22\x9a\x9c\xe6o\
\xf9\xd9\xf4\x18aO\xdc{6D~#\x96|-\xac\
\x8aD\xf9U\xd1_\xe7WF\xdf\x9f\x8f\x99\xa8\x94\xfe\
C\xf2\xd1~|h\xb5\xac\xa6\xfd'\x9e\xbd]X\x13\
!\x9e\x15\xa9\x8b\xe5b\xaabS\x8d\xaa\x88\xeb\xfby\
\x95\x87k>#Z\xe3\x02\x0b\x7f\x0flTF\x83\x80\
\x97\xca\x98\x93\xa0N\xea\x9a\xc6H>$\x1f\xed\xc6\x07\
\xc4X\xf8\xebm\xf8\xfdnc\x16\xccg6\x8aMs\
\xe9l<e\xf4\xc4\xedsq\xca\x06\x9f\x8b\xb3>#\
Jg\xa3@e\x03\x14\x895\xbb\xa0\x12\xc7WQ\x92\
\x0f\xc9G\xbb\xf1\xf1\xde\xa5\x05\xe8\xd2\xf5\xa5\xe8\xf0[\
\xd3n\x17\xd5D:\xb3\xc1\xc5S\x9e{\xe2\xc2\x5cC\
g#\x96\xb0\x91OD\xb9\x88\xa6l \xe0\xe13\xcc\
\x04+\xc9\x87\xe4\xc3\x0b>\xce\xb6\xf6z\xe3~!|\
\x1e\x9aJ O/\xb1\x9e\x83\x15\xb0\xd1\xb2<\x1c\xd7\
\xa9\xacl`E\x00\x17Q\x98\x0d\xaa!\x92\x0f\xc9G\
{\xf3\xa1\xce\x9c\xa4\xa0\x9a#O\x93\xcf\xbac?\xdc\
C\xae\xb1\xd7c\xae\xa1\xc6T\xf9\x95Q4\xd7 ~\
#\xbf\x22\x92c\x03\xd6\x11\xc1:n$k\xc9J\xf2\
!\xf9h\x07>\xb0\xdezo\x06\xca+\x0fE\xa5\xc2\
\xdeF\xacxVD\xd0\xdb\xd8k\xe9m\x18\xf1T\x81\
Z\xa32\xe5\x1a\x11\xac\xcf\x80\x9f\x81\xb0\x81\xf5\xdf\x92\
\x0f\xa1\xea$\x1fm\xcfG\xc3\xe5\x05\xf0\x19\x0eG\xb8\
\x1f\xc2\xf7\xc4=\xb3QX\xed9\xd7( \xf1\x94%\
\x0f\xb7c\x83j\xa4\xe4C\xf2\xe1\x0f|\x9c\xbb\x92\x88\
j\x8f>\x83\xf6TLT\xe7\xab\xbc\x9cM\xf7>\x0f\
\xa7l\xc0\xdfC|ef\xc3\xc4\x85\xaa\xb2\xa8\x93 \
\xc5\x90\xe4C\xf2\xd1N|\x5cMD\xa7\xde\x9b\x0e\x9f\
\xd5\x08T\x5c#\x9eM\x17\xf66,y8\x1bSi\
\xbd\x0d=\x0f\x8fe\xf2\x0dG\xbf\x01l\x10>\xf0\xd7\
\xbex=\xa9$\x1f\x0b\xf7I>\xda!\xbe\xba\xb4\x80\
\xe4\xe9\xf5'\x9f\x87\xcfg\x98\xd7}?k\x8d*\x86\
\xf4\xfc\xf4\x98J\xefmD\x13\xbf\xc1\xe6\xe2Z\x1en\
\xc3\x86\xaeO\x80\x89\xef\xe4R6$\x1f\xed\xcd\xc7\xcb\
\x15\x87\x12\x86V\x1c\xc4\xef\x97Lp\x0d\x1f\xea\x5c\xef\
bt\x1e\xfcHy\xfd\x14\x88\xb3\xc2\x9b\x91\x87\xc7\x19\
\xfd\xf0\xaah\xa6F\xe5\x98\x87\x9bc*\x9d\x8d\x5cC\
Y\x92\x0f]\xfb\xdb\x89\x8f\x01\xa0<\xed\x9d\x16E\x15\
\xf5\xc0\x0a\xd1d\xd7\xf0\x81st\xdc/<\xf6\xce\xcb\
\xf0\x99\x9c\xe8c\x1e\x1e\xa7}5\xd7\xa8\xa2\xbc\xc9\xc3\
\x9d\xd8\xc0\xfa\x1at\x8f\xe4\xa3]\xf8\x18\xa8\xbd\x97\x98\
y\x7f\x1e97\xf4 H!\x02F\xdc\xc0\x07\x9d9\
9\x0b~\xa4t\xff$\xf2Yw\xf2\x1b\x85\x8c\xdf(\
\xa4\xbd\x0d\x1cW\xe9\xb9F\x8c\xc5o\x08s\xf12\x9e\
\x0d\x01\x1f(\xb74\x22\x0c\xa4PI>\xee(\x1f\xdf\
\x07=\x05\x5c\x1c2\xdf\xdb\xcf\x9c\xa7k\x00&\xee*\
\xd3\xde'I\xde\x9b\xe7\x02>\xd4{\x1cR\xb4\x5c=\
\x92\xf3\x1b\xe2\xbe\x1f?G\xc5\xc6T\xe6\x5c\xc3>\x0f\
\xb7\xe3\x22\x02s\x81v\x97`E\xe6b&XI>\
Z\x9d\x8f\xef\x01\x17\x05\xf4n4\xcb\xbd\xfd\x87,g\
\xb0S\xb8\xf7J\xba\x80\x0f\x95\x91\x85\xe8\xf2\xc7KQ\
\xd9\xfe\xc9\xc0E\xac \xd7\x88\xd1s\x8dBK\xae\x11\
m\x99\x15\xb1\xcf\xc3\xa3\x9c\xd9P\xb9\xa0\xfaB\xf2q\
G\xf9\x18\x08\xbaj\xb9S\xd3|\x7f\xc7~\xee,\xdd\
\xe7\xec;\xf3\x02\xe5|\xad\xb7sY\x07N\xfc\x14>\
\xf7\x116yx\xac\xa0\xe7\x17\xd3\xd2<\xdc\x10\xcf\x06\
\x82\xb5\xc4z\x96\xac)#\x17\xf2q\xa0\x95\xf9\xc0\x5c\
\xe4\x0b\xef\x9b=\xc8\xde\x15\xa8\xb1q\xc0r\xa7\xcd\x08\
\xfe\x9dy\xee\xe0\x83\xcc\x9c\xbc?\x13\xed*\x0eAE\
Z\xdeQh\x9c\x83\xd5\xfc\x869\xd7\x884\xcf\x186\
\xc3oD\xb21\x95\x99\x8f\xdfJ>Z\x95\x8fW\xec\
\xefb\xd6\xfc\xc6!\x83\x8d\xf2\x03\xa2\xfb\x9eb\x17\x9b\
\xdf\x99\xe7\x16>\xb0p^Q\x08\x9f{Z\xa7*d\
\xd8P{\x1b\xb1\xb6\xf3\x22\xcdg#R\xc4\x06U\x94\
\xe4\xa3\xd9|<\x0cz\xaa\xeaH\xc2N\xd0\xd5*\xc2\
C\x82\xe0\x9d\xc4\xcc\xbb\xba\xf7[\xdf\x9dg\x9c\xa3#\
\xb3\xdd\x17K\xea\xf0{\xf2\x0c\xb9\x85\x8fsW\x12\xff\
\xb1\xef\xd8\xb3U;K&~cs\xd6\xcf\x92\x87{\
\xd1\x0f\xf7\x94\x87\x8b\xb9(V\xb5\xb38\xe2S\xd0c\
;\xf1\xba\x16K>\xbc\xe6\xe3H\xc2\xab\xd5\xa6\xf7\xbe\
\xd8\xb2A\xdf\x83\xb4\xdfzO\xa0\xe5\xec\xb5zN(\
\x94}\x1f\x98k\xf8\xb8\x9a\x88N\x9cy\xfd\xfe\xdd\xa5\
\x11\xb9F?<\x86\x9b1l\x95x\xaa\xc4\xa3\xcf\xa0\
l XK\xac\x93xM\xa9$\x1f\x8e|\x0c\x06\x15\
\xe8\xef~\xe1\xdeoa~\x17\xd2\x14\xb5Fup\xb2\
\xfd{^\xacl`\x9de\xdf\x07\xe6\x16>p?\xfd\
\xf4\x85y]\x0a\xab\xa3\x1f\xcd\xab\x08\xb7\x9c\x83\xb5\xcc\
QU\xf8Z\xbf\x8d\xf4\xec7\xaclP\xf5\x91|8\
\xf2\xf10\xa8\xd0xg\x98\xf8\xdd/\xfc\xdd\xfd\x82\xf7\
\xd8\x9b\xee{*\xc11\x15s_\x87z'\x01\x99\xd7\
\x1bZL\xde\x05\xa6\xca-\xf9\x07\xf8\x90'\xcb\x0eL\
Uv\x96N\xbc\xee\xe3l:\xc8s\xae\x91\xdb\x0c6\
rTU\xe4P6$\x1f\x1c\x1f\xc0\xc4s\xa0\xff\xe1\
\xde\x19v\xc89\xa6\xd2\xfb~\xfb\xedr\x8dX\x95\x0d\
\xfd\xfc\x5c4\x7fWG]\xcco\x81\x89\x07\xb8\xf7U\
\xb8\x80\x8fK\x1f\xa5\x8e;tj\x1a\xc4\xfa\xa1\x03\x0a\
*\xa3\xbejy\xae\xe1\xa3\xcf`\xd8\xc8\xe1\x14\x86\x80\
\x89\xc1\x98\x0b\xa2B\xc9\x07\xc3\x07\xce7j\xf4w\xb0\
\xeay\xb8M\xfd\xf6\x90q7\xb95\xd7P\xf3p\xf5\
^\x82x\x86\x8dX\xd1\x19\x88b\xb7\xf1q\xfe\xc3\xe4\
\xb1o\x9f\x9b\xad\xe4WD(y\xe5\x11\x07}\x98K\
o\xd5x\xca\xc2Fa\x18\x825]\x97]\x88\xd7V\
\x93;\xf8\xa8\xf7\xc4\x87V\xbfM\xb4\xbeg\xd2\xc4\x86\
\xa9~k\xe9mpl\xd0;\x09(\x1b\xf1\xe23\x10\
\xd51\x0fY\xdeU\xd1v|\xbc\xd7\xd6\xfb\x019\xc8\
\xd8\xb3W\x16+%\xb5S\xf0\xdc\xd3\x12\xcf=q\x87\
|\xa34\xc2R\xbf\x15\xb1\xb1\xcb\x96\x8d0\x9d\x0d\x95\
\x8f\xf0\xd3\x92\x0f\x01\x1f\x87\x13\xb0F\xda\xf66\x0e&\
\x181\x95\xf9}\xc4\x5co#\xc6\xf4N0\x1aS\xc5\
[\xef\xe77\xce\xcdmu\x13\x1f\xa0\xb1\x10c)\xb5\
G\xfeU\xd9]\x12\x1e\xdc\xec\x9e\xb8\x97\xb9\xc6.\xdb\
\x98*\x8c\xf5\x1b\x98\x0d\xfc\xf5\x16\xacig\xbc\xae\xac\
\x5c\xcf\x871O\xf5\x17;6*\xd8|C\xf8\x9e\x17\
\xf6\xfd\xdcjLU\xc2\xe7\x1b\x226\xb0\xbe*\xac\x8e\
\xb9\x8b{\x97K\x80\xf3q\xf9\xfa\x12\xe5\xc8[/\xc2\
\xef\x13v\x17\xb0qK\x9c\x87G\xb5N\x1en\x97o\
\xec\xd5}\x86\xa1\x82\x89X\xb3]\xc6\xc7AO|0\
g6\x22@\x8d\x96\xbe\x9f\xc6F\xd9~3\x17qZ\
\x8d\x8a\xb2\x11\xabqa\xca7\xd8ss\xa6\xb3\x0f\xda\
\x0c\xeb\xcf\xb8w\xb9\x048\x1f\xe7\xaf&)\xa7\xcf\xcf\
Qr\xcb\xc2\xf1\xef7\xd5\xfb\xb9tk\xae!bc\
\xa7c\xbeA\xf2p\xc6g`.\xc2(\x1bX_\x80\
\x06K>\x0c>Lg`3D\xbd\x8dr\x9b\xde\x06\
\xff\xce\xbch\xfd\x8eYrWG\x9d\x0d\x1b\xa6;\x08\
\x0a\xabb\x0e\x17T\xc5*\x86\x02\x9b\x0f\xfco_\xbc\
\x96B\x9e\x03\xda]\x22{=\xf6\xfd\x04>\xc3\xa1'\
n\xcfF\xa1\xc9o\x18\x5c0\x0a\xfbw5\xf7P\x95\
U\x10\x1a\xc8|\x1c\xf2\xc8\x87~\xf6\x95\xe8\xfb\xfa;\
\x89\xed\xe6\xa8\xb8\xdeF<\xdf\xdb w\xd8\xc4\xabl\
\xd4\xd9\xfb\x0d\xd3\x0c\xebM\xe3=\x15\xc6\xbb*\x02\x99\
\x8f\xcb\x1f/U\x8ak'\xc3\xef\x87\x7f\xc7\xa8\xee\x1e\
g\xd3K}g#\xc7\x91\x8d0;6\xc8W`\x22\
\x12sA\xe5j>\xe8\xd9\xd7\x83T\x93\xcbi\xae\xe1\
T\xc3\xb5\xdc\xd3O\xef\x064\xdd\x99\xe9tf\xce8\
c\x1d\xf54\xe1\x02\x94\xef\x02>p\x8e^Y\xff\x0c\
9\xdb\xaa\xdd\xb5s\xf8\xce\xe4\xe1lL\x15\xee\xc9o\
\x00\x17\x84\x0d\xacK\x92\x0f\x83\x0f\xe0\x80\xd5\x83\xa0?\
\x8b\xeb\xb7\xec\x9d\xcb\xfc\xdd\x80\x96\xfb\xf9kb\x85\xf7\
\xf2\x17V\xf3\xf7\xf1k\xf3y\x7f\x04&z\x140\xef\
\xa9h\x03>\x1a\xda\x8b\x0f\x5c\xe3=t\xea\x05%g\
o(\xbd'\xe1\x07\xa0\xbf\xb6no#\x8c\xc9\xc3\xc3\
D\xb9\x86\x89\x8dPU\xf9\x13\x10\xf0\x80`M\x83\xe9\
\xda\xear1\x1f\xdc\xd9\xbe\xfaI{\xec\xeb\xb7\xf1L\
\xfd6\xce\xa8\xdf\xb2w\x02\xd6\xc4\x0a}F\xa1\xe63\
\x8c\xf3\xd5\xd1\xec\xfc\xd1\xf9|`BU`\xf3\xf1\xfe\
\xe5E\xca\xc93\xaf+\x19\x05\xc1\x0as\x97H\x91\xd7\
\xf1\x94Ol8\xfb\x0c\x8e\x8d<\x9d\x0d\xac,\xc9\x07\
\xc3\x07\xcb\xc8\x81I\xd3\x0d\xbf\xc1\xd6o\xe3\x99\xf7\xbb\
\xd8\xf4\xfdl\xd8\xc0\xca\xd7\xdf\xfdE\xef\xe5\x88\xd5\xee\
q\xa23\x161\xc3\xe8\x1d\xe3\x81\xce\xc7\x89w_S\
2y>\xe647\xd7\xf0\x9c\x87\x879\xe5\x1a\x226\
\xb0>&1\x15\xab\xc0\xe3\xe3\xb0\xf7|\xc4\xb3\xeam\
e\xc3\xe8\xfb\x95\xd0\x5c\xbc\x8eg\x83\xbd\xf7\xcc|\x07\
\x01\xbd\x7f\xc08Gj\xbd\xff/\xaf<\xea(H\xc9\
+\x8f\xe2\xee\x89\x0dh>\x8c{D\x06\xb6<\x0f\x17\
\xf56\xecb*\x86\x8d\xfcP3\x1b\xa0\x10\xfc\xf5\xe1\
\x00\xf7\x1f>\xf1\xc1\x9e\xed\x03\xe5\x96p\xef!\xb6{\
\x1f\x98co\x83yWE\x8cvN\xce\xb8\xcbI\xf5\
\x1b\x96\xbb8\x9e4\xdf\xa3\x1c\xc8|\x98\xeeI(k\
Q<\xb5\xd7\x9b\x5cc\xa2%\xd7\xc84q\x91\xa9\xb2\
\x01\x0a=\x0f\xba\x07\xe4n>\xeaU>\xf0yWV\
\x90o|&\xae\xdf\xc6x\xdb\xdb\xe0\xefU\x16\xdcq\
f\x99\xaf(\x8b\xdc\xcc\xde\x11\xeb2>\xb0>oy\
\xae\x11\xe6k\xaeA\x94\xa9\xb3\x11\xaaj\x0f|\xbf'\
x%HQ\x05k\x8c\xe5f>\xc8\xb9\xd7X\xaa9\
\x8e\xf5\xdb\x1a\xe7\xdeF>\xc7F\xac\xfe\xde/\xdb3\
rj\x1f\xe0\xbc\xdb\xf80\xdd\x93\x90\xda\xa2Y\x11o\
jT\x026T\xbf1\xc1\xc4F\x08\xda\xb1'\xe4o\
\xdb\xf7L\xe8\xb4\x1d\xfb\x0e\x22\xb7\xf3\x11\xab0\xe7_\
;\x83\xbe\xd0\xe7El\xd8\xd8k\xba_\x19\xb3\x92\xaf\
\xf56\x0c6by\xbfa\x99Y\xd5\xe7\x8e\x1a!W\
\xbd\x8f\xbd#\xd6e|t\x01\xfd\xd3\xebs\x1b\xad\x92\
kL\xe0\xfd\x06\xfe;\x95\x0d\x04L\x80Bfm\xd7\
|\xc7\x8e=\xc1\xae\xe7\xa3\x88(\x8e*\xcd)\xdf\xb0\
\xd4p\xabT6\x0a\xb5\x5c\x5ct_\x8d\x85\x8d2c\
&O\xab\xff/q1\x1fX[=\xc6TE\xcd\xeb\
md\xd9\xb2\xa1\xf9\x8e=<\x1b;r\x83\xb1>\x03\
)T\xae\xe7\xa3\x96\xd3=\xa0\x8b\xe6\xbe_\xa1\xe9^\
~\xf6\x8e\xcc\x02\xee\xfe\x01\xe3\x1e~Og\xaa\x99\xfa\
\xffW\xf0\xb9\x19a\xbe\xdf/\x90\xf9\xd0\xef\x10Qu\
\x1f\xe8\x9a\xe7\x9e_\x98\x87<|\xa2\xb9\xe7g\xaaO\
\x85\x18\x7f\xd6\xb8\xd0\xd9\xc8\x0d\xa1l\xc0\xf7X!S\
\xb6\xe7\xaa\xb1\x95\xe4\xc3\xa2\x1f\x8a\xea\xb7\xe6\xbb\x00U\
F\xa2lz\x1b\xd1\xb6g\x1c\xd8\xbe\xf1n\xa3\xc6\xf9\
\xa9\xbb\xf80\xee\x10\xd1\xd4\xd3\x87\xb9t{\x9fQ\x10\
j\x93k\xb0\xf1\x94\x91oh\xf1\x14\xc3\x86\xca\xca\xb6\
\xdd\xc1\xa5 \xc5\xd0\xf8@\xe0\xe3H+\xf1\xa1\x00\x1b\
\xbf\xb4\xefm\xc4\x19\xbd\x0d\xee\xddFvg\xab\xa3\x84\
l\x98g\xb8\xe1s\xf34\x17w\xb8\x8b\x0f|W\xc2\
\xef\xecs\x0d/\xd8\xc8\x0fu\x88\xa7lr\x0d\xcdo\
lg\xd8\xc0\xdf\x03\x0f\x9fb&X\xb9\x99\x8f\xbd5\
\xb1\x0a\x7f\xb6/&[T\xc3U\xd9\x883\xb1\xe1T\
\xc3\xb5;\xffca\x03\xeb7n\xe2\x83\xbbCD\xd5\
\x1e=\xd7\xe0\xcem\x84y\xcdF\xa6S\xae\x917\x81\
\xf1\x1b\xe6\x98J\xf7\x1b\x98\x0d\x22X\xdb\x11x}u\
\xb9\x9c\x0fz\xaeO\xd3\x84\xc2\x9ahA\xdf/\x9aa\
\x83\x7f\xff\xb6\xa0\xb7a\xe5B\x9f\xc3\x8b\x10\xf6\x8b!\
\x0e_\xcb\xc5\xe6\x81\xce\x07\xbdCDU\x84\xf7=\xbf\
\x89\x5c\x0e\x9e)\xcc5B\xc4\xb9\x06\xf1\x1b\x5c\xaea\
\xe6\x02\x01\x0bX\xbf\x07=\x88\xb9\xa0\xea\xe0|\x1cm\
v|Uc\xdc)\xc2\xe8\x8a\xb5\xefg3+\x22\xac\
QY\xcf7\x08|\x86\xa8'\xf6\x08\x1bw\x04:\x1f\
\xdc=\x09\x85\xe1\xbf\xf6a.\xdd\xa1v\x8b\xbf\x9f(\
\xc85&X|\x86\xca\x07\xc3\x86\xc1\x07\xda\xb2+\xb8\
\x02\xa4\xe8\x92|(\x90wS\xc5\x19\xf5\xdbh\x86\x8d\
\x18/\xd8\x88\x12\x9e\x8b\xb3\xb0!\x9e1\x9a\xc6\xc6\x1d\
\xee\xe0#\x82\xea\xc7N=\xf1,\xd3\x8c\xa1olX\
jT4\xd70\xfb\x0d\xca\x06\x08\x7f\x1d\xf7\x03\x90B\
\xd4\xb1\xf98\xd6R>pl\xc5\x9f\x7f\x8d\xfdOZ\
\xa7\x12\xf66\xca\xbd\xf1\x1b\x11b6Jl\xe7\xef2\
]\xc5GA\xb8\xc2\x9eq\x85\xdf\xf5\xd3\x96\xcf\x8b8\
\xe5\x1a\xde\xb21\x0e\x01\x0bX\x99\x94\x0b\xc9\x07s\xee\
U\xd54\xfene\x1f\xf3\x0d\xdf\xd9\xc0\xb9\xe9u|\
\xa7\x1f\x95;\xf8\xe0\xee\x11\x99n\xf5\x1ba\x1e\xf3\xf0\
LS\xcfO\xdc\xdb\xb0\xe6\xe1\xdb\xec\xfc\xc6N\x9d\x8f\
o6\xef\x1c\xf7\xad\xcd\x98\x0b\xc9\x87~g\x02U~\
e\xf4~\xa3~\x1b\xe5\xf0\x9eH\xe7\xfb\xfe<r\xc1\
\xd6m\x0a\xc2\x9ea\x9e\xa7n\xe3\x03\xebM.\x0f\xf7\
\xaa\xefg\xed\x87\x8b\xea\xb7\x94\x0dk\xaeA\xa5s\x81\
6S\xe5\x8c;\xb19\x07\xaf3\xac7\xf9\xeav>\
\xa2X\xdd\x0d\x5c|-\xee\xfby\xdd\xdb\xf0\xcc\x06_\
\xb7\xf9\x1a\xf4-\xf3\xdd3\x81\xcf\x87\x1eg\xdd\x07\xbf\
o\xa3\xa7x*C<ch\xca\xc3\x83\xbd\xc8\xc3m\
\xd8\xc8\x81\xbf\x03\xc1\xfa\x82\xc6\x8c\x02)Tt\xbd;\
\x10\x1fo\xb6\x16\x1f\xf4\x5c\x1f\xa3\xf7\xc4\xf3\xb7Q\x0e\
5\x5ckL\xe5\x91\x0d\xben\xb3\xccM|dY\x14\
z\xc1\xb7\xd9t#\x17\xa7l\xec\x10\xe4\x1a\xe6xj\
\xab\x91\x87sll\xd1\xd9\x18\x8b6e\x8f\xc1J\xda\
\x94\x0d~\x83J\xf2\xc1j\x83Ww);\xb0\xb1K\
\x9ck8\x9c\x9b\x0e\xbb\x09\xead\xdc\xcd\xd4\x22>\xce\
\xf8?\x1f\xa1fm\xf1%\x0f7\xf76l\xd9\xd8m\
\xce5\xb8\x5c\x5c\xe5#g\x1c\xc3\xc6h\x8d\x8fqu\
\x9b\xb2\xc7+\xba\x5c\xce\x07w\xae\xaf<r\x98c\xae\
\xe1eo\xc3\xf6n?S=3\x8b*?\xb4\x12\xe2\
n\x85*3\xa0\xf9P\xef.d\x14\x94!>\x07+\
\xc85\x8c\xd9\x10\xdfr\x8d\xf1\xa2\x5c\x83H\xf3\x19 \
\xcc\x08\xfc9k\xec? \xe7\xe8\x85\xf3\x0eU\xa3%\
\x1f\xbc\xea\xedr\x0d\xdfjTf6<\xce\xa1\x0e2\
\xdf\xad\x11\xc8|\x98~\xd7\xe3\x82s\xb0\xb6\xb9\xc6\x0e\
/r\x8d\xad\x0ey\xb8\x1aS\x8d\xd3|\x86\xc6\x85\xca\
\x06h4\xd6\xc5\x8d8/\xd7rs\xd7\xf3A\xee3\
\xd35XX\xbf-i=6\xf4\x1a?_\xab\x99\xe7\
b>\x82|\xcf5Bl\xe3)Ao\x83\xcb7\x88\
\xdf\xc8\xa1~\x83gc#V\xe6\x18\xac\x11\x94\x0d\xc9\
\x87Eg\x9a\xcfF8s\xb7_\x84\xa0G\x1cFc\
*\xf3<Q\x09\x7f\xf7\x8c\x1b\xf80~_`\xe3\xbc\
\xca\xc6D\xae\xb7!\xce5lg\xa9\xb4<\xdc\xd2\xdb\
`\xd8\x18\xcb\xc4T&\xbf\x91\xad\xb3\x816d\x8d9\
\xb1\x01sA\xe5r>ry\x05{\xbc\xef\xcf\xa1\x86\
+\x9eI\x0d\xe3f'\xac\xb3v\x13>U\xef\xd40\
\xe4\x0e\xff\xa1\xff\xbe\x11>\xce\xa6;\xe7\xe1\xbbl\xfc\
\x86\x91\x87;\xb1\x816\xe0\xaf\x19\xa3{a.\xa8:\
\x08\x1f\xc7\xef\x18\x1f\xc6\xbdMX\x19-\xe8\xfbyy\
\xee\xcd2\x7f\x9a\xb8\x83\x9c\x87\xd6\xe4\x06>\xf6\xb0\x0a\
\xd9\x95a\xca\xc3\xbd\x98\xbf\xe5s\xf1\x9d\xe6\xde\xc68\
\x92k\x18~\x83\xe6\x1b\x98\x8b1\xe6\x98\x0a\xb8\x18\x8d\
\xb9\xa0\xba\x0e\xba[\xf2\xa1\x9d\x09\xb7\xdeK\xf3W\xaf\
z\x1b\xce\xf5[\x9bY;\x1ao\x1b3v\xda\xf3\xb2\
\x97q\xe638\xe0\xf9P\x9f\x05\x13t\xc1\x1a|&\
\x9e\x15\xf1=\xd70\xd8\xb0\xd4\xa8h\x1e\xaes\xa1\xfb\
\x8d\x0c\x8e\x0f\xf4\xc6\x8e\xd1\xf1 \x05k\xedV\xc9\x87\
\xe9\xfc\xeb\xa1\x16\xf66\x0c\xbf!\xec\x0b\x1bl\xa83\
D\xe43Q\xce\xdf\x1b\x10\xe8|h\xf7\xeb\x18\x9a\xe9\
1\xd7\xd8\xed8G\xa5\xd5\xa9\xb4\x1a\x95\x1d\x1bL<\
\xb51\xcb\x96\x0d\xd0\xc8u \x05k\xed\xd6']\xcf\
\x87\xe9\xce\x8d%\x1e\xfb\x1b\x84\x8d\x08!\x1b\xd9\xc2\x5c\
\x839\x0b\xba'\xd44_7\x9e~&\x1ef}H\
@\xf3\x91\x1b\xa2\xb0\xcf\x03X\x83N\xf0\xf5\x96\x97\xe7\
6\x1c{\xe2|\x1e>\x9eg#\x8b\xf1\x19\xf6l`\
\xbd\xb3\x1e\xd8\xc0J\x07>\xd6m\x0fR\x1a.-\xf0\
g>N\xdcq>\x8au\xf5\x00}\xe3\x5c\xbf\x0d\xb3\
\xe9\xfb\x89\xeee\xe2\xfb^l\x0ej\x8a\xb1\xcf\x81\xee\
\xd1\xcfD\x078\x1f4\x8edT\xd2\xfc\x5c\xc3\xb9F\
\xc5\xe7\x1a\x96|C\xe3b\x14e\x03\xad\xdf>\xf2\x1b\
\xd0(\x10\x89\xafVo\x1c\xae\x9c\xbe0\xcf\xd5|\x98\
\xee\xa5\xd9ba\xa3\x90\xad\xdf\xda\xf56B\xb9<\xdc\
\xa8\xedO\xb4\xf8\x8c\x1d:\x1b\xdc\xe7a\x05w\xe63\
\xa0\xf9\x08Q\xf8{D\x82\xe3=\x9egr\xcc5F\
[\xf3\xf0l\x13\x1b\xce>Ce\x83\xf01\x0a\xeb\xbf\
A\x0a\xd6\xd2\xf4\x81\xca\xf1\xd3\xaf\xb9\x9b\x0f\xfe\xce\x8d\
\x87\xbc\xebm\x84\xd9\xf5\xfd4\xbfa\xb0Ak4<\
\x1b\xc1\xe6\xcf\xc3\xdf\xb6\xee\xc2\xf71\xa9\xf2\x92\x8fw\
;6\x1f\xfa=\x22\xdf\xf6%\x9eRc*A\xae\x91\
m\xc4Sz.N\xe3)O~\xc3`\x03\xfb\x10\xd0\
\x88\x9f\x80\x94\x15\xeb\x07)\xfb\x8e=O\xde\x07\xe4\xa7\
|\x9cl\x0b>Lwn\x14\xf1\xbd\x0d\x076L\xf9\
\x86h^\x82\xf6\xbcTM\xd0}\x87\xe0\xb30j\x8b\
\xe6;\xdc\xc0\x07w\x8f\xc8\xee\xf1\x95\xde\xb1a\x9e\xbf\
e\xe7E|\xf1\x1b\xa3\x0c.\xacl X\xef\xdf\xe0\
5_\xb3i\xb8RR\xfb#X\xf7d\x97\xf3\x11\xc6\
\xaa;W\xa7\xf2pO\xb2\xf8\xbc\x1b\xcb\x06\xedyM\
\xd0{]65\x99d\xfe\xbcg\x00\xf3\xa1\xdd]\xc8\
\xa8\xaf\xb7y\xb8\xc1\x86\x96\x87s\xf9\xc6\x98\xe6\xc6T\
\x9a\x08\x1bT\x91k\xb7\x06)\xbb\x8a\xa2\xe1\xf3\xb7\xcc\
\xf5|d\x17rZ$\x9e3\x0c\x15\xf6\xfd\xf8Y\xa2\
`=\xdf\xd8NjT\xc2|C4k\xfa\x01f\x82\
U\xa0\xf3\xb1\x85W\x0aac\xe78_\xe6o\x99\xde\
\xc6h&\x0f\x1f\xe39\x9eR\xf3q\xd6gpZ\xbb\
m\xc4\xa7\xa0\x1f\xc2\xbf\xa3|\xf0\xc9R\xc9G\x81Y\
\x13\xcfZ\xea\xb7\xc2\xfb\xfchoc\x02a\xc3\xb8S\
c\xbc\xb8fi7\x87\xad>\x1b#\xf19O*w\
\xf01\x8e\xd5e\xd1\xfc\xadqf\xc3\x9a\x87[gE\
|\xce5x6\xe0\xcfk\xb1\xb6\x05a\x1d\xc7u^\
\xdc\x03\xb9\xf0a\x92?\xf2q\xaa\xed\xf8\xb0\x9c\x97\x9e\
h\xee\xfb\xd9\xf6646vp\xf1T\x88M.\x1e\
l\xc7\x06~6^\xe4\xce\xb3e\xbb\x80\x0f\xfe\x1e\x91\
h\xf1l\xba8\xd7\xd8\x94\xd5\x126F\x89\xfd\x86\xc1\
\x06\xd1\xeaM\xc3\x1e<\xf6\xf6+\xca\x15\xd5\x87H>\
x\xfd\x89\xedo\x08\xefG\xde\x13j\xb0Af\xb3\xc7\
{`#X\x10W\x8fc\xeb\xf7#\xb0OW\xe5:\
>\xf0}\x22\xffK\xf3\xf0-\xde\xcd\xa6\xabu\xaa;\
\xc0\x06\xd6\x8a\x0dC\x7f\x5cY\xff\x13\xe5\xc3_\xaf\x90\
|X\xcf\x84\xee\xb0\x9d1\xd4\xfb~\xc1\xda\x8c\x1d\x8d\
\xa9\x82E\xf5[\xae\x96\xcf\xd5\xf0iLM\xf6\x9d\xec\
\xfd\x7f\xc0~?\xc8\x9e\xd9\x09d>6\xef\xe4s.\
P\x865\xd7\xa0k3\xc6\x9ak\x98\xd8P\xb9\x18\xed\
\x90k\x8c\x14\xe5\x1a\x166\xd2\xb7\xaaZ\xb9aXm\
F^\xb8r\xf1Z\xb2\xf2\xfe\x07\x8b\x5c\xcc\x87v'\
\x15>\xf3J\x957ad\xa6\xc3\x1cU\x86\xa5\xef7\
\xc1\x86\x0dS=\x86\xb0\xc1\xc6\xd4\xe3\x8d\xfa\xa4\xfaL\
\xac`\xcf\xeb\x04\xba\xff`s\xae\xcd9c\xc6\x08\xfb\
\xe1\xd9\xb6s\xe9^\xb01\xca>\x0f\x17\xf8\x8c\xf4\xad\
#t\xad\xd9\xfcd\xe3\xaa\x0d\xc3\xee=\xf1\xeet\xe5\
\xf2\xc7KN\xba\x9d\x0f\xcc\x85\xe9\xbc\xdbM\xcb\x9d\xfa\
\x82\xf3<\xecY\x05\xab\xdf\xe0k\xf8\x9b\xb9\xf3\x9e\xe3\
\xf5\xfd7\xed\xfd\xb7\xe9y\x1d\x1b>N\x07\x0c\x1f$\
\xd7\x1aCs\xaeN\xa0/t6\xb2\x05g62[\
)\x9e\xda\xe6\xcc\x06\xd1\x96'Q\xea\x9a~\xa9\xb5G\
\x9e\xc31\xd6[~\xc6\xc7[~\xc0\xc7\x0a\xbe\xb7\x11\
l\xd3\xf7\xf3\x22\xa6\xda\xc9\xce\xd2\xf1st4\x9ef\
\xea\xf6\x93\xd8\xb3\x08\x81\xcf\xc7X\xc5\xc8\xbb\xc6\xafq\
\x9cM7\xb1\xa1\xf21\x8a\xefml\xe7\xebTf6\
\xd6\x09\xd90\xf1\xb1%\x88\xf0\x91\xb2\xba\xef\x9f\x0b*\
&)W\x7f\xb5\xbcB\xf21A?\xf3\xaa\xe9n\xed\
=\xda\xa4\xaf\xc1\xdeo\xa92\xe1S\xfd\xd6\x88\xa9\xb5\
xz\xa3\x16O\x9b\x9f\x89\xb0\xdf% \x05\x0b\xf7\xa9\
0\x1f\x17\x02\x9d\x0f|\x87\x08\xf1#c\xee\x85\xef/\
\x1a\xcf\x8d\xd1\xc2\x5c\xc3\xbe\x1fn\x1fS9\xe5\x1af\
.\xa8V\xac\x1f\x8c\xff\x9d\xf5\xef^\x98\x97{\xf6\xca\
b\xc9\x87~\xde-\x84\xea\xe1\x0c\xcb\x1d~v\xbd\x8d\
`\xe1\x9d}\x9b\xd9:\x0c\x8d\xa7\xd89!K\x8e9\
\xf2\xd6\xfa\x1d#:\x81\xc8Y\x84\xa2\xea\x04\xe5\xd2G\
\xa9\x81\xc9G\x8e\xc1\xc7FC\x8fr\xf1T\x96/\xb9\
\x86C}\xca\xc2\x865\x9e2k\xcd\xa6\x7fAK\xd2\
\x06\xa2\xfa\xe3/\xa0\x0b\xd7\x92%\x1f\xdcy7\xaa\x09\
\x15\xdb=\xb0!\xeaml\xd9\xc9\xfa\x8d\xf1ZL\xa5\
\xcdBdX\xf3L\xba\xe7\xda~\xcf^\x0f\xfec\xdd\
\xf6\x91\xf0sFa\xff\x1e\xf8|dr\xaa\xde\xe8E\
?\x5c\xd4\xf7\xf3.\xd7\x08\xf2\xc8F\xdaf\x95\x8f\xa5\
\xe9\x83$\x1f&>\xb6\xe7\x86hgz\x88\xfa\xec0\
\xcd\x18\xfa\xd6\xdb\xc0\x5c\x8c\xb3\xe6\x1a\x99\xe2\xf9 -\
F\xf8\x8c\xceZo\xdb\x19\xe2\x1e>\x0c\x1f\xd2_<\
G\xe5\xcc\x868\x17\x0f\xf2\x90\x8b\x07y\xe4\xe3\xe0\x89\
\x17\xfd\x8d\x8f_\xb4\xab\xff\xe0\xce\xba\x91\xb3<\xbfw\
dc\x97\x80\x8d\x9c\xd1ZL5\x8e\xab\xc38\xb2\xc1\
\xd7$\x9f\xc5\xb3\xd6\x1b2F\x919Rf\xd6: \
\xf9\xe0\xee\xd9!\x1a\xfd\x0b\xefg\x0c=\xce\x8b\xf8\xcc\
\x06\xe5cI:\xc4W\x92\x0f\x93\xff\x086\x9f\xe5Y\
\xed\xd4\xdb\x10\xcf\xd21=_\xbd\xaf\xe5\x90_j\xb9\
\xe5\xbamz\x8c\xf0gPo\xd8#\xe5\xf8\xbb\xaf+\
\x97?\xd6s\x90w\x02\x92\x0f\xe6\x8e\x1dM\x8f\x83\xbe\
p\xce\xc3Gy\x95\x87[b\xaa-A\xb6L\xb0l\
\xac\xda8\x1c\xa5\xa6\x0d\x90\xfeC\xc8\x07wN\xa1\xb7\
\xf7\xbd\x0dS\xfdV0wmec\xb4u\xaf\xd5\xe7\
\xdf\xe5\x15\x1b\x86*e\xfb\x9eV\xae\xa9s\x0e\x01\xcd\
\x07\xbdC\x84Q\xb9\xcf\xf1\x94\xb0F\xe5\x9c\x8b\x9b\xd9\
\xc0ZM\xf9X\xd3\x0f\xf8xA\xf2!\xe2\x83?\xab\
\xf0;\x9fz\x1b\xd9\x8c\xdf\xb0a\xe3\x0d\x9b\xba\x0b[\
oY\xb5q\xc8c9{#\x94\xcb\xd7S\xf1\x9c\x83\
\x0b\xf8\x18\xc5h\xe4B\x9e\x8d\x96\xf5\xc4=\xc5S\xc4\
ohl\xac\xde4\x1c\xad\xda0\xd4_\xf9x\xdb\x7f\
\xf8\xd0\xcf\xbf\xfe\x9b\xc8ol\xd1k\xb8\xfc\xbc\xc8\xa6\
\xac\xd1\x9e\xfd\x86\xce\x879>0\xf6w\xcd\xe6\xe1/\
B\x5c\xc6\xceZ\x078\x1f#Y\x0dk\xae\xdfh\x19\
\x1b\xa0\x8d\xc34>\xfa\xa3\xfa\xe3/J>\x04|\x08\
\xe6Lk\xf9|\x83\xed\xfb\xb15*\xbb|\xc3\x1a?\
;\xd5\x22\xf1\x9e\xa6m\x09:\xb2t\xed \xe5\xc0\x9b\
\xd3\x94\xab\xbfZ\x16\xd8\xf9\x07\xf0A\xee\xd9\xd9\xcei\
\x9f\xef\xb3\x22\xce\xb9\x86\x85\x0b\xca\x04\xe1b8a\x03\
k\xe5\x1b\xc3P\xd2\xaa~\xe8\xc0q\xe9?\x9c\xf8\xd8\
l\xa83\xe8\xef\xc6\xd9\x9d\xb1|\xfd\xd6f\x86\x8eg\
c\x94\x96o\x8c\xb4\xc6T\xa2g\x1f\xeco\xca\xea\xbe\
\x0f\xef.\x8e!\xeb\xe1\x0e>F\xb1\xba\x1b\xf4\xff\xbc\
\xf7\x19\xde\xf56\xcc\xb9\x06\xf5\x19T\xab6\x0cG\xcb\
\xd6\x0dA\x89+\xfb\xfac\xff\xc3o\xf8 \xef9\xc5\
\xefr\xdc\xa9+\xcdsoc\x8cCoc\xb4\xa5\x8f\
\xc5\xee3\xbf\xbf\xea\xb3o\xf9\xbaA\xd9\x9b\xb3\xc7)\
g!\xff8w5\xd1%|\x8c`\x95\xdeZ=q\
o\xd9X\xb1~(\xac\xfb\x10\x94\xb4\xb2\x0f\xaa\x7fs\
\x9a\xbf\xf1\xf1\x8e_\xf9\x0f\xd8CF\xdf\x016n\x8b\
\xe6\xaf\xad\xbd\x8dQ\xc2\xde\x86sLe\x8d\x97\xd7l\
\x1c\x8eg\xad\xbb\x9c<Cf\xadO\x07<\x1f\x90\x9b\
\xaf\xdf6\x82\xccgj\xfa.\xa8\xf1N\xe6\x1a\xaa\x86\
kl\x0c\xd3\xf8\x18\x8c\x92\x96\xf7\x96|x\xe0\x83\x9f\
1%\xdaE\xfc\x06e#\xc3:\x0b\xa1\xf2\xe1\xcc\xc6\
:\x87\x98\xca\xbc\xaf\xc9\xab\xfa-\xc1\xb3\xd6\xd7~\xbd\
\xe2\x8c\x0b\xf9\xc0\xda}G\xd8\xd84\x5c\xc8\xc6\x8a\xf5\
C\xd0\xf2\xf4Ah\xd1\xd2\xde\x08r?t\xf1#\xc9\
\x87#\x1fY\x9c\xee\x87\x98\xea\x8f\xdcy6\xdb\xde\x86\
u6h\xadSLe\xb3\xaf)\xab\xfb}\x99U\x10\
\xd1\xef\xd2\xc7\xa9{\xdc\xc2\xc7Z^\xf7\xc3Z\xfd\xb1\
5\xfa~\xe6<\x1c|3\xc9\xc5U.@\x10W-\
_;\x98\xcc&.\x5c\xda\x0b\xed\x97|x\xc1\x87e\
\x86.\xc7|'\xb8\xe0^W\x9b\xdeF\x90Ol\xe0\
\xfd\x5c\x0e\xfb\xb6j\xc3\xd0\x0fO5\xcc8\x099\x88\
\x8b\xf8\x08b\x95c\xeb7|\xca5\x86s1\x95\xe1\
30\x1b\x83\xc1o\x0c&sW\xa9\xc0\xc7\x82%\xbd\
\xd1\xfec\x92\x8ff\xf0\xf1\x92\x95\x8d\x91>\xf56\xf8\
\x98\xca~\x06H\xed\xe5\xd2^U\xbb\xd4\xe2\xfd\x85\x8f\
\x97Z\x9c\x873\xf9\x06\x8e\xa7\x0c\xbf1\x84aC\xe5\
#e\xcd 4?U\xf2\xe1-\x1f\xa6\xf9\xa0n\xa2\
\xd9R\xbe\x86\xeb\xe9\xdc\x9au\x7f\x85\xfbJ\xf6r\x08\
\xf01\xc0\xed|t\xf3\x95\x0dq\xae\xe1\xc4\xc6 \xcd\
w\x0c\x86\x98\x16\xf8H\xe9)\xf9h\x1e\x1fX[E\
3\x86\x96\xde\xc6\xb6\x116g\xd6\xc4\xf12;\xe3@\
\xe3c\xbc\x8fI+\xdd\xe6?T.`\xadXm\xf5\
:\x0f\x17pA\xfb~z<\xb5^\xcd5(\x17K\
\xd2T6R\x81\x8d\xe4\x95\x03\xd0\xbcd\xe0\xe3\xe8\xcf\
\xfc\x8d\x8f\xd3~\xc9\x07\xc4U\x82\x19\x88\xff\xf3\x86\x89\
\x0d_z\x1bv\xf1\x14\xcf\xc60\xb4l\xed\x10\xd8\xaf\
\xbe.\xe6#\xc8\xd0\x96\xa0?xb\xc3.\xd7X\xf9\
\xc6p>\xd7\xe0\xd8\x00.\xd6`\x01#\xab\x07\xa2\xa4\
\x15\x03\xd0\x9c\xc4'\xd0>\xc2G\x8a\xe4\xc3K>\xe8\
\xbb\x864\xbd \xca5\x1c{\xe26l\xa4q~c\
\xa8\xb6\x9fZ-~\xed \x94\xb8\xbc\x8f{\xf9\xd8\xf2\
$\xab\x17\xbc\x8b\xa7\xfe\xc5\x86\x0dk\xaeaf#e\
\xd5\x00\xb4xY?4'\xa9;\xda\xe7\x7f\xf1\x95\x1f\
\xf31J4\x03\xf1''\xbf\xe1\xa9\xb7\xc1\xf9\x8e\x8d\
L=^\xdfO\xd8\xc3\xb4\x81h\xd1\xb2\xde\xa8\xbe}\
fI\xfd\x8d\x0f\xac?9\xe7\xe1v\xb9\xc6P\x01\x1b\
\x83T6VS6\xb0\xef\xe8\x8f\x12As\x12\xbbK\
\xff\xd1b>F.r\x9a}\xf0\x9a\x0d\xfdy\xc7<\
\xebp->\x1d?\xd7\x06\xa2\x85\x98\x8f\xe3\xd2\x7fh\
Zh]\xc3'\x05l\x0c\xe3\xeb\xb7z\xbea\xf2\x1b\
\x1c\x1b\x03T>\x96\x83\xffX\xd4M\xf2\xe13\x1f\xa3\
\xcc\xbd\xdd\xce\xa0?\x98\xeb\xb7v\xbd+\xa7~\x95\xb1\
\x9fj\x0c\xb0L{\xbe\xa5\xacVk\xf1\xed4+\xe7\
\x17|\xc0z\xb1\xea\x0cz\xdb:\x7fk\x9d\xa3\x12\xd5\
\xa8t\x9fA\xd8P\xb9\xc0\xf98\xe6\x82\x08\xd8X\xbc\
\xb4\x0f\x9a\xb5\xe8q\xe0\xe3y\xc9G3\xf8X\xbbm\
$\xa3\x11\x1b}\xad\xdf\xaea\xea\xb7F\xafJ\xdb\xcb\
\xb5\x98\x8d\xc1\xfa>&C<\xbc \xa5':\xf0\xe6\
\x0b\xed\x11\x0b\xfb#\x1fX]\x81\x8d&k..\xce\
\xc3\x97Y\xd8\xe0\xe3\xa9$\xcc\x07\x16\xb0\x81}\xc7\x22\
\xe0c\xe6\x82\xc7Q\xdd\x11\xe9?\x9a\xc7\x07W\x9b\x9f\
\xeaK\x1e\xbeF\xd0\xab\xd2\xfd\x06\xe3\xff\xe9\xf3-y\
e\x7f47\xa9\x87\xeb\xf9\xc0\xe7\xf1Y\xc1\x1a^1\
\xfb\x0dq\x8d\x8a\xe9m0l\xa4\x0a\xd8 \xbecY\
_\xb4pI\x1f\x04\x9f=\xe0C\xfa\x8fV\xe0\xe3\xbb\
\x9ef\x1e\xc4q\xf2P\xcb\xcc\xe82\xb6\xde\x88\xe3b\
\xd8C\xfc<\x93|<\x89y0i\xf8v>\xa6\xb2\
\xcf5\xb85\xb5\x89\xa9\x125-^\xda\x17\xfcu\x1f\
4}\xde\xa3\x92\x8f\x16\xf0a\xea]\xcdw\xca\xc3\xd7\
\xd8\x9cQ3\xf7\xa9\xd8\x9cQ\xdd\xbf\x01\xe4y\x86k\
\xf1\xed4K\xea_|l\x1c\xc6j\x8cu\xc6p\x08\
\xd7\xdb\xe0s\x8dA\xb6\x5c,^\xde\x97\xac\xf3\x22`\
cajo4?\xb9'z\x1d\xf8\xa8=,\xf9h\
\x11\x1f[\x82X\xbd\xe7\xd8\xdb\x10\xc5\xc8\xeb\x8c\xd88\
\x95}\xbe1{\x88s\xc5\xd9\x8b\xbb\xb5\xd7\xac\x83\xdf\
\xf1\x01>\x97\xd5\xbb\xec\x5c\xfa\x0aa\xae\xa1\xc6\xa9j\
\xac:\xc0\x88\xa9\xb4:U\x22ec\x09f\xa3\x8f\xc6\
Go\xf4\xea\xdc\xc7\x08\x1f\x97\xae\xfb\x15\x1f\xefv,\
>\xb8\xbac\x883\x1bCm\xd9X\x82\xeb\xb8\xab\x07\
\xf3{\xa8=\xdfp\xae8k!\xf0qT\xf2\x01\xeb\
\xa7\x80\xafP`\xfd\xa8\xc6\xd3\x98j9\xb3\x9e\x96\x5c\
\x83\xac+\x93o\xd0\x5c\x03\xb3\xb1\x94gc\x01hn\
\x12\xf01\xe7\x87\xc0\xc7O%\x1f\xad\xc7\x07\xd6'\xe6\
\xf9t\xbe\xb71L0\xfb\x83\xf7q\x88\xe5\xf9F\xfd\
>\xde7\x9c+\xee?\xd6.\xb5\x14?\xe5c\x88&\
\xcc\xc8\x90\x8fV\x98\xd8P\xe3T#\x0f\xe7\xfc\x86\xc6\
\x86Z\xa7\x026R\xd5\x98\x8aj>\xe4\x1es\x12{\
\xa0Wf\xffP\xfa\x8fV\xe0\xc3Tw\x9cjw\xbe\
\xd9\x1c#\x1b\xfb8D\x8b\x8d\xf9=\xc4l\xe0\xe7\xda\
\xfc\xe4^\xc0\xc7cZ|%\xf9\xc0|\x80\xafP\xe0\
\xf9B\x95\xb0<]0K\x85\xe3T\xdb\x98\xaa\x1f\x13\
S\x19l\xe0\xbc|\x1e\xac\xf7\x9c\xc5=\xd1\xcb\x92\x8f\
V\xe3c\x0d\xafRk\xdfo(\xd7\xf7S\xfd\xff \
\xbdFEs\xf1$f\xefp\x8d\x11\xef\xd9<\x92+\
>\xa6\xf5re|E\xf8\x00.\x96\xa6\x0dR`\x1d\
\xa9\x8aRM\xb3\x22\x5c\x9cJ\xfb~\x5c\x1en\xc4S\
\x0bR`\x9d\xb10\x1bI\xbd\xd0,\xcc\xc7\xccGP\
\xed!\xbf\x8b\xaf\xcetD>,\xb5\xc7\x8d\xc3\xbe4\
\xf76,\xf3\xa2Z=\x85\xf5\x19|\xae\x08\xbe\x1e\xf6\
pNRO\x88\x85\x1fm\xafY\x07\xbf\xe5\x03\xf2o\
\xd0`]\xc0\xc6?h\xae\xc1\xad+[\xa7Zf\xcd\
5\xe6k>c\x1ep1\x174'\xb1\x17\x9a\xbd\xb0\
;z\x09\xf8\xa8\xf1?\xff\xd11\xf9\xe0\xeb\x8eXo\
\xb13\x0e\xcb\xd7\xb1l\x0c!\xcf9\xf3\x1e\xeal\xd0\
\xbd#\xcf\xb3\xde\xe0\xeb!\x16\x06>\xea$\x1f\x1c\x1f\
\xe0\x7fy\xad\x1ex\xca.\x0fOd\xe2Us\xae\xc1\
\xb1\x91\xa4\xc6V\xb3`\xcd\x7f\x8e\xf98$\xf9h\x0d\
>V\x91\xba\xa3!\xd8\xc34\xb6We\xc4TC\x8c\
\xbe\xf8\x8a\x01\xdc\xf3\xcd`\xa3\x97\x16W\xf5&{\x86\
}=\xce\x15\xdbi\xd6\xc1\xbf\xf9X=\x90\xd5js\
\xae\xc1\xfa\x8d\xc5LL\xc5\xe6\x1a\xf3(\x17\xc4w\xf4\
D\xb3a\xbdg.\xea\x81^\x9c\x8e\xf9\x90\xf1Uk\
\xf1Aj)\xeb\xa8\x86\x0c\xa0wa\xa8\xbd\x8dA\xcc\
<\xdc\x00`\xa3?W\x7f_\xb4\xac/\xb3o\x9a\xdf\
\xd0\xf6k\xd6\x22\xec\xeb!Wl\x9f^\xee8\x7f\xe6\
\x03r6V\xfd\xd9|C\x8f\xa7H\xfd\xb6\x8f\x11S\
\xa5\xa8\xfd\x0d\x9ak\xd0u\xc6~Ce\xa3'\x9a\xbe\
\xa0;\x9a\xf6\xfa\x0fP\xf5\xc1\xe7\xfc\x8d\x8f\x86\x8e\x19\
_\x0d'|,K\x1f\xcc\xaa\xd8<\xd7 \xaa\xdf\xb2\
\xf1\xf0<\xfcL\xd3\xe3\xe0\x9eD3!\x16\xfe9\xf0\
\xb1\xef\xe84t\xa9\xed\xf9x\xd2\xff\xf9\xe8\xcfj\xaf\
]\xae\xa1\xc7S\xf8\xf9c\x8a\xa7\x88\xdf \xcf\x22\xd5\
wL\x9f\x0fk>\xfda\x7f\xac_\xbd\xd3\x91\xf9\xc0\
\xb5\x94%\xc0\x86\xaaA\xdd\xf5Z\xa3h\x86\x9a\x8b\x87\
{\xa9{\xc7\xec\xdbl\x12\x07Cn>\xb7\x1b<\xcf\
\x9e@\xc7OOG\xe7?Lj\xcb\xbd\xb8\x0dz\xd0\
\x9f\xf9\x80\x18U\x01\x16\x94$C\xdd\xf4\xe7\x8e9\x9e\
J\xedC\xfc\xb2'6f.\xec\x81^\x9b\xf3\x18\xe8\
Qt\xec\xedW\xd1\x85kI\xfe\xc4GqG\xe7\x03\
x`u\xc4\x98\x17\xe1cb:\xebC\xf7n\xae%\
GT\xf7k\xda\xeb\xdf\x87\xff\xcd@\xc2\xc6\xd9+\x8b\
\xdar/>\xa3\xef>\xf4[>V\xaa|\x80\xaf`\
U\xb9X\xc4\x86\xf6\xfc1b*\xf5\x19\xc4\xb1A\xf8\
\xe8\x8e^x\xedA\xc8W\x06 |\xdfX\x1b\xaf\xb9\
'\xcd\xee\xd8|\x0cVRV\xab\xfb\x96\xbc\x8a\xe8!\
\xf8\xfe\xba\xc1\x05_\xbf%\xb1pJo#\x9e\xd2b\
`\xca\xc6\xf4y\xdd\xd0O_z\x00\x95\xd6>\x83\xae\
\xffve[\xefEY\x87\xe0cE?\x05\x9e5\x0a\
\xf0@u?\xe8*\xbb\xbe\xb4\xd6!\xca5\x0c.@\
\xe0\xa7\xa7\xcf{\x1c=\xfb\xe2\x03\xa8\xb8\xfa\xe9\xf6X\
s'\xfd\x06t\x7f \xf0a\x8a\x89\x1f\x006\x9a\xf4\
Y\x1f\xae~\xcb\xfb\x0c\xf6Y6\x0b\x9ec?\xfa\xb7\
.hK\xf6D\xf4\xab\xffL\x83\xf5Y\xd0\xd6\xfb\x11\
\xd6\x91\xf8X\x90\xda\x1b\xd8\xd0u\xff\x82\x94>\xb7\xe7\
%\x9b\xd6\x98\xb2\xc1\xf9\x0c5\xc7\x83\xcf\x17\x9a9\xbf\
\x1b\xfa\xd9\xab\xdfG\x1b2C`\xcd\xd7\xf8\x13\x1bX\
=\xe9~tt>\x12\x97\xf7'~\x9f\x0a\xd8\xa8e\
\xd9`\xeb\xb7l]\x91\x8d\x81q~8'\xb17\xc9\
\x0f?\xf8$\x155\x5cjS>>d\xde+\xdd1\
\xf8H\xe9\xad@\x0e\xa7\x0b\xf2\xf0Z.\xd7\xb0<\x83\
z\xaa>\x83a\x03\xff\xf9\x85\xe9? 9\xc7\x07\x9f\
,i\xeb5wR\x22\xbb\x1f\x1d\xde\x7f\x00\x1fx\xcf\
\x18E\x1a\xf1p\x1f\x92\x8bs\xcf4\x93\xdf\x98\xb5\xf0\
\x09\xf4\xfc+\xdfC\xa7\xcf\xcf#>\xfe\xcc\xc5\xf9m\
\xb9\x17\x7f\x00=\xd0\x11\xf9\x00_\xa1\x0b\xd67|.\
\x93k\xcc\xb1\xc95\xf09\xda\x99\xf3\x9f@3\x16t\
G\xcfL\xbb\x1fm\xdb\x19\x86>\xfe\xdd\xaa\xb6^s\
'\xe5\xb3{\x110|,\xe9\xcb\x09\xd8X\xaf\xcf3\
\x98\xeb'Z\xbe1\x0b\xf4\xf2\x8c\x87I\x5c\xb5\xab(\
\x1e}\xf2\xfb\xd5m\xbdOgh\xcd\xaa#\xf2\x01<\
p\x825^i\xcfF\x0f\xd5o\x00\x17?\x9f\xf1\x08\
Jx\xb6\x0b\xfcwz\x91\x19\xb73\x17\xfd\xc6o\x9c\
5\xefE\x00\xf3\x01~\xbfw\x7f\xd8\xb7\xb9\xb0g\xfb\
\x80\x89\xff\x02\xdd\xa6\xfb\x85\xfdF\xf2\xcaA(cw\
\x04:\xf2\xd6+\xe8\x22\xc4Uw\xd0\xbf7\x81\xbe\x06\
\xfdE\xcb\xfbrA\xc1\xa2\xbd\xe8\xe0|(\xc0F?\
X\xe7\xb9\xc0F=0\xf1\x7fU\x9f\xf1\x04a\x03\xfb\
\x8c\xc4\xe5\x83\xd0\xd6]\xe1\xe8\xd0\xa9\x97I,{\xf6\
\xca\xe2\xf6\xe4\xe1\xef\xa0\xeb\xa0\x1a\xd0,\xd0\xf7\x5c\xc6\
\x872\x17|?\xf0\xa1\xc0\x9eM\x82\xfd\xda<ca\
\xf7\x5c\xd8\xa3\xbc\xa2\xca\xa7r\xdf\xff`Q.\xe4\xe2\
\xb9\x10\xfb\xe6\x02\x1b\xbba-X\xed\x02\xed\x04\xe50\
\xca6)\x0b\x94\x09\xca`\xb4\xc3\xa4\xed\xa0m\xa0\xb5\
\xa0\xd7A#\xed\xb8\x08\x10>\xf0Z+\xc0\x87\x02\xeb\
\xfd\xe3\x19\x0b\xbae\xcd\x98\xffX\xfe\xa2\xa5\xfd\xf3\x0a\
\xcb\x9f\xda\xf3\xfe\x07\x0b\xf3`\xcd\xf3\xae\xfcrI\x1e\
\xacy\x1e\xfc\xbe\xed%\xfc\x8cJ\x06\x0d\xf4\xb4\x1fN\
|HIIIIIIIIIIIIII\
\xb5\xbbD\xffiLS\x14;\xdbM\x07[\xba\x83M\
\xb1\xb75:\xd8n:\xd8\xd2\xedmM\x8a\xbd\xad\xd1\
\xc1v\xd3\xc1v\xc3\xde\x06\xff\x9c\xad\xad\xd1\xc1v\xd3\
\xc1\xd6`o\xc3\xff\x9c\x9d\xed\x96\x83\xed\xa6\xb4I\x9b\
\xb49\xdb\xd2\xc3mmMJW[[\xa3\xd2\xc5\xd6\
v\xd3\xc1vC\xb9\xcb\xce\x06\x98w\xb2\xb35:\xd8\
n\xd2?\x09l\x0d\xf66\xf5\xa9\x22\xb6\x91\xa7J\xb8\
\xd8v\xd3\xc1\xd6\xe0`K\xb7\xb7\x91\x7fN\xe9)\xb4\
\x91\xbfP7\xc2b\xbb\xe1`Kw\xb0\x11\x93\xbaI\
6\xb6\xbb|\xb55y\xb6uj\xa6Mi\xae-\xcd\
\xc1\x16~\x07l=\xef\x80\xadk3m]\x1clw\
\x99l\xe1\xf6\xb6F\xd6\xd6\x89\xb7\xdd\xecioK\xef\
jkS\x9f*b[#gS8\x9b\xfaT\x11\xdb\
n\xf0\xb64\xc6\xd6\xa4\xf0\xb6p\xc6\xd6\xa8\xfe\xbeB\
\xdbM\x93\xad'ckP\x7fnl\xbb\xdblKW\
\x7f6\xdd\xd6\x95\xff\xdfQ\xdb\xbd\x22[\x9a\x97\xb6.\
\x8c\xed\x86\xfas{\xb2u\xd16\x97\xfd\xfdt[\xba\
\x07['\xc6vK\xfd}\x89\xadA`\xeb\xca\xd8\x14\
~\xadu\xdb\x0d\x81\xad\x8b\xb7\xb64no\xf1\xcfM\
l\xdac\xd9\xf8L0\xb6[\x9el=y[';\
[\xbaak\x14\xd8\x14\xd6\xd6\x95\xb15\x18\xb6&\xb3\
\xed\x06\xf9\x9d\x88\x0dy\xb2u1\xd9\xc2\x19\xdb]\x1c\
+\xf8gSm\xe9\x1el\x9d\x18\xdb-\xc6\xd6\xe0\xc1\
\xa6p\xdc\xe2\x9f[\xb5\xdd\x10\xd8\xba\xb0\xb64\xf6Y\
`\xd8n\x0alwyk\x0bg\x9e=\xe4\xe7Vm\
\xb7<\xd9z\xb2\xcf,\xc3\xd6\xe8\xc9\xd6\x95\xb15\xf0\
\xbf\x89\xf6QTmd\x03U\x1b\xf2\xd5\x16\xee`\xeb\
\xa9\xd9\xc8\xe6\xb2\xcfd\x1fl\x9d\x18\x1b!W\xb35\
x\xb0)\xac\x7f`lds\x17\x1b6\xfd\xe3N\x1f\
IN\xb6 \xc6\x1f\xe1\x9f[\xb3\xdd\x12\xd8:yk\
{\x90\xb1\xa5k\x8f\x0b\x0f\xb6FO6\x85\xb1\xe1\xc5\
Xc<\x9e8\xdb\x0d\xc3\x86|\xb1\xe1\xc5\x08\xd3l\
\xe9\x02[\x0f/l\x0d&\x1b\xfe\x85\x1fh\x86\xad\x91\
\xb1\xdd\x10\xd8\xee\xb5\xb151\xb6\x9b\x02[g\x1b\x1b\
bl\xb7\x046\xc5\xce\x96n\xd8\x1a[\xcb\xd6`\xd8\
\x9a\xcc\xb6\x1bL\x00\xed\x8b\xed&cKo%\xdb-\
\xc6\xd6\xe0`\xbb\xe1\x83\xad\xd1\xc1\xd6dN\x1e\xbc\xb4\
\xb1I\xc7-_l\xe9\x86\xad\xd1lk0lMm\
a\xbba\xd8\x90/6&\x89\xa3\x1b\xe8\x95\xed\x16c\
\xd36\x17Q[\xa3\x914j\xffv'\x07\xdb]\xba\
\xadI\xcfc\xe8\xbf\xddE\xb7!=\xa7\xa2\xff6c\
\xbbA\xf3;\xfa\xdf\x0bG\xf6\xf5O\xd4\x1e\xb6\xff\x0f\
b\x01\xdb7\
"

qt_resource_name = b"\
\x00\x06\
\x07\x03}\xc3\
\x00i\
\x00m\x00a\x00g\x00e\x00s\
\x00\x09\
\x08\x97\xa2\x07\
\x00s\
\x00t\x00a\x00r\x00t\x00.\x00p\x00n\x00g\
\x00\x08\
\x0aaB\x7f\
\x00i\
\x00c\x00o\x00n\x00.\x00i\x00c\x00o\
\x00\x08\
\x0bcX\x07\
\x00s\
\x00t\x00o\x00p\x00.\x00p\x00n\x00g\
\x00\x0a\
\x08\x94`G\
\x00s\
\x00e\x00a\x00r\x00c\x00h\x00.\x00p\x00n\x00g\
\x00\x0c\
\x0b\xdf!G\
\x00s\
\x00e\x00t\x00t\x00i\x00n\x00g\x00s\x00.\x00p\x00n\x00g\
\x00\x08\
\x05\xe2A\xff\
\x00l\
\x00o\x00g\x00o\x00.\x00i\x00c\x00o\
"

qt_resource_struct = b"\
\x00\x00\x00\x00\x00\x02\x00\x00\x00\x01\x00\x00\x00\x01\
\x00\x00\x00\x00\x00\x00\x00\x00\
\x00\x00\x00\x00\x00\x02\x00\x00\x00\x06\x00\x00\x00\x02\
\x00\x00\x00\x00\x00\x00\x00\x00\
\x00\x00\x00\x8e\x00\x01\x00\x00\x00\x01\x00\x00\xf3a\
\x00\x00\x01\x9e\xb1`)\x90\
\x00\x00\x00V\x00\x00\x00\x00\x00\x01\x00\x00e[\
\x00\x00\x01\xa0\xedB>\x1c\
\x00\x00\x00\x12\x00\x00\x00\x00\x00\x01\x00\x00\x00\x00\
\x00\x00\x01\xa0\xedB\xe6\x19\
\x00\x00\x00*\x00\x01\x00\x00\x00\x01\x00\x00*\x0b\
\x00\x00\x01\xa0a*\x1a\xd9\
\x00\x00\x00@\x00\x00\x00\x00\x00\x01\x00\x00K\xa6\
\x00\x00\x01\xa0\xf1uJ\xb2\
\x00\x00\x00p\x00\x00\x00\x00\x00\x01\x00\x00\x90I\
\x00\x00\x01\xa0\xedAD\xb0\
"

def qInitResources():
    QtCore.qRegisterResourceData(0x03, qt_resource_struct, qt_resource_name, qt_resource_data)

def qCleanupResources():
    QtCore.qUnregisterResourceData(0x03, qt_resource_struct, qt_resource_name, qt_resource_data)

qInitResources()
